0	0.06879672078766148	[0.04179189139399131, 0.03570902700378967, 0.03978764976957949, 0.1075378357695211, 0.11253966124465145]
0	0.07774025872916596	[0.05248698777245151, 0.03985503176316573, 0.04375797372981697, 0.1175540580778755, 0.12747019690932004]
0	0.0692071877336435	[0.044079923015249815, 0.03353826831214438, 0.037947059364935254, 0.10781884809380413, 0.11551805599778407]
0	0.0692071877336435	[0.044079923015249815, 0.03353826831214438, 0.037947059364935254, 0.10781884809380413, 0.11551805599778407]
0	0.0692071877336435	[0.044079923015249815, 0.03353826831214438, 0.037947059364935254, 0.10781884809380413, 0.11551805599778407]
0	0.07435046186531703	[0.05098185909482096, 0.0403585584158174, 0.04276333771515145, 0.11039802268175275, 0.12045215072914271]
0	0.07975713684358354	[0.05316437390759143, 0.04313213305057595, 0.04633657652968777, 0.11832817594335023, 0.1304994240281108]
0	0.0898984237050368	[0.060318369404314266, 0.05567689245292879, 0.051627102117748, 0.12734855109269083, 0.14767689720708044]
0	0.09022486756820804	[0.059550458716604096, 0.05368095630766913, 0.05172160961923352, 0.12922441922062478, 0.14963811172480085]
0	0.08760169309129175	[0.058689913159194515, 0.05648330931165621, 0.0501678490630271, 0.12141268629162243, 0.14503103087503147]
0	0.08760169309129175	[0.058689913159194515, 0.05648330931165621, 0.0501678490630271, 0.12141268629162243, 0.14503103087503147]
0	0.08931350109833638	[0.05654721505179613, 0.05860645127721066, 0.05421899531313512, 0.12388630322625094, 0.14716713065906395]
0	0.08941606621820225	[0.05763706724460714, 0.05655186135672633, 0.05291901676271002, 0.12888535375724436, 0.14451419099742827]
0	0.09078226452551096	[0.06447568637396581, 0.05854538567238924, 0.05200301099910044, 0.126554451686521, 0.14588541212495398]
0	0.09028766469512173	[0.06479310712839634, 0.056533431362676315, 0.05226482630366345, 0.12604892987179753, 0.145047182142586]
0	0.09286194821197871	[0.06856717671127255, 0.06004908394652818, 0.05115349902249581, 0.12814239416575962, 0.14983501436074723]
0	0.09280113092409197	[0.06860708291202798, 0.05904793691672076, 0.05036917880028281, 0.12607777051830094, 0.15315304667165303]
0	0.09311933912111316	[0.06813968952571789, 0.05852458633762289, 0.05204687335269436, 0.12607158518812625, 0.1538950106447064]
0	0.09251433694109906	[0.06532384031719837, 0.06047507659689225, 0.053497349298069825, 0.1269251439458417, 0.14994242247865178]
0	0.09057008967790371	[0.06746355385096543, 0.05531060625879286, 0.052225351631262046, 0.12484310775957087, 0.1459559322051052]
0	0.09057008967790371	[0.06746355385096543, 0.05531060625879286, 0.052225351631262046, 0.12484310775957087, 0.1459559322051052]
0	0.09057008967790371	[0.06746355385096543, 0.05531060625879286, 0.052225351631262046, 0.12484310775957087, 0.1459559322051052]
0	0.09057008967790371	[0.06746355385096543, 0.05531060625879286, 0.052225351631262046, 0.12484310775957087, 0.1459559322051052]
0	0.09057008967790371	[0.06746355385096543, 0.05531060625879286, 0.052225351631262046, 0.12484310775957087, 0.1459559322051052]
0	0.09057008967790371	[0.06746355385096543, 0.05531060625879286, 0.052225351631262046, 0.12484310775957087, 0.1459559322051052]
0	0.09057008967790371	[0.06746355385096543, 0.05531060625879286, 0.052225351631262046, 0.12484310775957087, 0.1459559322051052]
0	0.09057008967790371	[0.06746355385096543, 0.05531060625879286, 0.052225351631262046, 0.12484310775957087, 0.1459559322051052]
0	0.09057008967790371	[0.06746355385096543, 0.05531060625879286, 0.052225351631262046, 0.12484310775957087, 0.1459559322051052]
0	0.09057008967790371	[0.06746355385096543, 0.05531060625879286, 0.052225351631262046, 0.12484310775957087, 0.1459559322051052]
0	0.091891073817093	[0.06698096060516116, 0.05839765270890149, 0.04855577600555813, 0.12785745656259684, 0.150964838981609]
0	0.09446287225637973	[0.07063121353945331, 0.054850117381410934, 0.05130380291048849, 0.13066467375322222, 0.15694200272232994]
0	0.09153843888603681	[0.06726019823962363, 0.054700789683252746, 0.05162529182415087, 0.12650607513320875, 0.15023230970939122]
0	0.09271998898909573	[0.06625018402752196, 0.061127877826090006, 0.05167222410839649, 0.12751689765052707, 0.15071433910034196]
0	0.09367218030435377	[0.0724194521073719, 0.05975958277582231, 0.05117308140061896, 0.12917897047767946, 0.14904729525456997]
0	0.0930120176539391	[0.06873437123892995, 0.06076762440209755, 0.051321795213379755, 0.13110676405272517, 0.14668065471219477]
0	0.0930120176539391	[0.06873437123892995, 0.06076762440209755, 0.051321795213379755, 0.13110676405272517, 0.14668065471219477]
0	0.09391142313976777	[0.06730645868633303, 0.06108949315160634, 0.05421614114512453, 0.1298436573217035, 0.1505369793964391]
0	0.09391142313976777	[0.06730645868633303, 0.06108949315160634, 0.05421614114512453, 0.1298436573217035, 0.1505369793964391]
0	0.09391142313976777	[0.06730645868633303, 0.06108949315160634, 0.05421614114512453, 0.1298436573217035, 0.1505369793964391]
0	0.09329849133728327	[0.0685398875335071, 0.0601603859055451, 0.05111913694096027, 0.13025070506232084, 0.14979472015773537]
0	0.0934076953509332	[0.06926805117615392, 0.06016368243401509, 0.052586741428318165, 0.12807922583601164, 0.15029197329678345]
0	0.09717375032423242	[0.07011774532847283, 0.06059348171449344, 0.05617849930316065, 0.13222337057294406, 0.15943960098014334]
0	0.09492997179017432	[0.06929353274993057, 0.06234843537713416, 0.050846155996059614, 0.12699816664225055, 0.1586472609028887]
0	0.09251783315507733	[0.06538239258735902, 0.06290330954395458, 0.05172698801351012, 0.12621825149422217, 0.15043531941411628]
0	0.09251783315507733	[0.06538239258735902, 0.06290330954395458, 0.05172698801351012, 0.12621825149422217, 0.15043531941411628]
0	0.09251783315507733	[0.06538239258735902, 0.06290330954395458, 0.05172698801351012, 0.12621825149422217, 0.15043531941411628]
0	0.09251783315507733	[0.06538239258735902, 0.06290330954395458, 0.05172698801351012, 0.12621825149422217, 0.15043531941411628]
0	0.08228598704330219	[0.057917880856125425, 0.04505228914707932, 0.050228436573650496, 0.12085796840433187, 0.1299266206560792]
0	0.08228598704330219	[0.057917880856125425, 0.04505228914707932, 0.050228436573650496, 0.12085796840433187, 0.1299266206560792]
0	0.08045297855599738	[0.05494895152453382, 0.03645016726448234, 0.04734110960012479, 0.12194131558873816, 0.1327827865438048]
0	0.08045297855599738	[0.05494895152453382, 0.03645016726448234, 0.04734110960012479, 0.12194131558873816, 0.1327827865438048]
0	0.08045297855599738	[0.05494895152453382, 0.03645016726448234, 0.04734110960012479, 0.12194131558873816, 0.1327827865438048]
0	0.08045297855599738	[0.05494895152453382, 0.03645016726448234, 0.04734110960012479, 0.12194131558873816, 0.1327827865438048]
0	0.08045297855599738	[0.05494895152453382, 0.03645016726448234, 0.04734110960012479, 0.12194131558873816, 0.1327827865438048]
0	0.08045297855599738	[0.05494895152453382, 0.03645016726448234, 0.04734110960012479, 0.12194131558873816, 0.1327827865438048]
0	0.08045297855599738	[0.05494895152453382, 0.03645016726448234, 0.04734110960012479, 0.12194131558873816, 0.1327827865438048]
0	0.08045297855599738	[0.05494895152453382, 0.03645016726448234, 0.04734110960012479, 0.12194131558873816, 0.1327827865438048]
0	0.08045297855599738	[0.05494895152453382, 0.03645016726448234, 0.04734110960012479, 0.12194131558873816, 0.1327827865438048]
0	0.08045297855599738	[0.05494895152453382, 0.03645016726448234, 0.04734110960012479, 0.12194131558873816, 0.1327827865438048]
0	0.08045297855599738	[0.05494895152453382, 0.03645016726448234, 0.04734110960012479, 0.12194131558873816, 0.1327827865438048]
0	0.08045297855599738	[0.05494895152453382, 0.03645016726448234, 0.04734110960012479, 0.12194131558873816, 0.1327827865438048]
0	0.08045297855599738	[0.05494895152453382, 0.03645016726448234, 0.04734110960012479, 0.12194131558873816, 0.1327827865438048]
0	0.07791815731431055	[0.05409812595937203, 0.034332345613316016, 0.04499356213866227, 0.1197689047924623, 0.12768068572754118]
0	0.07791815731431055	[0.05409812595937203, 0.034332345613316016, 0.04499356213866227, 0.1197689047924623, 0.12768068572754118]
0	0.07791815731431055	[0.05409812595937203, 0.034332345613316016, 0.04499356213866227, 0.1197689047924623, 0.12768068572754118]
0	0.07615331785658501	[0.05215526624474078, 0.031792340341888506, 0.04390275737774547, 0.11919807756292815, 0.12484595225268286]
0	0.07615331785658501	[0.05215526624474078, 0.031792340341888506, 0.04390275737774547, 0.11919807756292815, 0.12484595225268286]
0	0.08780966166555898	[0.06244061446636761, 0.04895989276062593, 0.05043997690666938, 0.1245998840775182, 0.14483798633562708]
0	0.08421268435819733	[0.057148956109770596, 0.04304628711934951, 0.049764620221531615, 0.12361015776136133, 0.13926012113120398]
0	0.08000453289117263	[0.054266713409103336, 0.039162699561549635, 0.04630566799836534, 0.12181080481984215, 0.13030841200107812]
0	0.0772477185813791	[0.052325969732534616, 0.03252286856119016, 0.04649760549954621, 0.11877710203017171, 0.12717007707941505]
0	0.0756498347374697	[0.050879403236444035, 0.032173199708013946, 0.043343939661734214, 0.1185408208913575, 0.12461648318390761]
0	0.07271470766323862	[0.04946926542443524, 0.031131965755746942, 0.040136368349551935, 0.11373634170805282, 0.12078304869690781]
0	0.06739690450860382	[0.04640343992053475, 0.027929182700521735, 0.036573116746654304, 0.10659600825727641, 0.11158923055641545]
0	0.06656036434973772	[0.04622981627713832, 0.02761259538069357, 0.035501621610068895, 0.10574915585477918, 0.10991907883219984]
0	0.09249673230110077	[0.06686542192454638, 0.06009229214668383, 0.051433227803758856, 0.1269138884104101, 0.15069794318922133]
0	0.09097917256871753	[0.06526291785587272, 0.05393248176808965, 0.0521784204685442, 0.12756095540667178, 0.1485517491842837]
0	0.08811577799882885	[0.061275511203896474, 0.05269023800991473, 0.04940559898068021, 0.12762536554215065, 0.1424970682597194]
0	0.08811577799882885	[0.061275511203896474, 0.05269023800991473, 0.04940559898068021, 0.12762536554215065, 0.1424970682597194]
0	0.08811577799882885	[0.061275511203896474, 0.05269023800991473, 0.04940559898068021, 0.12762536554215065, 0.1424970682597194]
0	0.08811577799882885	[0.061275511203896474, 0.05269023800991473, 0.04940559898068021, 0.12762536554215065, 0.1424970682597194]
1	0.0818861645163472	[0.05897777999655145, 0.04895449055079967, 0.04851168697049061, 0.11547613291957537, 0.1309243973512094]
1	0.08195475672257665	[0.059645386691042655, 0.04955135199900619, 0.04775252458105543, 0.11557247213651149, 0.13077136726055338]
1	0.08475957008876099	[0.05886418853803158, 0.05555318627960373, 0.046950056922159374, 0.11698624948935965, 0.13960289245281912]
1	0.08475957008876099	[0.05886418853803158, 0.05555318627960373, 0.046950056922159374, 0.11698624948935965, 0.13960289245281912]
1	0.08475957008876099	[0.05886418853803158, 0.05555318627960373, 0.046950056922159374, 0.11698624948935965, 0.13960289245281912]
1	0.07649417617846499	[0.05254934399995639, 0.041938900344177854, 0.043398587576232675, 0.11476094228964959, 0.12291205151545107]
1	0.07702400329233733	[0.05333769074663032, 0.043333047876214704, 0.043086583623228945, 0.11349702280816211, 0.12512748032422596]
1	0.07702400329233733	[0.05333769074663032, 0.043333047876214704, 0.043086583623228945, 0.11349702280816211, 0.12512748032422596]
1	0.07702400329233733	[0.05333769074663032, 0.043333047876214704, 0.043086583623228945, 0.11349702280816211, 0.12512748032422596]
1	0.07578447940868825	[0.052174022655936306, 0.04615995958050745, 0.04354412408717008, 0.11335117325928097, 0.11776821349491018]
1	0.07601595202078366	[0.05354221981370792, 0.04444327308792332, 0.042510567530267246, 0.11524570809847094, 0.1180234557869768]
1	0.07760489426281396	[0.05441986289944825, 0.044718531021337014, 0.043711729128776924, 0.11557953975466846, 0.1230175358615438]
1	0.07540260337162544	[0.05200309716715107, 0.042263611559443914, 0.041116032677943795, 0.11447095163049915, 0.1205315254606529]
1	0.0740226033162851	[0.05074656482539665, 0.039390774679538575, 0.04220898835860364, 0.11508930388584739, 0.1157510191046899]
1	0.07293073178833477	[0.04940905080047886, 0.0401935888643207, 0.0424293976135621, 0.11389127464918651, 0.11218291842932285]
1	0.06584807262318239	[0.04580112072173551, 0.03665225026211692, 0.03629116923288001, 0.10099318123715421, 0.10366347718981217]
1	0.06584807262318239	[0.04580112072173551, 0.03665225026211692, 0.03629116923288001, 0.10099318123715421, 0.10366347718981217]
1	0.06584807262318239	[0.04580112072173551, 0.03665225026211692, 0.03629116923288001, 0.10099318123715421, 0.10366347718981217]
1	0.06584807262318239	[0.04580112072173551, 0.03665225026211692, 0.03629116923288001, 0.10099318123715421, 0.10366347718981217]
1	0.06584807262318239	[0.04580112072173551, 0.03665225026211692, 0.03629116923288001, 0.10099318123715421, 0.10366347718981217]
1	0.06584807262318239	[0.04580112072173551, 0.03665225026211692, 0.03629116923288001, 0.10099318123715421, 0.10366347718981217]
1	0.06584807262318239	[0.04580112072173551, 0.03665225026211692, 0.03629116923288001, 0.10099318123715421, 0.10366347718981217]
1	0.07232216003254026	[0.05182218725721744, 0.04206882130464699, 0.03940063527394569, 0.10668847541522995, 0.11558001316608253]
1	0.07232216003254026	[0.05182218725721744, 0.04206882130464699, 0.03940063527394569, 0.10668847541522995, 0.11558001316608253]
1	0.07232216003254026	[0.05182218725721744, 0.04206882130464699, 0.03940063527394569, 0.10668847541522995, 0.11558001316608253]
1	0.07232216003254026	[0.05182218725721744, 0.04206882130464699, 0.03940063527394569, 0.10668847541522995, 0.11558001316608253]
1	0.07232216003254026	[0.05182218725721744, 0.04206882130464699, 0.03940063527394569, 0.10668847541522995, 0.11558001316608253]
1	0.07232216003254026	[0.05182218725721744, 0.04206882130464699, 0.03940063527394569, 0.10668847541522995, 0.11558001316608253]
1	0.07232216003254026	[0.05182218725721744, 0.04206882130464699, 0.03940063527394569, 0.10668847541522995, 0.11558001316608253]
1	0.07232216003254026	[0.05182218725721744, 0.04206882130464699, 0.03940063527394569, 0.10668847541522995, 0.11558001316608253]
1	0.07232216003254026	[0.05182218725721744, 0.04206882130464699, 0.03940063527394569, 0.10668847541522995, 0.11558001316608253]
1	0.07232216003254026	[0.05182218725721744, 0.04206882130464699, 0.03940063527394569, 0.10668847541522995, 0.11558001316608253]
1	0.07232216003254026	[0.05182218725721744, 0.04206882130464699, 0.03940063527394569, 0.10668847541522995, 0.11558001316608253]
1	0.07232216003254026	[0.05182218725721744, 0.04206882130464699, 0.03940063527394569, 0.10668847541522995, 0.11558001316608253]
1	0.07232216003254026	[0.05182218725721744, 0.04206882130464699, 0.03940063527394569, 0.10668847541522995, 0.11558001316608253]
1	0.07232216003254026	[0.05182218725721744, 0.04206882130464699, 0.03940063527394569, 0.10668847541522995, 0.11558001316608253]
1	0.07232216003254026	[0.05182218725721744, 0.04206882130464699, 0.03940063527394569, 0.10668847541522995, 0.11558001316608253]
1	0.07232216003254026	[0.05182218725721744, 0.04206882130464699, 0.03940063527394569, 0.10668847541522995, 0.11558001316608253]
1	0.07232216003254026	[0.05182218725721744, 0.04206882130464699, 0.03940063527394569, 0.10668847541522995, 0.11558001316608253]
1	0.07221177855156576	[0.051292356148539775, 0.04206882130464699, 0.03940063527394569, 0.10668847541522995, 0.11558001316608253]
1	0.07221177855156576	[0.051292356148539775, 0.04206882130464699, 0.03940063527394569, 0.10668847541522995, 0.11558001316608253]
1	0.07221179680152208	[0.05129244374833017, 0.04206882130464699, 0.03940063527394569, 0.10668847541522995, 0.11558001316608253]
1	0.07222364141480977	[0.05134929789211113, 0.04206882130464699, 0.03940063527394569, 0.10668847541522995, 0.11558001316608253]
1	0.07222364141480977	[0.05134929789211113, 0.04206882130464699, 0.03940063527394569, 0.10668847541522995, 0.11558001316608253]
1	0.07222364141480977	[0.05134929789211113, 0.04206882130464699, 0.03940063527394569, 0.10668847541522995, 0.11558001316608253]
1	0.07222364141480977	[0.05134929789211113, 0.04206882130464699, 0.03940063527394569, 0.10668847541522995, 0.11558001316608253]
1	0.08395469322040328	[0.06195956559788716, 0.047369009642123504, 0.049156493059179594, 0.11995800013495982, 0.13401326095221033]
1	0.08339901167600045	[0.05998416274044219, 0.05118124509221599, 0.04919299732165201, 0.11733987693737023, 0.1328532229715649]
1	0.08339901167600045	[0.05998416274044219, 0.05118124509221599, 0.04919299732165201, 0.11733987693737023, 0.1328532229715649]
1	0.08339901167600045	[0.05998416274044219, 0.05118124509221599, 0.04919299732165201, 0.11733987693737023, 0.1328532229715649]
1	0.49042756722152725	[0.6067089871866405, 0.6883765685665221, 0.7083657223459098, 0.12146180083948539, 0.3668145574380777]
1	0.2627167757202903	[0.43734625230539437, 0.2321335871003508, 0.24779761944172865, 0.12342499436592239, 0.26676478766406725]
1	0.27809745288852133	[0.4425734377711669, 0.25642543442297416, 0.27773192108122763, 0.12884397577801113, 0.28057809169611736]
1	0.27809745288852133	[0.4425734377711669, 0.25642543442297416, 0.27773192108122763, 0.12884397577801113, 0.28057809169611736]
1	0.27809745288852133	[0.4425734377711669, 0.25642543442297416, 0.27773192108122763, 0.12884397577801113, 0.28057809169611736]
1	0.27809745288852133	[0.4425734377711669, 0.25642543442297416, 0.27773192108122763, 0.12884397577801113, 0.28057809169611736]
1	0.27809745288852133	[0.4425734377711669, 0.25642543442297416, 0.27773192108122763, 0.12884397577801113, 0.28057809169611736]
1	0.27809745288852133	[0.4425734377711669, 0.25642543442297416, 0.27773192108122763, 0.12884397577801113, 0.28057809169611736]
1	0.27809745288852133	[0.4425734377711669, 0.25642543442297416, 0.27773192108122763, 0.12884397577801113, 0.28057809169611736]
1	0.27775129386676084	[0.4424498314852687, 0.25575058353699276, 0.2773538450827345, 0.12870386687908594, 0.2800982002837688]
1	0.27775129386676084	[0.4424498314852687, 0.25575058353699276, 0.2773538450827345, 0.12870386687908594, 0.2800982002837688]
1	0.27775129386676084	[0.4424498314852687, 0.25575058353699276, 0.2773538450827345, 0.12870386687908594, 0.2800982002837688]
1	0.27775129386676084	[0.4424498314852687, 0.25575058353699276, 0.2773538450827345, 0.12870386687908594, 0.2800982002837688]
1	0.27775129386676084	[0.4424498314852687, 0.25575058353699276, 0.2773538450827345, 0.12870386687908594, 0.2800982002837688]
1	0.2627167757202903	[0.43734625230539437, 0.2321335871003508, 0.24779761944172865, 0.12342499436592239, 0.26676478766406725]
1	0.2627167757202903	[0.43734625230539437, 0.2321335871003508, 0.24779761944172865, 0.12342499436592239, 0.26676478766406725]
1	0.2627167757202903	[0.43734625230539437, 0.2321335871003508, 0.24779761944172865, 0.12342499436592239, 0.26676478766406725]
1	0.2627167757202903	[0.43734625230539437, 0.2321335871003508, 0.24779761944172865, 0.12342499436592239, 0.26676478766406725]
1	0.26772688713500614	[0.44182194812102266, 0.23738577655649573, 0.25534433114813015, 0.12495214191364873, 0.2730620158200317]
1	0.2627167757202903	[0.43734625230539437, 0.2321335871003508, 0.24779761944172865, 0.12342499436592239, 0.26676478766406725]
1	0.2627167757202903	[0.43734625230539437, 0.2321335871003508, 0.24779761944172865, 0.12342499436592239, 0.26676478766406725]
1	0.2627167757202903	[0.43734625230539437, 0.2321335871003508, 0.24779761944172865, 0.12342499436592239, 0.26676478766406725]
1	0.2627167757202903	[0.43734625230539437, 0.2321335871003508, 0.24779761944172865, 0.12342499436592239, 0.26676478766406725]
1	0.2627167757202903	[0.43734625230539437, 0.2321335871003508, 0.24779761944172865, 0.12342499436592239, 0.26676478766406725]
1	0.2627167757202903	[0.43734625230539437, 0.2321335871003508, 0.24779761944172865, 0.12342499436592239, 0.26676478766406725]
1	0.19904846651341243	[0.41930350642524833, 0.12283255635435746, 0.14692879026755087, 0.11185305152340695, 0.17908124596468764]
1	0.19904846651341243	[0.41930350642524833, 0.12283255635435746, 0.14692879026755087, 0.11185305152340695, 0.17908124596468764]
1	0.19904846651341243	[0.41930350642524833, 0.12283255635435746, 0.14692879026755087, 0.11185305152340695, 0.17908124596468764]
1	0.20913404947129502	[0.4235604626158584, 0.14261588232929148, 0.15717358908987106, 0.121589351596997, 0.18742732829605646]
1	0.20913404947129502	[0.4235604626158584, 0.14261588232929148, 0.15717358908987106, 0.121589351596997, 0.18742732829605646]
1	0.20913404947129502	[0.4235604626158584, 0.14261588232929148, 0.15717358908987106, 0.121589351596997, 0.18742732829605646]
1	0.20913404947129502	[0.4235604626158584, 0.14261588232929148, 0.15717358908987106, 0.121589351596997, 0.18742732829605646]
1	0.21118406408007181	[0.4198615717347017, 0.1452843448503576, 0.16265015937165675, 0.12205891644807682, 0.19288538414962333]
1	0.2125573128914252	[0.4189198738751307, 0.15091802940080823, 0.1627777732391122, 0.1249815712567998, 0.19286145998715176]
1	0.2125573128914252	[0.4189198738751307, 0.15091802940080823, 0.1627777732391122, 0.1249815712567998, 0.19286145998715176]
1	0.2125573128914252	[0.4189198738751307, 0.15091802940080823, 0.1627777732391122, 0.1249815712567998, 0.19286145998715176]
1	0.2125573128914252	[0.4189198738751307, 0.15091802940080823, 0.1627777732391122, 0.1249815712567998, 0.19286145998715176]
1	0.2125573128914252	[0.4189198738751307, 0.15091802940080823, 0.1627777732391122, 0.1249815712567998, 0.19286145998715176]
1	0.2125573128914252	[0.4189198738751307, 0.15091802940080823, 0.1627777732391122, 0.1249815712567998, 0.19286145998715176]
1	0.25656716753838227	[0.43225003627470754, 0.23738545076604348, 0.2327161825429841, 0.12249090737328115, 0.2541569173804272]
1	0.25656716753838227	[0.43225003627470754, 0.23738545076604348, 0.2327161825429841, 0.12249090737328115, 0.2541569173804272]
1	0.2609423319468243	[0.4322763769857653, 0.22790001880218894, 0.24354505504582866, 0.12342732172074557, 0.2709544245506661]
1	0.2609423319468243	[0.4322763769857653, 0.22790001880218894, 0.24354505504582866, 0.12342732172074557, 0.2709544245506661]
1	0.2606500280607438	[0.43220568664111564, 0.2270595768305413, 0.24300288086753596, 0.12497089718141821, 0.2692930085370675]
1	0.260535601266488	[0.4317779275081265, 0.2258823901706602, 0.24307653423888245, 0.1248414941081735, 0.27016901808743177]
1	0.25970940861448766	[0.4378458753188788, 0.22826088269022873, 0.24318600629121492, 0.12266651739380381, 0.2602980561934603]
2	0.08283457682903662	[0.17988724228528838, 0.011254144372415616, 0.025224789478614198, 0.10520664189501386, 0.07828397962252692]
2	0.03103106921877296	[0.020872101046257727, 0.005546640942838101, 0.021116878745423142, 0.05865541147809971, 0.04386742822605911]
2	0.031257849433963536	[0.021960646079172516, 0.005546640942838101, 0.021116878745423142, 0.05865541147809971, 0.04386742822605911]
2	0.031257849433963536	[0.021960646079172516, 0.005546640942838101, 0.021116878745423142, 0.05865541147809971, 0.04386742822605911]
2	0.054051575085020356	[0.03120090801109367, 0.01375719117061854, 0.032042750127173794, 0.09856825058730857, 0.0866298987460269]
2	0.054051575085020356	[0.03120090801109367, 0.01375719117061854, 0.032042750127173794, 0.09856825058730857, 0.0866298987460269]
2	0.040283444415326344	[0.0226130493167703, 0.006693155025579569, 0.024662179685868126, 0.07699478440993758, 0.06373599576052681]
2	0.04030872149263963	[0.02259977229993739, 0.006694047515305017, 0.024676469508222068, 0.07742970759929818, 0.06342067574496853]
2	0.04030872149263963	[0.02259977229993739, 0.006694047515305017, 0.024676469508222068, 0.07742970759929818, 0.06342067574496853]
2	0.04030872149263963	[0.02259977229993739, 0.006694047515305017, 0.024676469508222068, 0.07742970759929818, 0.06342067574496853]
2	0.04030872149263963	[0.02259977229993739, 0.006694047515305017, 0.024676469508222068, 0.07742970759929818, 0.06342067574496853]
2	0.03593929366532192	[0.02128087940688175, 0.006118485862164609, 0.021120437903436387, 0.06618460077122537, 0.05902790282227003]
2	0.03593929366532192	[0.02128087940688175, 0.006118485862164609, 0.021120437903436387, 0.06618460077122537, 0.05902790282227003]
2	0.03593929366532192	[0.02128087940688175, 0.006118485862164609, 0.021120437903436387, 0.06618460077122537, 0.05902790282227003]
2	0.03593929366532192	[0.02128087940688175, 0.006118485862164609, 0.021120437903436387, 0.06618460077122537, 0.05902790282227003]
2	0.03593929366532192	[0.02128087940688175, 0.006118485862164609, 0.021120437903436387, 0.06618460077122537, 0.05902790282227003]
2	0.030987542804433187	[0.020663174257426822, 0.005546640942838101, 0.021116878745423142, 0.05865541147809971, 0.04386742822605911]
2	0.030987542804433187	[0.020663174257426822, 0.005546640942838101, 0.021116878745423142, 0.05865541147809971, 0.04386742822605911]
2	0.030987542804433187	[0.020663174257426822, 0.005546640942838101, 0.021116878745423142, 0.05865541147809971, 0.04386742822605911]
2	0.030987542804433187	[0.020663174257426822, 0.005546640942838101, 0.021116878745423142, 0.05865541147809971, 0.04386742822605911]
2	0.033395822442655744	[0.023751093368416794, 0.005546640942838101, 0.022260117775921403, 0.061846783815492835, 0.04800464001064609]
2	0.036163725121361644	[0.026240940658837402, 0.007945683519497771, 0.022260117775921403, 0.06669162203186497, 0.05203665330031387]
2	0.038406261155691984	[0.027182473612713764, 0.010942765530986134, 0.022260117775921403, 0.07215190365405903, 0.05400134607983842]
2	0.039673485464033445	[0.02672894745371966, 0.010942765530986134, 0.02369242522163138, 0.07470569061547519, 0.05655145451174543]
2	0.039673485464033445	[0.02672894745371966, 0.010942765530986134, 0.02369242522163138, 0.07470569061547519, 0.05655145451174543]
2	0.039673485464033445	[0.02672894745371966, 0.010942765530986134, 0.02369242522163138, 0.07470569061547519, 0.05655145451174543]
2	0.039673485464033445	[0.02672894745371966, 0.010942765530986134, 0.02369242522163138, 0.07470569061547519, 0.05655145451174543]
2	0.039673485464033445	[0.02672894745371966, 0.010942765530986134, 0.02369242522163138, 0.07470569061547519, 0.05655145451174543]
2	0.03992112860064151	[0.027917634509438353, 0.010942765530986134, 0.02369242522163138, 0.07470569061547519, 0.05655145451174543]
2	0.03992112860064151	[0.027917634509438353, 0.010942765530986134, 0.02369242522163138, 0.07470569061547519, 0.05655145451174543]
2	0.03992112860064151	[0.027917634509438353, 0.010942765530986134, 0.02369242522163138, 0.07470569061547519, 0.05655145451174543]
2	0.10620888742959035	[0.08268829456437708, 0.06104971059048298, 0.06195892713940919, 0.158816252920597, 0.15749941656526398]
2	0.1795276498424169	[0.2268012150406675, 0.1644557356456805, 0.1351518426388959, 0.18687253812821578, 0.1813425349192775]
2	0.1795276498424169	[0.2268012150406675, 0.1644557356456805, 0.1351518426388959, 0.18687253812821578, 0.1813425349192775]
2	0.1795276498424169	[0.2268012150406675, 0.1644557356456805, 0.1351518426388959, 0.18687253812821578, 0.1813425349192775]
2	0.1795276498424169	[0.2268012150406675, 0.1644557356456805, 0.1351518426388959, 0.18687253812821578, 0.1813425349192775]
2	0.1795276498424169	[0.2268012150406675, 0.1644557356456805, 0.1351518426388959, 0.18687253812821578, 0.1813425349192775]
2	0.1795276498424169	[0.2268012150406675, 0.1644557356456805, 0.1351518426388959, 0.18687253812821578, 0.1813425349192775]
2	0.1795276498424169	[0.2268012150406675, 0.1644557356456805, 0.1351518426388959, 0.18687253812821578, 0.1813425349192775]
2	0.17861988752715577	[0.22244395592741412, 0.1644557356456805, 0.1351518426388959, 0.18687253812821578, 0.1813425349192775]
2	0.17861988752715577	[0.22244395592741412, 0.1644557356456805, 0.1351518426388959, 0.18687253812821578, 0.1813425349192775]
2	0.1538625728365886	[0.14889855587478856, 0.1337017301334327, 0.09428185332546596, 0.18174655653252436, 0.20665199977610027]
2	0.039673485464033445	[0.02672894745371966, 0.010942765530986134, 0.02369242522163138, 0.07470569061547519, 0.05655145451174543]
2	0.17910934193495565	[0.22680121504066836, 0.16194588820091202, 0.1351518426388959, 0.18687253812821578, 0.1813425349192775]
2	0.17910934193495565	[0.22680121504066836, 0.16194588820091202, 0.1351518426388959, 0.18687253812821578, 0.1813425349192775]
2	0.17910934193495565	[0.22680121504066836, 0.16194588820091202, 0.1351518426388959, 0.18687253812821578, 0.1813425349192775]
2	0.17910934193495565	[0.22680121504066836, 0.16194588820091202, 0.1351518426388959, 0.18687253812821578, 0.1813425349192775]
2	0.14684279754400567	[0.22869495569630105, 0.11158706170958804, 0.06954889510230432, 0.14406060725495193, 0.17327132078999966]
2	0.14684279754400567	[0.22869495569630105, 0.11158706170958804, 0.06954889510230432, 0.14406060725495193, 0.17327132078999966]
2	0.14684279754400567	[0.22869495569630105, 0.11158706170958804, 0.06954889510230432, 0.14406060725495193, 0.17327132078999966]
2	0.1795276498424169	[0.2268012150406675, 0.1644557356456805, 0.1351518426388959, 0.18687253812821578, 0.1813425349192775]
2	0.18301783351116216	[0.24367956654538456, 0.15833391521440177, 0.12678051549639283, 0.18069628228225182, 0.2006621043580277]
2	0.13687069924337328	[0.158283882696844, 0.1013645845571939, 0.08839988276710103, 0.1666405899934365, 0.16256333326505512]
2	0.19070972775065462	[0.30099976402664574, 0.19585055446300453, 0.10266492387593296, 0.18095416980783424, 0.17410739192232552]
2	0.19070972775065462	[0.30099976402664574, 0.19585055446300453, 0.10266492387593296, 0.18095416980783424, 0.17410739192232552]
2	0.18996659647942152	[0.2974327339247269, 0.19585055446300453, 0.10266492387593296, 0.18095416980783424, 0.17410739192232552]
2	0.19070972775065462	[0.30099976402664574, 0.19585055446300453, 0.10266492387593296, 0.18095416980783424, 0.17410739192232552]
2	0.19070972775065462	[0.30099976402664574, 0.19585055446300453, 0.10266492387593296, 0.18095416980783424, 0.17410739192232552]
2	0.19076944606705057	[0.3012864119453463, 0.19585055446300453, 0.10266492387593296, 0.18095416980783424, 0.17410739192232552]
2	0.19076944606705057	[0.3012864119453463, 0.19585055446300453, 0.10266492387593296, 0.18095416980783424, 0.17410739192232552]
2	0.19076944606705057	[0.3012864119453463, 0.19585055446300453, 0.10266492387593296, 0.18095416980783424, 0.17410739192232552]
2	0.19076944606705057	[0.3012864119453463, 0.19585055446300453, 0.10266492387593296, 0.18095416980783424, 0.17410739192232552]
2	0.19076944606705057	[0.3012864119453463, 0.19585055446300453, 0.10266492387593296, 0.18095416980783424, 0.17410739192232552]
2	0.19076944606705057	[0.3012864119453463, 0.19585055446300453, 0.10266492387593296, 0.18095416980783424, 0.17410739192232552]
2	0.19076944606705057	[0.3012864119453463, 0.19585055446300453, 0.10266492387593296, 0.18095416980783424, 0.17410739192232552]
2	0.19076944606705057	[0.3012864119453463, 0.19585055446300453, 0.10266492387593296, 0.18095416980783424, 0.17410739192232552]
2	0.19076944606705057	[0.3012864119453463, 0.19585055446300453, 0.10266492387593296, 0.18095416980783424, 0.17410739192232552]
2	0.19076944606705057	[0.3012864119453463, 0.19585055446300453, 0.10266492387593296, 0.18095416980783424, 0.17410739192232552]
2	0.19076944606705057	[0.3012864119453463, 0.19585055446300453, 0.10266492387593296, 0.18095416980783424, 0.17410739192232552]
2	0.21276238573857817	[0.3161837081558162, 0.21730864169610567, 0.1143379960305495, 0.207148464219658, 0.2097423697822669]
2	0.21276238573857817	[0.3161837081558162, 0.21730864169610567, 0.1143379960305495, 0.207148464219658, 0.2097423697822669]
2	0.21276238573857817	[0.3161837081558162, 0.21730864169610567, 0.1143379960305495, 0.207148464219658, 0.2097423697822669]
2	0.21276238573857817	[0.3161837081558162, 0.21730864169610567, 0.1143379960305495, 0.207148464219658, 0.2097423697822669]
2	0.21276238573857817	[0.3161837081558162, 0.21730864169610567, 0.1143379960305495, 0.207148464219658, 0.2097423697822669]
2	0.21276238573857817	[0.3161837081558162, 0.21730864169610567, 0.1143379960305495, 0.207148464219658, 0.2097423697822669]
2	0.21276238573857817	[0.3161837081558162, 0.21730864169610567, 0.1143379960305495, 0.207148464219658, 0.2097423697822669]
2	0.21276238573857817	[0.3161837081558162, 0.21730864169610567, 0.1143379960305495, 0.207148464219658, 0.2097423697822669]
2	0.21255683212208318	[0.3029176545372777, 0.20551889484828345, 0.11177051524432077, 0.19378971569174047, 0.24737979283403355]
2	0.21276238573857817	[0.3161837081558162, 0.21730864169610567, 0.1143379960305495, 0.207148464219658, 0.2097423697822669]
2	0.21291631068964173	[0.31692254792092134, 0.21730864169610567, 0.1143379960305495, 0.207148464219658, 0.2097423697822669]
2	0.21000973479164997	[0.3117679332544716, 0.20775237477903857, 0.1065067182773346, 0.1986280540449317, 0.22494212159995108]
2	0.2032075420841597	[0.284932972712534, 0.18370401170557762, 0.14858965460663018, 0.16979351851884575, 0.22511684680149457]
2	0.20321396864963379	[0.28496382022680944, 0.18370401170557762, 0.14858965460663018, 0.16979351851884575, 0.22511684680149457]
2	0.20321396864963379	[0.28496382022680944, 0.18370401170557762, 0.14858965460663018, 0.16979351851884575, 0.22511684680149457]
2	0.20321396864963379	[0.28496382022680944, 0.18370401170557762, 0.14858965460663018, 0.16979351851884575, 0.22511684680149457]
2	0.23433904151478824	[0.3309892015635614, 0.23752917724753025, 0.1350191964286865, 0.21165443343661608, 0.2571412260440955]
2	0.23437306253209103	[0.33115250244661454, 0.23752917724753025, 0.1350191964286865, 0.21165443343661608, 0.2571412260440955]
2	0.23437306253209103	[0.33115250244661454, 0.23752917724753025, 0.1350191964286865, 0.21165443343661608, 0.2571412260440955]
2	0.23437306253209103	[0.33115250244661454, 0.23752917724753025, 0.1350191964286865, 0.21165443343661608, 0.2571412260440955]
2	0.23437306253209103	[0.33115250244661454, 0.23752917724753025, 0.1350191964286865, 0.21165443343661608, 0.2571412260440955]
2	0.23437306253209103	[0.33115250244661454, 0.23752917724753025, 0.1350191964286865, 0.21165443343661608, 0.2571412260440955]
2	0.11045666245378642	[0.08685626933169874, 0.10879239013611447, 0.08870744034589072, 0.10552396376862742, 0.1620703942230664]
2	0.23437306253209103	[0.33115250244661454, 0.23752917724753025, 0.1350191964286865, 0.21165443343661608, 0.2571412260440955]
3	0.10000840705611004	[0.08668564171452901, 0.07108431889479466, 0.057693450866876606, 0.13642113643175355, 0.14237266974033336]
3	0.2198102485102335	[0.3737991873951656, 0.17872188446354934, 0.15918034411321638, 0.17565259592684432, 0.2034795578430548]
3	0.10112656314780778	[0.07903902200968863, 0.06578582132657819, 0.06027637681280684, 0.14545041049787097, 0.14801303672784835]
3	0.23194481110817045	[0.4196583797705093, 0.18406764931712843, 0.16164590835643908, 0.19608822459655464, 0.18868846114201235]
3	0.0531255131354542	[0.03875591962748404, 0.018696289614785165, 0.032230877640674255, 0.0917173699783398, 0.07734126411185391]
3	0.0531255131354542	[0.03875591962748404, 0.018696289614785165, 0.032230877640674255, 0.0917173699783398, 0.07734126411185391]
3	0.0531255131354542	[0.03875591962748404, 0.018696289614785165, 0.032230877640674255, 0.0917173699783398, 0.07734126411185391]
3	0.041826994347559286	[0.03706579009464369, 0.010942765530986134, 0.02369242522163138, 0.07470569061547519, 0.05655145451174543]
3	0.042333255078890686	[0.0394958416050344, 0.010942765530986134, 0.02369242522163138, 0.07470569061547519, 0.05655145451174543]
3	0.05066049070107742	[0.04464683465582406, 0.01625404237220158, 0.02675270788325772, 0.08731131934767047, 0.0714562595806581]
3	0.05423835066683557	[0.06182056249146317, 0.01625404237220158, 0.02675270788325772, 0.08731131934767047, 0.0714562595806581]
3	0.05276255688772408	[0.057378885187924285, 0.01653132515142903, 0.02700908515069936, 0.08803094121156464, 0.0676163013897441]
3	0.044246974008767766	[0.05538908552578306, 0.011181051819587083, 0.022935871188221747, 0.07166876593809672, 0.053446911134314046]
3	0.044246974008767766	[0.05538908552578306, 0.011181051819587083, 0.022935871188221747, 0.07166876593809672, 0.053446911134314046]
3	0.04185724920767569	[0.04391840648054112, 0.011181051819587083, 0.022935871188221747, 0.07166876593809672, 0.053446911134314046]
3	0.03917300713500897	[0.03103404453174086, 0.011181051819587083, 0.022935871188221747, 0.07166876593809672, 0.053446911134314046]
3	0.03916949491951375	[0.031017185897363773, 0.011181051819587083, 0.022935871188221747, 0.07166876593809672, 0.053446911134314046]
3	0.039363160943900605	[0.03194678281442069, 0.011181051819587083, 0.022935871188221747, 0.07166876593809672, 0.053446911134314046]
3	0.03900223156531867	[0.030214321797227404, 0.011181051819587083, 0.022935871188221747, 0.07166876593809672, 0.053446911134314046]
3	0.03900223156531867	[0.030214321797227404, 0.011181051819587083, 0.022935871188221747, 0.07166876593809672, 0.053446911134314046]
3	0.038616664833931044	[0.028363601486566806, 0.011181051819587083, 0.022935871188221747, 0.07166876593809672, 0.053446911134314046]
3	0.038616664833931044	[0.028363601486566806, 0.011181051819587083, 0.022935871188221747, 0.07166876593809672, 0.053446911134314046]
3	0.038616664833931044	[0.028363601486566806, 0.011181051819587083, 0.022935871188221747, 0.07166876593809672, 0.053446911134314046]
3	0.0009692240238408716	[0.004652275314436184, 0.0, 0.0, 0.0, 0.0]
3	0.0009692240238408716	[0.004652275314436184, 0.0, 0.0, 0.0, 0.0]
3	0.0009692240238408716	[0.004652275314436184, 0.0, 0.0, 0.0, 0.0]
3	0.0009342671535009275	[0.004484482336804452, 0.0, 0.0, 0.0, 0.0]
3	0.000877367860156139	[0.004211365728749467, 0.0, 0.0, 0.0, 0.0]
3	0.0011142540706088441	[0.005348419538922452, 0.0, 0.0, 0.0, 0.0]
3	0.0011142540706088441	[0.005348419538922452, 0.0, 0.0, 0.0, 0.0]
3	0.07450133447573659	[0.045862192874527155, 0.04212859678370719, 0.03833115253637451, 0.11270390107090944, 0.12700628157475882]
3	0.07450133447573659	[0.045862192874527155, 0.04212859678370719, 0.03833115253637451, 0.11270390107090944, 0.12700628157475882]
3	0.07450133447573659	[0.045862192874527155, 0.04212859678370719, 0.03833115253637451, 0.11270390107090944, 0.12700628157475882]
3	0.0745011959627268	[0.0458615280120801, 0.04212859678370719, 0.03833115253637451, 0.11270390107090944, 0.12700628157475882]
3	0.07450133447573659	[0.045862192874527155, 0.04212859678370719, 0.03833115253637451, 0.11270390107090944, 0.12700628157475882]
3	0.07450127563192775	[0.045861910424244694, 0.04212859678370719, 0.03833115253637451, 0.11270390107090944, 0.12700628157475882]
3	0.038330591313999594	[0.02699044859089583, 0.011181051819587083, 0.022935871188221747, 0.07166876593809672, 0.053446911134314046]
3	0.03833059064586952	[0.02699044538387148, 0.011181051819587083, 0.022935871188221747, 0.07166876593809672, 0.053446911134314046]
3	0.03833059064586952	[0.02699044538387148, 0.011181051819587083, 0.022935871188221747, 0.07166876593809672, 0.053446911134314046]
3	0.038330591313999594	[0.02699044859089583, 0.011181051819587083, 0.022935871188221747, 0.07166876593809672, 0.053446911134314046]
3	0.038330591313999594	[0.02699044859089583, 0.011181051819587083, 0.022935871188221747, 0.07166876593809672, 0.053446911134314046]
3	0.038330591313999594	[0.02699044859089583, 0.011181051819587083, 0.022935871188221747, 0.07166876593809672, 0.053446911134314046]
3	0.038330591313999594	[0.02699044859089583, 0.011181051819587083, 0.022935871188221747, 0.07166876593809672, 0.053446911134314046]
3	0.038330591313999594	[0.02699044859089583, 0.011181051819587083, 0.022935871188221747, 0.07166876593809672, 0.053446911134314046]
3	0.038330591313999594	[0.02699044859089583, 0.011181051819587083, 0.022935871188221747, 0.07166876593809672, 0.053446911134314046]
3	0.038330591313999594	[0.02699044859089583, 0.011181051819587083, 0.022935871188221747, 0.07166876593809672, 0.053446911134314046]
3	0.03828941307508899	[0.026957712180757345, 0.011145708276338151, 0.02291596883299726, 0.07161243163856376, 0.05338650348703826]
3	0.03828941307508899	[0.026957712180757345, 0.011145708276338151, 0.02291596883299726, 0.07161243163856376, 0.05338650348703826]
3	0.03828941307508899	[0.026957712180757345, 0.011145708276338151, 0.02291596883299726, 0.07161243163856376, 0.05338650348703826]
3	0.03828941307508899	[0.026957712180757345, 0.011145708276338151, 0.02291596883299726, 0.07161243163856376, 0.05338650348703826]
3	0.03828941307508899	[0.026957712180757345, 0.011145708276338151, 0.02291596883299726, 0.07161243163856376, 0.05338650348703826]
3	0.03828941307508899	[0.026957712180757345, 0.011145708276338151, 0.02291596883299726, 0.07161243163856376, 0.05338650348703826]
3	0.03828941307508899	[0.026957712180757345, 0.011145708276338151, 0.02291596883299726, 0.07161243163856376, 0.05338650348703826]
3	0.03828941307508899	[0.026957712180757345, 0.011145708276338151, 0.02291596883299726, 0.07161243163856376, 0.05338650348703826]
3	0.03828941307508899	[0.026957712180757345, 0.011145708276338151, 0.02291596883299726, 0.07161243163856376, 0.05338650348703826]
3	0.03828941307508899	[0.026957712180757345, 0.011145708276338151, 0.02291596883299726, 0.07161243163856376, 0.05338650348703826]
3	0.03828941307508899	[0.026957712180757345, 0.011145708276338151, 0.02291596883299726, 0.07161243163856376, 0.05338650348703826]
3	0.0383069458573254	[0.02704186953549211, 0.011145708276338151, 0.02291596883299726, 0.07161243163856376, 0.05338650348703826]
3	0.0383069458573254	[0.02704186953549211, 0.011145708276338151, 0.02291596883299726, 0.07161243163856376, 0.05338650348703826]
3	0.038306153086953586	[0.0270380642377074, 0.011145708276338151, 0.02291596883299726, 0.07161243163856376, 0.05338650348703826]
3	0.038330230884879885	[0.02715363766775361, 0.011145708276338151, 0.02291596883299726, 0.07161243163856376, 0.05338650348703826]
3	0.038330230884879885	[0.02715363766775361, 0.011145708276338151, 0.02291596883299726, 0.07161243163856376, 0.05338650348703826]
3	0.038330230884879885	[0.02715363766775361, 0.011145708276338151, 0.02291596883299726, 0.07161243163856376, 0.05338650348703826]
3	0.030800787999559005	[0.027319619852597517, 9.999999999998899e-05, 0.012611275691882251, 0.06913030468311179, 0.03870258217029165]
3	0.022286416656071843	[0.03340154999936416, 9.999999999998899e-05, 0.009743326903113851, 0.04215729127201809, 0.021592631774648742]
3	0.020415443522385977	[0.02455848743090184, 9.999999999998899e-05, 0.010306291166892056, 0.04371815471942542, 0.01933119559023336]
3	0.053634858822991266	[0.16004254589658348, 9.999999999998899e-05, 0.010161490610657206, 0.04783062508727528, 0.03933266075584209]
3	0.04488187232000636	[0.15720912543997906, 0.0007330557716862683, 0.011820529475526179, 0.020438212215010045, 0.025378675388166214]
3	0.0492956099020119	[0.12661855852980655, 0.004613391982754727, 0.009774771917806157, 0.0459806372094395, 0.05055424628640106]
3	0.09483912561540007	[0.21687922960819278, 0.036582969546457164, 0.023755148259806527, 0.09774673282801247, 0.0875803166207428]
3	0.09483912561540007	[0.21687922960819278, 0.036582969546457164, 0.023755148259806527, 0.09774673282801247, 0.0875803166207428]
3	0.09483912561540007	[0.21687922960819278, 0.036582969546457164, 0.023755148259806527, 0.09774673282801247, 0.0875803166207428]
3	0.08478822936537488	[0.12229518514321004, 0.03616059849031317, 0.02876900448990385, 0.09765192684277078, 0.12933890568566422]
3	0.03348784624681759	[0.1120855305962347, 9.999999999998899e-05, 0.010183612206417678, 0.01179912120734125, 0.026593397974730783]
3	0.03348784624681759	[0.1120855305962347, 9.999999999998899e-05, 0.010183612206417678, 0.01179912120734125, 0.026593397974730783]
3	0.03348784624681759	[0.1120855305962347, 9.999999999998899e-05, 0.010183612206417678, 0.01179912120734125, 0.026593397974730783]
3	0.20028939453904762	[0.3313759139180028, 0.1575682992426364, 0.13781316635522214, 0.1681268789345163, 0.19801849518557815]
3	0.20028939453904762	[0.3313759139180028, 0.1575682992426364, 0.13781316635522214, 0.1681268789345163, 0.19801849518557815]
3	0.20028939453904762	[0.3313759139180028, 0.1575682992426364, 0.13781316635522214, 0.1681268789345163, 0.19801849518557815]
3	0.19416685415213544	[0.2945860836264191, 0.1670223756748039, 0.13870827622329565, 0.16422581775959527, 0.20086282178109707]
3	0.18322442561922744	[0.3107795433708119, 0.12964853970836376, 0.09124052086613131, 0.17579904477240532, 0.1979393021962524]
3	0.18399923325119458	[0.30877160034202217, 0.14158302590676441, 0.087776049718329, 0.17079368447738166, 0.20258856434258968]
3	0.17563046243107064	[0.31167706480210644, 0.12487387077172224, 0.0799142822665069, 0.16650506946258803, 0.1850307065205599]
3	0.17563046243107064	[0.31167706480210644, 0.12487387077172224, 0.0799142822665069, 0.16650506946258803, 0.1850307065205599]
3	0.19090241156904952	[0.3253273503524177, 0.15200046163091405, 0.09634397686891935, 0.17596301903937323, 0.19709685996599619]
3	0.19844811838720838	[0.3320703974518582, 0.15407839319312883, 0.10753528109788828, 0.18847160666162846, 0.20121096849272213]
3	0.1767307499205259	[0.31241287576889776, 0.14016009801353047, 0.08268648494057527, 0.1687890428975894, 0.17229111760063762]
3	0.1767307499205259	[0.31241287576889776, 0.14016009801353047, 0.08268648494057527, 0.1687890428975894, 0.17229111760063762]
3	0.15337840813499148	[0.27276459276035725, 0.0981729227991304, 0.07098557059754229, 0.1484179364013622, 0.16550992104939322]
3	0.1426843033927529	[0.26759546742975326, 0.08252454260706761, 0.05753968004103793, 0.1398885603659872, 0.1538413143627814]
3	0.14731702723027387	[0.2898325418498539, 0.08252454260706761, 0.05753968004103793, 0.1398885603659872, 0.1538413143627814]
3	0.14731702723027387	[0.2898325418498539, 0.08252454260706761, 0.05753968004103793, 0.1398885603659872, 0.1538413143627814]
3	0.15695978061216614	[0.2791170033837912, 0.1093328096281422, 0.06690771416045022, 0.14937216720788346, 0.17054381448375883]
4	0.022786910863073932	[0.022813015594533522, 9.999999999998899e-05, 0.012526145166318685, 0.04702995423985112, 0.02692805714205155]
4	0.038964389320022164	[0.1301919615025467, 9.999999999998899e-05, 0.01017766142331591, 0.011137398520947469, 0.03544204728929632]
4	0.08296378398120152	[0.13451949344345998, 0.04275203037772593, 0.030125809098274548, 0.09704718173703798, 0.10233205452881404]
4	0.038964389320022164	[0.1301919615025467, 9.999999999998899e-05, 0.01017766142331591, 0.011137398520947469, 0.03544204728929632]
4	0.036944265857387325	[0.13137909451846763, 9.999999999998899e-05, 0.010177659868186837, 0.011580777779966593, 0.0241149439488381]
4	0.036944265857387325	[0.13137909451846763, 9.999999999998899e-05, 0.010177659868186837, 0.011580777779966593, 0.0241149439488381]
4	0.042237981285622984	[0.07279717703098297, 0.004394177851113546, 0.010804907328508305, 0.05589905923351937, 0.05972582429708881]
4	0.07148787915350076	[0.13429998856082584, 0.027888159617921168, 0.023088266427119523, 0.08148106083223298, 0.08196197642228834]
4	0.07148787915350076	[0.13429998856082584, 0.027888159617921168, 0.023088266427119523, 0.08148106083223298, 0.08196197642228834]
4	0.07148787915350076	[0.13429998856082584, 0.027888159617921168, 0.023088266427119523, 0.08148106083223298, 0.08196197642228834]
4	0.07148787915350076	[0.13429998856082584, 0.027888159617921168, 0.023088266427119523, 0.08148106083223298, 0.08196197642228834]
4	0.05973557770971834	[0.1035621012851309, 0.02190466127317516, 0.016620739097410953, 0.07800063811172028, 0.07102356549384575]
4	0.05855163439608168	[0.10535809468000978, 0.022094480822573617, 0.016805129661870907, 0.0781263003690347, 0.06308273573221775]
4	0.039689809628808054	[0.09996364257399504, 0.0017464294567826272, 0.0048342216513413356, 0.0448334498051256, 0.039482628622390575]
4	0.039689809628808054	[0.09996364257399504, 0.0017464294567826272, 0.0048342216513413356, 0.0448334498051256, 0.039482628622390575]
4	0.039689809628808054	[0.09996364257399504, 0.0017464294567826272, 0.0048342216513413356, 0.0448334498051256, 0.039482628622390575]
4	0.039689809628808054	[0.09996364257399504, 0.0017464294567826272, 0.0048342216513413356, 0.0448334498051256, 0.039482628622390575]
4	0.039689809628808054	[0.09996364257399504, 0.0017464294567826272, 0.0048342216513413356, 0.0448334498051256, 0.039482628622390575]
4	0.05855163439608168	[0.10535809468000978, 0.022094480822573617, 0.016805129661870907, 0.0781263003690347, 0.06308273573221775]
4	0.015863141988418848	[0.0757630815444105, 9.999999999998899e-05, 9.999999999998899e-05, 9.999999999998899e-05, 9.999999999998899e-05]
4	0.02967285696702584	[0.14204971344172404, 9.999999999998899e-05, 9.999999999998899e-05, 9.999999999998899e-05, 9.999999999998899e-05]
4	0.026484893329471616	[0.0415931994247699, 9.999999999998899e-05, 0.011205760264430776, 0.04876914943746852, 0.025479378854794562]
4	0.026240422720679543	[0.05257166012595391, 0.0034062734207066236, 0.009594136137809432, 0.03155512452823441, 0.029508089530698754]
4	0.01528500742128822	[0.07298803562218346, 9.999999999998899e-05, 9.999999999998899e-05, 9.999999999998899e-05, 9.999999999998899e-05]
4	0.04268823189264778	[0.07675883976521408, 0.004390357379564052, 0.010555903689789398, 0.05463601886000979, 0.059440464866044845]
4	0.06479188306357606	[0.06505245938596366, 0.025846002522901933, 0.024753072531957118, 0.09835998855229122, 0.10215871621663147]
4	0.0766188013033678	[0.06153990396196049, 0.03529458383912592, 0.03446344390534095, 0.12406210663527596, 0.11946912468228736]
4	0.0766188013033678	[0.06153990396196049, 0.03529458383912592, 0.03446344390534095, 0.12406210663527596, 0.11946912468228736]
4	0.0766188013033678	[0.06153990396196049, 0.03529458383912592, 0.03446344390534095, 0.12406210663527596, 0.11946912468228736]
4	0.05599272839850725	[0.025597200128500714, 0.024766706727895427, 0.02766731583954383, 0.11271682548378202, 0.08297038947869191]
4	0.05599272839850725	[0.025597200128500714, 0.024766706727895427, 0.02766731583954383, 0.11271682548378202, 0.08297038947869191]
4	0.05599272839850725	[0.025597200128500714, 0.024766706727895427, 0.02766731583954383, 0.11271682548378202, 0.08297038947869191]
4	0.05581474931462656	[0.02560140178442373, 0.024773814727078028, 0.02737613712911821, 0.1127231576267116, 0.08239104838829152]
4	0.05581474931462656	[0.02560140178442373, 0.024773814727078028, 0.02737613712911821, 0.1127231576267116, 0.08239104838829152]
4	0.05581474931462656	[0.02560140178442373, 0.024773814727078028, 0.02737613712911821, 0.1127231576267116, 0.08239104838829152]
4	0.05689839926134927	[0.026733501394827917, 0.024746117929504884, 0.029401723333254904, 0.11411394191744063, 0.08306625546534918]
4	0.05616478235657393	[0.02521530171890252, 0.024770244963868048, 0.027786463379059437, 0.1135156706375743, 0.08325732360492413]
4	0.056467554991097284	[0.025861030377743836, 0.024774854436395717, 0.028320576210626145, 0.11433287553761945, 0.08270989828216091]
4	0.05619543227191059	[0.029661758367450934, 0.02479044437876518, 0.02898585159105813, 0.10871874988909026, 0.08253935955455934]
4	0.05430964956634225	[0.028403136666673722, 0.024759396223980077, 0.02625235513999007, 0.10418605359962417, 0.08203725553297078]
4	0.04210698368915335	[0.06205704412977572, 0.016660704032464016, 0.015483622112375585, 0.052942732348479966, 0.058301559891333635]
4	0.041601512401015804	[0.06253213350691084, 0.016205035065791646, 0.015423769105939181, 0.05119394085488883, 0.05757338800450373]
4	0.04170978692222057	[0.06858927760614729, 0.01709532143680179, 0.01466486015314645, 0.04820854359106018, 0.05506803872686336]
4	0.04170978692222057	[0.06858927760614729, 0.01709532143680179, 0.01466486015314645, 0.04820854359106018, 0.05506803872686336]
4	0.04170978692222057	[0.06858927760614729, 0.01709532143680179, 0.01466486015314645, 0.04820854359106018, 0.05506803872686336]
4	0.04170978692222057	[0.06858927760614729, 0.01709532143680179, 0.01466486015314645, 0.04820854359106018, 0.05506803872686336]
4	0.04138736065521303	[0.06778295975559966, 0.01743455628733252, 0.014598994797915944, 0.04852746933191418, 0.05380226222972672]
4	0.04160838922924909	[0.06869450618150723, 0.01873105917245974, 0.014523237028186631, 0.048024855918570385, 0.05349282183416358]
4	0.04160838922924909	[0.06869450618150723, 0.01873105917245974, 0.014523237028186631, 0.048024855918570385, 0.05349282183416358]
4	0.09567248954575686	[0.10806749623722726, 0.061885193387356735, 0.0430886890510156, 0.11906693652763356, 0.13949667329387105]
4	0.09556390084295575	[0.10658698132503815, 0.061873070229047325, 0.0431806578917712, 0.11958562583171375, 0.13985500281442667]
4	0.09556390084295575	[0.10658698132503815, 0.061873070229047325, 0.0431806578917712, 0.11958562583171375, 0.13985500281442667]
4	0.09556390084295575	[0.10658698132503815, 0.061873070229047325, 0.0431806578917712, 0.11958562583171375, 0.13985500281442667]
4	0.09556390084295575	[0.10658698132503815, 0.061873070229047325, 0.0431806578917712, 0.11958562583171375, 0.13985500281442667]
4	0.09593783985983283	[0.10731973023242046, 0.06253780566525803, 0.04315551810481494, 0.11513076046235986, 0.14486537799539584]
4	0.0982541285821925	[0.10647387334795759, 0.061511132960076854, 0.044332267584287544, 0.1184510633344795, 0.15315370655973792]
4	0.08946675325106399	[0.09799454801643719, 0.05424655395013083, 0.040459463044129826, 0.11296508466880749, 0.134624076715628]
4	0.09135248577322416	[0.10110558331076173, 0.057445885951787644, 0.03831058405061219, 0.1170287618212993, 0.13609029376737264]
4	0.09135248577322416	[0.10110558331076173, 0.057445885951787644, 0.03831058405061219, 0.1170287618212993, 0.13609029376737264]
4	0.09862281337428726	[0.10724351966520082, 0.06627303820273373, 0.04388850727962154, 0.12231315467410984, 0.1469258920154597]
4	0.09134418171039618	[0.10243526406723812, 0.0564626004533157, 0.03876388661323131, 0.11481757457865242, 0.13726526658812732]
4	0.09387756792744922	[0.10228286614904095, 0.06113760506365722, 0.040671486830669706, 0.11598938049426935, 0.14275850852685046]
4	0.09862281337428726	[0.10724351966520082, 0.06627303820273373, 0.04388850727962154, 0.12231315467410984, 0.1469258920154597]
4	0.09359921730880656	[0.0984077198235299, 0.0663421104003638, 0.03928963631779678, 0.11461539221961638, 0.14388980640103743]
4	0.09862281337428726	[0.10724351966520082, 0.06627303820273373, 0.04388850727962154, 0.12231315467410984, 0.1469258920154597]
4	0.0913666522273038	[0.10928068765207993, 0.05292715668680956, 0.040723447838821744, 0.10967033563188829, 0.1365437342188206]
4	0.09006263592817321	[0.10584275905421427, 0.05533244396946885, 0.0382371734808467, 0.10990368829517702, 0.1340510764494183]
4	0.09399464031419419	[0.10769701978013792, 0.06776067400500518, 0.043513930704907375, 0.11043034641829254, 0.13532443740079014]
4	0.09889299340821223	[0.10795069794616548, 0.06961676793438605, 0.045778793891109386, 0.12079055689064432, 0.14447290528399062]
4	0.10155433811254319	[0.10077146033563468, 0.07428278288393968, 0.04986611063213367, 0.1237785775518651, 0.15361844811342212]
4	0.10218488495349999	[0.10208879204137214, 0.07428849026319406, 0.05009550854617164, 0.12383222724845366, 0.15504012773024728]
4	0.10175394746530354	[0.10043829230675085, 0.07406417248639058, 0.05120110345048017, 0.12262922425990817, 0.15489898982720543]
4	0.10410603721681157	[0.09803144225370822, 0.07253084246000518, 0.05053226877537522, 0.12733202883396083, 0.16578856480964713]
4	0.10276087906318561	[0.10050298901731872, 0.0744444666836839, 0.05063336392194902, 0.12328108633511277, 0.1592792068819633]
4	0.10202613807028961	[0.09804749008263959, 0.07305582436491981, 0.05246448411108537, 0.12476637714324941, 0.15600245190847992]
4	0.1051991916633198	[0.0994412846126584, 0.07301345186687642, 0.05076911195141044, 0.12976592731253284, 0.16656903461383232]
4	0.0626742555282915	[0.12809085845061283, 0.06480277685018088, 0.015118728453102954, 0.05196049772605935, 0.053824120425879335]
4	0.057556566673831785	[0.12324958779396837, 0.037054606358911786, 0.015358670286054385, 0.05250893085321549, 0.05551064601402484]
4	0.10178472178163313	[0.09767988928976262, 0.07424756300779699, 0.051310692412713126, 0.12669252824871724, 0.1534855041944085]
4	0.10530621892703812	[0.10397652695354243, 0.06223027334144102, 0.0519667126358416, 0.12495438600298533, 0.17478800658426072]
4	0.1053748765497489	[0.10431221046947241, 0.06223047838013034, 0.05196719725915118, 0.12494769573888014, 0.1747879212671868]
4	0.1053748765497489	[0.10431221046947241, 0.06223047838013034, 0.05196719725915118, 0.12494769573888014, 0.1747879212671868]
4	0.09921311250914823	[0.11348572398961854, 0.06331266109778769, 0.04468921170333554, 0.12035777389275548, 0.14704010157997177]
4	0.1052229432270898	[0.10358638227727836, 0.062230447943225214, 0.051965912196499646, 0.12494554143744135, 0.1747879332242315]
4	0.1053748765497489	[0.10431221046947241, 0.06223047838013034, 0.05196719725915118, 0.12494769573888014, 0.1747879212671868]
4	0.09059479081584741	[0.09073305793793211, 0.05000797726008636, 0.04550862694894513, 0.11472561305238071, 0.14388131616874056]
4	0.10385905712641924	[0.10281010388412043, 0.06143316300551073, 0.050287357427024046, 0.12417709419667504, 0.1721023882945842]
4	0.10293215471310378	[0.08695793202165247, 0.06708485724049222, 0.05184152754004814, 0.12683996666678027, 0.17476703060202345]
4	0.1053748765497489	[0.10431221046947241, 0.06223047838013034, 0.05196719725915118, 0.12494769573888014, 0.1747879212671868]
4	0.1053748765497489	[0.10431221046947241, 0.06223047838013034, 0.05196719725915118, 0.12494769573888014, 0.1747879212671868]
4	0.1053748765497489	[0.10431221046947241, 0.06223047838013034, 0.05196719725915118, 0.12494769573888014, 0.1747879212671868]
4	0.10269610437281343	[0.10121429480282525, 0.073242136455983, 0.05355465048697015, 0.12373595679205705, 0.15584268974286572]
