0	0.26334969093752314	[0.4335808481640233, 0.2959858116410559, 0.21322529611661617, 0.18055053966111037, 0.19993318324551662]
0	0.2380129391219068	[0.3468419073523157, 0.20393243669211786, 0.17282274512010892, 0.23481819004022494, 0.22483331591880887]
0	0.28050812834847344	[0.6941322574742098, 0.19272646624467873, 0.12421018810469893, 0.18247093727533018, 0.19144446022269063]
0	0.36413576523031055	[0.6199241326005492, 0.4028247840250977, 0.31487163724407935, 0.24012717924418336, 0.2506688967966004]
0	0.29505064924811064	[0.62645838948917, 0.2686525279559919, 0.1595631596012808, 0.20378729865465964, 0.21151224628102688]
0	0.3773979426422294	[0.6970496390220179, 0.4601209100094274, 0.24897829690050968, 0.24706348327512484, 0.25032197747750673]
0	0.24367452617584073	[0.491786850558258, 0.20929187899288237, 0.1289518240639037, 0.17489563209676356, 0.2065699157308045]
0	0.2559603523514515	[0.5386419227943848, 0.21573840464437363, 0.14628326390244656, 0.17952213043320298, 0.1915716504414338]
0	0.4203785341203602	[0.6559594142782199, 0.4680294015224918, 0.3859422537042626, 0.3305742465968125, 0.2709175279804403]
0	0.4782000033228436	[0.6364796912839629, 0.5962290084151193, 0.5559922485528678, 0.3166106399860912, 0.3092942293946322]
0	0.24032252665195641	[0.40893171714030246, 0.2508355453086072, 0.17285968514377167, 0.18475243478501713, 0.18633585461341365]
0	0.29843893600425037	[0.4557690702109591, 0.3617482842608747, 0.2677192458292982, 0.19673177815743279, 0.2228881712140118]
0	0.54073032163048	[0.6255783611782887, 0.6894624916995161, 0.7114431986848556, 0.407273438586615, 0.2996405520169316]
0	0.4978054549654258	[0.587323823969296, 0.6651351005168392, 0.6215948967137395, 0.30529347499018555, 0.34314590774735126]
0	0.4666033716596908	[0.5804654101685354, 0.5089475903176649, 0.6077803275585032, 0.39679530979289723, 0.24749706419244846]
0	0.2458782797866059	[0.26519609256283483, 0.30934179638620785, 0.21035555067558295, 0.209778672642886, 0.24741198998543837]
0	0.1293029851599282	[0.12245848181849237, 0.11323730593075644, 0.07247930030971755, 0.15161906015580456, 0.1835076417390356]
0	0.4153601072158002	[0.5369233884179502, 0.5592343248451682, 0.48060100161550634, 0.27712825252426476, 0.251688412201985]
0	0.5359122869133095	[0.6126521970629122, 0.6814213680274124, 0.7025131081248175, 0.38946483207211874, 0.322611745502107]
0	0.530818509574497	[0.6062668360842252, 0.7061005910349782, 0.7055068026969289, 0.3853211192175689, 0.2859536151308804]
0	0.530818509574497	[0.6062668360842252, 0.7061005910349782, 0.7055068026969289, 0.3853211192175689, 0.2859536151308804]
0	0.5386282434895286	[0.6144212004329617, 0.7192803911035749, 0.6935979838397395, 0.3739171520031864, 0.32805491959099015]
0	0.426883668425864	[0.6005524767094469, 0.46970372252462805, 0.4177409796323427, 0.3610259939702477, 0.29395918011240735]
0	0.5127679611569244	[0.6000100528597305, 0.6963515815456282, 0.6514837365199556, 0.3788229469863672, 0.2738882119506811]
0	0.5461600919918481	[0.6217325790585537, 0.6987085014791742, 0.7190541917653213, 0.42814575863529236, 0.2936691109183637]
0	0.5086554854862676	[0.616792318533886, 0.6488981234557958, 0.741710757507851, 0.2965628276102553, 0.26736192791745517]
0	0.5485249928259783	[0.6217325790585537, 0.7128979064839559, 0.7190541917653213, 0.42814575863529236, 0.2936691109183637]
0	0.5356031792880804	[0.6016940057698726, 0.7086199652647294, 0.7140827754838944, 0.40439182997609346, 0.28383067714114235]
0	0.3417679101115467	[0.6336614705519488, 0.3575705730382266, 0.2013374006194133, 0.23805598888837667, 0.28137465004510437]
0	0.395866625513543	[0.5538455127345457, 0.5060033897797388, 0.34379496847483226, 0.24764705008763835, 0.35006955934419876]
0	0.4292403461333355	[0.5838462515894995, 0.5912764257467593, 0.4448324517842145, 0.27540352498189485, 0.2832502924869941]
0	0.3905523151591018	[0.560727578039395, 0.4913640072727905, 0.37157069323899217, 0.26966980419066044, 0.27959183147640876]
0	0.507341405021469	[0.5865236044993463, 0.7015816684379561, 0.5490456933150772, 0.37551540953382406, 0.36288870200443907]
0	0.4546521005104832	[0.5854852706052128, 0.5152229337768836, 0.6100436763482926, 0.25880928792119035, 0.31581350055411694]
0	0.4732450908790113	[0.5646524366621833, 0.4821717045499548, 0.6717364333918108, 0.3427147834784741, 0.3067354190468221]
0	0.3543435073419619	[0.5066840359830402, 0.459589572846736, 0.2993468147461465, 0.24748738430509315, 0.27965894192974816]
0	0.3196463628765572	[0.4987408167878311, 0.4016440575203627, 0.2444484594335002, 0.21357430235697591, 0.25622371721287723]
0	0.3205374171659497	[0.5058481997751443, 0.40417605973689086, 0.2800794819415829, 0.21094417994880058, 0.21836689294151834]
0	0.5485249928259783	[0.6217325790585537, 0.7128979064839559, 0.7190541917653213, 0.42814575863529236, 0.2936691109183637]
0	0.4060998507963736	[0.5275518670419944, 0.5340202656650489, 0.46021157071517316, 0.274060905591778, 0.26023872794160874]
0	0.5374704388717387	[0.6255783611782887, 0.6699031951470675, 0.7114431986848556, 0.407273438586615, 0.2996405520169327]
0	0.4606906807867018	[0.5347302545329564, 0.6282467898972929, 0.5395518196145936, 0.27400435855325056, 0.36043140315753347]
0	0.5104466006013636	[0.5873502928169967, 0.7408245467849466, 0.6924546728057679, 0.3222407616323383, 0.2554383182034847]
0	0.27667671654730913	[0.3208801201462474, 0.23338810808593446, 0.24746153580683827, 0.30878196167987776, 0.26421413532537275]
0	0.51262969566666	[0.5972673350461741, 0.6132842546644817, 0.6578365747907522, 0.417067491549863, 0.29782373408159335]
0	0.5424486357845159	[0.6138573198570058, 0.7558096534981131, 0.7060577038821222, 0.3980006169174857, 0.28119008831057185]
0	0.4956452610745361	[0.6063440772831715, 0.6534285144967678, 0.6747901737429235, 0.3320114865852194, 0.2432087039490444]
0	0.43327658958436327	[0.6326913160984, 0.577238045909909, 0.3862374783280472, 0.26991381262944797, 0.3290945862211213]
0	0.5280916048554061	[0.6149172652784248, 0.7243624710255239, 0.6364414141287097, 0.3569389529307337, 0.34705209414766186]
0	0.5440185834519591	[0.6189684542587057, 0.7243431471226922, 0.7166990580259456, 0.41414577612139347, 0.2820013944652052]
0	0.5152272119825547	[0.5937889277248681, 0.7334593292480055, 0.6891483177553781, 0.35080410714624627, 0.2525818014913659]
0	0.4639026920945338	[0.5556367348047145, 0.660292568775819, 0.5525726969409991, 0.2886288798802037, 0.3016605554071897]
0	0.5037835281500764	[0.5789600267066769, 0.6953074959951169, 0.6631235216421316, 0.32854402221807305, 0.2912873677573919]
0	0.5250204019604992	[0.5905942141713637, 0.7093270894790191, 0.7273791344577649, 0.3865564320325492, 0.24810647716550216]
0	0.5351206713500912	[0.5904876397178719, 0.7171280159670866, 0.7384154140524332, 0.4153246486911862, 0.2506491072452774]
0	0.5257984532324727	[0.608096880038441, 0.6918873141399448, 0.7340932328192137, 0.37820561184899043, 0.24992699949726804]
0	0.5405059729672188	[0.5984558002204129, 0.721463434670324, 0.7194009652556846, 0.38019952941650853, 0.3192016276137853]
0	0.5371561064411677	[0.5884282466962618, 0.7470141335997782, 0.7196291485401335, 0.3739094724948642, 0.29877113630652335]
0	0.5435262101493546	[0.5969295459446611, 0.7423775938495719, 0.7402995927915326, 0.3960403905276776, 0.28175420437337356]
0	0.5564754941772234	[0.6050086508561047, 0.7987714757823849, 0.7777730558956262, 0.388397166952613, 0.2608863177204204]
0	0.43334844166187225	[0.5470451229942348, 0.6139138268324644, 0.49411221026979535, 0.26892274381477915, 0.2788613814322057]
0	0.46959666778973125	[0.5764464538442285, 0.6505914204439333, 0.5141858804504421, 0.27892183067230064, 0.36403670406859234]
0	0.5414964358929745	[0.6151329370900905, 0.7586566391265398, 0.6738686126864011, 0.38638616912799245, 0.3168698620805618]
0	0.5384097437894011	[0.6154388753269376, 0.7565974368860895, 0.730209157686796, 0.3509108719476468, 0.2825299157188733]
0	0.5024842184346237	[0.6187004432835149, 0.6543871382303322, 0.6397748244246146, 0.3617339078500945, 0.26820536234370346]
0	0.5564754941772234	[0.6050086508561047, 0.7987714757823849, 0.7777730558956262, 0.388397166952613, 0.2608863177204204]
0	0.11836619320051739	[0.35640015852419327, 0.024386972998644407, 0.02672528800826467, 0.09002778985793704, 0.0754949125731731]
0	0.5445203302804913	[0.5881575269631527, 0.7165501897317821, 0.8097192380775295, 0.3903659804766538, 0.2522146880435967]
0	0.5515083930592235	[0.6126071683419243, 0.779234097499672, 0.7418269185871671, 0.407236805686385, 0.2621821160690589]
0	0.4876522650690924	[0.5963379234920323, 0.6796400399955905, 0.5708579617329086, 0.30552204132682825, 0.32430091378340226]
0	0.3761909914419541	[0.5453005974427003, 0.47616363699175923, 0.34440721623005593, 0.251580576789679, 0.2834974588655371]
0	0.3781067467344452	[0.575535957084578, 0.45817007032936746, 0.29138024864858136, 0.2509059006848734, 0.3305542216438101]
0	0.5213714436994125	[0.5890669726137301, 0.7076472496761509, 0.6429213304783408, 0.3345390652529642, 0.3699377616712242]
0	0.5159847708773765	[0.5841737632728937, 0.7479002384346176, 0.6411796188685124, 0.32621634930224547, 0.3268369780200611]
0	0.5474337848323598	[0.6100252983877218, 0.7893928246796412, 0.7695542040120047, 0.37725216670854334, 0.2393362383433442]
0	0.518742195034845	[0.5893024350354469, 0.6906123232651893, 0.6976106080003323, 0.3298551434357578, 0.3207044910835675]
0	0.5525339856509225	[0.5970448984483264, 0.7640965575298849, 0.7087935858805933, 0.3519178086695561, 0.38312959210204417]
0	0.5224166969147088	[0.5902257385127764, 0.7064610124828035, 0.7047234553644579, 0.38060550463330056, 0.26687663669382516]
0	0.548150736628975	[0.6135320370883052, 0.7280655240739461, 0.7153351051775038, 0.36486321595093485, 0.3549407583431794]
0	0.5033256747657757	[0.5858121028664901, 0.6856987337363832, 0.6956532289136792, 0.3240041114051067, 0.2619348087013404]
0	0.5327018583249555	[0.6053158058275642, 0.7504415619122236, 0.700874237136926, 0.35233553543663276, 0.2980900920288842]
0	0.5330379588965025	[0.6071913417317079, 0.7031114320225906, 0.6935727399732544, 0.36610371953201004, 0.32922525584816753]
0	0.5358924853814061	[0.6003778990995134, 0.7154418591828178, 0.7201148627314723, 0.3583787718806733, 0.3210589087728366]
0	0.5199888317949818	[0.6096552043810854, 0.7056363277182812, 0.6585838787931313, 0.33773686058192776, 0.325461386685143]
0	0.548989445939975	[0.6057231869999044, 0.7370126657383685, 0.7381081374499503, 0.39847222013891065, 0.30323566333241997]
0	0.5505725499042188	[0.5986826730796126, 0.7833055568154412, 0.7407897576305975, 0.37985604048734006, 0.2967753228903471]
0	0.4838993115475767	[0.5958967431532307, 0.623083343941364, 0.633542227388404, 0.3286474620504716, 0.2661635876831709]
0	0.49126332094449277	[0.6392676292764728, 0.6252785173426967, 0.5576215399392286, 0.3388786527695918, 0.322073304674115]
0	0.501873477882178	[0.6119844723140544, 0.6750740818606153, 0.6231794946257989, 0.36633240934582606, 0.26743705206028306]
0	0.5419230583731385	[0.5977567154148272, 0.7622517086742705, 0.7133072385655106, 0.3573893738162, 0.3229759854551108]
0	0.3429135239089806	[0.4879914572057544, 0.47557925928789957, 0.2582488661224929, 0.237339194304359, 0.2819419897001809]
0	0.5484358971214285	[0.6065611369541855, 0.7123935902268327, 0.7688375007360503, 0.3890910283504676, 0.2980877679606872]
0	0.5221823302792697	[0.5967499781584974, 0.680783377064095, 0.7320562763044258, 0.38055772340197996, 0.25248450582431514]
0	0.5452639125113526	[0.6141923768642993, 0.7906856158537869, 0.7339181012917054, 0.36889589070608364, 0.26771191850937504]
0	0.43284054328692484	[0.5445073131586071, 0.618395630097278, 0.48752455330056954, 0.2641222534215378, 0.28676398381870244]
0	0.4569112116987161	[0.5819617339402566, 0.6632765358198076, 0.5585121687304444, 0.29323189076038525, 0.22884679406690528]
0	0.5263939086763421	[0.5948432761268845, 0.6766696857079361, 0.6829475699101089, 0.4431451800322575, 0.26441898701084204]
0	0.5208265192747531	[0.5945929861740945, 0.7055696086940191, 0.6764551482003481, 0.37384089612960825, 0.29062257505954875]
0	0.5543839294240859	[0.5976349749877249, 0.7750545088206255, 0.7259160064744777, 0.3784544516988601, 0.3389938210180487]
1	0.19025363993142239	[0.33443386552603116, 0.16501282272158227, 0.13253877113634094, 0.15393382525308352, 0.1603007515781059]
1	0.23383246139830172	[0.40453497378569525, 0.25154370136712995, 0.15888708459572412, 0.1813184546908737, 0.17642034054585118]
1	0.1330879025519722	[0.2752079350676606, 0.0548818025397555, 0.04728131589194891, 0.14465227656321009, 0.1277749626948426]
1	0.2512078583144516	[0.5692374528933561, 0.23410756916534867, 0.1488096384331985, 0.14711347246698017, 0.15335110078355405]
1	0.29295216237366223	[0.41377123111933234, 0.3858522559350415, 0.2511917811472561, 0.20543839463178132, 0.2270871677471758]
1	0.3681426780322444	[0.4705708545915671, 0.46952862887515123, 0.47672640373815695, 0.24270085560881394, 0.20146383751611383]
1	0.20013145811755115	[0.34226408476057907, 0.18005078490523865, 0.12874683239593926, 0.16468610899299352, 0.18089334489054268]
1	0.18124224210517406	[0.3745539576563332, 0.12458886592341696, 0.08936667881942331, 0.14577652144681513, 0.1605945114435303]
1	0.17615679658590586	[0.23820222305326175, 0.16630163781280352, 0.15490827268229984, 0.15540783291323518, 0.16399298471330856]
1	0.28289063268384895	[0.4395527369506184, 0.33763264524613124, 0.22426772984435991, 0.18541994977034484, 0.23852850412024687]
1	0.1318486239691388	[0.1825117846984294, 0.10193150784314486, 0.08536491820080998, 0.1320378640057973, 0.15141362187231364]
1	0.20427993089110486	[0.36682802635966466, 0.18288485850696104, 0.12994960686520432, 0.16627601981734522, 0.1711821284295203]
1	0.4116514556663945	[0.5296297020270864, 0.45579311335508277, 0.5773543606948097, 0.2697553177224429, 0.23455311607028834]
1	0.17454462079563093	[0.30995845988450893, 0.1389637248677099, 0.09229825792355117, 0.15120399343262367, 0.17318248868417688]
1	0.3106495813495092	[0.5863237155375393, 0.3578157749324997, 0.22029314559172025, 0.17811796520153586, 0.22013054420084918]
1	0.2121578568455296	[0.3781115442760265, 0.17263757877252667, 0.15511391165623722, 0.15641058212106648, 0.1906116117871904]
1	0.11630865076499791	[0.2250424263456265, 0.057136284702883865, 0.04607012465899896, 0.11644594809123172, 0.1250139968138257]
1	0.4067040034438346	[0.5765228632957026, 0.5465262995235517, 0.4421211390577178, 0.25210540285831606, 0.2442087716998283]
1	0.41817728228349227	[0.5352117900940419, 0.5401266111980871, 0.5477056698283781, 0.24934864121766595, 0.24288356486220739]
1	0.327291591876797	[0.44170701246219407, 0.41143213697424397, 0.35177060316857744, 0.250960567493384, 0.197415748305075]
1	0.18818683347577375	[0.31521825946770804, 0.15785035874888598, 0.1340291503428415, 0.16013028554615336, 0.16763881832790253]
1	0.415364901611419	[0.5313418661327715, 0.5485827496345129, 0.5428463837274047, 0.24818097734528446, 0.23251610082173982]
1	0.17113329916380923	[0.268974515639438, 0.14820024502302193, 0.11314472568303303, 0.1617678649076931, 0.15899253373770264]
1	0.34920697061014383	[0.4949550160909055, 0.4238072475840148, 0.3545982254660799, 0.23356405303665898, 0.2540303662678341]
1	0.3512421187228171	[0.49795985606592136, 0.4376817820724265, 0.352270165613153, 0.2276154804835137, 0.2579712420489928]
1	0.16577787000978145	[0.2731777952193012, 0.13832938890138796, 0.10274076096850676, 0.1556541273716212, 0.15349758136641134]
1	0.37217702345885323	[0.5177511964662288, 0.47404882246266183, 0.40569652248190397, 0.28116043084806297, 0.20260250483617]
1	0.33717270494764906	[0.48059843444018996, 0.41879551940232157, 0.3414733497899766, 0.239759811312859, 0.2215609726838325]
1	0.13502274430831213	[0.23744290519304526, 0.09375236841148686, 0.05540436539766017, 0.14306674683792836, 0.13719326052207503]
1	0.40742681764931843	[0.531613581403797, 0.4154370128530623, 0.5963551732389003, 0.2580404239560522, 0.23728993583552896]
1	0.20975240701955028	[0.22924478341297136, 0.2601552941304024, 0.23496992756660973, 0.16771969654003546, 0.1667529108699029]
1	0.2787603029654698	[0.49544968943876666, 0.2663317611722151, 0.22351302441880574, 0.2071369754153234, 0.19888435602358692]
1	0.41817728228349227	[0.5352117900940419, 0.5401266111980871, 0.5477056698283781, 0.24934864121766595, 0.24288356486220739]
1	0.40959385776754015	[0.5403812994782539, 0.46841248091265153, 0.554688223718163, 0.2640691662031224, 0.23218184315453208]
1	0.14698623275101755	[0.2630622944422681, 0.1021209871184829, 0.0710877284448388, 0.14213104384726652, 0.1475560607757245]
1	0.11423824625961061	[0.21628272602369336, 0.05642419552441755, 0.042993808835064734, 0.1160526202228763, 0.1278750705449625]
1	0.11675350323422375	[0.22745379213177772, 0.05642419552441755, 0.04329758124271903, 0.116597087430583, 0.12792899829966015]
1	0.22654919215589478	[0.3398049639451346, 0.24136336673406186, 0.14555786274950297, 0.20222976424535402, 0.20675283802105401]
1	0.37312807923019886	[0.5923386325841847, 0.4306823633497549, 0.29516132124200867, 0.2776737072226813, 0.2812952285762761]
1	0.22643332945071307	[0.3330355594480216, 0.23967607912685202, 0.16937856425583536, 0.17891921463864613, 0.21380577971943812]
1	0.30908172096132164	[0.49871697295148115, 0.33832638603672804, 0.23907576175664708, 0.2321529065427715, 0.24298551053406178]
1	0.2711250459440605	[0.5200617437644878, 0.2321032023240538, 0.15645802375534973, 0.22002035300321893, 0.21917753814919105]
1	0.05680243462605539	[0.04204883329704276, 0.02940622123260527, 0.029090951375208233, 0.09562954384100614, 0.08235738070572451]
1	0.10908282678201654	[0.1119573903549106, 0.07769236482216156, 0.07377092437922311, 0.1338524776949829, 0.14186288426683363]
1	0.07510059218411558	[0.06993798713312169, 0.041451046737236666, 0.0396500957363012, 0.10677429394920931, 0.11095962827533322]
1	0.07509019726928784	[0.0699376271020855, 0.04145098681254029, 0.03964887111000694, 0.10673494534642071, 0.11095071388403623]
1	0.20731304757797886	[0.3517991144659314, 0.19286553567076017, 0.1408805415625979, 0.16587202090331912, 0.18225852290584202]
1	0.4053592854301835	[0.5290203022883154, 0.4457437561878304, 0.5683670596018012, 0.275720382273674, 0.21602182095082603]
1	0.418177718121727	[0.5352117900940419, 0.5401266111980871, 0.547707315432373, 0.24934908763719751, 0.24288356486220739]
1	0.21591795497220315	[0.3961600152829574, 0.17263757877252667, 0.15511391165733954, 0.15641058212106648, 0.1906116117871904]
1	0.06522194250252047	[0.10131863267121381, 0.024375861887533296, 0.02672528800826467, 0.09002778985793704, 0.07549292396465608]
1	0.15721112340978025	[0.2710453562875006, 0.11883468636501379, 0.09314959965377417, 0.14059069181070477, 0.15475999552295466]
1	0.40743076552234897	[0.531613581403797, 0.41545721679995345, 0.59635788762114, 0.258040437822419, 0.23728999421995656]
1	0.15814069797078287	[0.27522540829116493, 0.12216916486793394, 0.08196310336529768, 0.14514871753151687, 0.15900278917743108]
1	0.14150760432739215	[0.27192927109405923, 0.08424534490317692, 0.06237241144274041, 0.13477446563269832, 0.14276407667944283]
1	0.21787150006162642	[0.3451500259751654, 0.22730716812046264, 0.20449317889386687, 0.16517721023885476, 0.1491170506915497]
1	0.4074268519005774	[0.531613581403797, 0.4154370128530623, 0.5963551633145623, 0.2580404238880692, 0.23729011023389326]
1	0.4144557669656072	[0.5376482300606875, 0.4308627644006372, 0.6033986025525971, 0.26757979671421395, 0.23607084058690622]
1	0.4001432050176407	[0.5150443223546659, 0.4709416100771972, 0.5675950951580747, 0.2289473490958019, 0.23234732941437478]
1	0.4001432050176407	[0.5150443223546659, 0.4709416100771972, 0.5675950951580747, 0.2289473490958019, 0.23234732941437478]
1	0.4001432050176407	[0.5150443223546659, 0.4709416100771972, 0.5675950951580747, 0.2289473490958019, 0.23234732941437478]
1	0.3752735969464559	[0.5274372715250528, 0.46172175345137045, 0.4114879452359669, 0.288151298874392, 0.2048593469464799]
1	0.36747531840478453	[0.5171535847113509, 0.45274926536604376, 0.4001734673033534, 0.28196445790193586, 0.20239060613349075]
1	0.176164459509455	[0.28544762823352293, 0.1552951620489197, 0.11898442364437134, 0.16162446570907774, 0.15529675841927598]
1	0.22000612050807536	[0.3262396226091665, 0.23108912377602028, 0.16418998921980615, 0.18558506775073885, 0.19514339983823395]
1	0.051628001051752366	[0.03605683621012101, 0.024386972998644407, 0.02672528800826467, 0.09002778985793704, 0.0754949125731731]
1	0.167752261747347	[0.29959983218468167, 0.13422101830763483, 0.09509348723196556, 0.14897060585138353, 0.1541701164731272]
1	0.17105649268895673	[0.271088831643185, 0.1495994851088234, 0.11875469278753506, 0.15812255396801994, 0.1534254984211935]
1	0.4074271222827785	[0.531613581403797, 0.4154370128530623, 0.5963566348001432, 0.25804042463541743, 0.23728993583552896]
1	0.2537857823336722	[0.3867049727536139, 0.2877701622881472, 0.19380744113928997, 0.19988662990059652, 0.20755658157760845]
1	0.2211475301371141	[0.3577425655073594, 0.22274469164893052, 0.14194528238365592, 0.18032374623066244, 0.2033007972173256]
1	0.10325600309634779	[0.17478468250898552, 0.050100472112602476, 0.042119187646041875, 0.11484311595293167, 0.12380145106442829]
1	0.1393358710284143	[0.2611123016573041, 0.08792780062894949, 0.07439486178758471, 0.1266156484643975, 0.13634712852394273]
1	0.1279260691611901	[0.2488629344978386, 0.0717632253056199, 0.05156955836618236, 0.12582579400900756, 0.13037626485618808]
1	0.116250035687464	[0.2068882246785567, 0.05959575144891263, 0.0497874775719857, 0.1212467185950944, 0.13240114929506036]
1	0.4165504767562271	[0.5283306612796247, 0.515742311024964, 0.5176732132802778, 0.27352827200426566, 0.2673162930457508]
1	0.3127326105586175	[0.4377841191134621, 0.3653870994616739, 0.2840770869436192, 0.22215713592519776, 0.2647885091297458]
1	0.30481976139709566	[0.44146489035449055, 0.37621107959414707, 0.27371054235128583, 0.21682875560290635, 0.23016180272205902]
1	0.354922185377917	[0.5276096332415358, 0.4294611070339996, 0.3696495952225932, 0.2590146933674535, 0.2037836823552195]
1	0.2745638364592367	[0.4428580492369625, 0.3337472471502547, 0.2084610773124522, 0.2062534378931707, 0.19333605284154684]
1	0.1913201640594334	[0.35703470769198137, 0.19194026692543928, 0.08537058346000416, 0.16753838059260473, 0.15484090220033858]
1	0.2536649182601935	[0.4847853771601096, 0.23100286540775603, 0.14134797471389166, 0.1862021985016704, 0.22045376494705207]
1	0.4319482508595562	[0.5381318153461346, 0.5753391819614582, 0.602486223551387, 0.2587066364969602, 0.21375558316222137]
1	0.2827753026414797	[0.43546876267683654, 0.3232114227496108, 0.2675702914249537, 0.19802705988965472, 0.19768620048796903]
1	0.14980915944995837	[0.26472051059560575, 0.11354004445978472, 0.07382239861524348, 0.14167229443923418, 0.14803672614188895]
1	0.1821988039531895	[0.34498798564486194, 0.1504561521669375, 0.10885906786642033, 0.15247588131437476, 0.14786640241610266]
1	0.18846290093533147	[0.25963961249054457, 0.1689708006775147, 0.11474529792201585, 0.18653763505632712, 0.20852273847869168]
1	0.18037299054302447	[0.32262104842600603, 0.14657294977453958, 0.10245535870837949, 0.15632715266771985, 0.16712843498478056]
1	0.06155509199933345	[0.07086853736127427, 0.025197834804981802, 0.027586489907348296, 0.0943585437396993, 0.08249260274449323]
1	0.14459268421790483	[0.16682443517983048, 0.13485789231600595, 0.08578963934765561, 0.15962899577987613, 0.17391550008577622]
1	0.20736237131473031	[0.23774888411199133, 0.2531570122726477, 0.20354808327219653, 0.17057369610881984, 0.18094310899957972]
1	0.23113963758379263	[0.4314478566097739, 0.19976270802547383, 0.12711969637940676, 0.18275080709812322, 0.20834173389452154]
1	0.1759447934591558	[0.28410359346824676, 0.15172157641888084, 0.12006376043047591, 0.15702736830633607, 0.16196302526378442]
1	0.1753249077619052	[0.28073148197407555, 0.15346530983157022, 0.11795320584356202, 0.15824072362643835, 0.16186189794781272]
2	0.4277385976894892	[0.6572438236108309, 0.47008431822307295, 0.43831126315055047, 0.2828696841916113, 0.2986530433780975]
2	0.3592902674137516	[0.563627557024706, 0.4659217589537746, 0.30768285287477437, 0.22468106756321599, 0.25586439896029156]
2	0.33251247197112827	[0.5022906593724787, 0.348177487584553, 0.34578206803746275, 0.23520757514049145, 0.23423757284334026]
2	0.3570679207579393	[0.5494580548526103, 0.37614897210509524, 0.3483365111285501, 0.2552020124343273, 0.2600102635385445]
2	0.3065544359773528	[0.45368372029373594, 0.3616288136918957, 0.2581879947663861, 0.197514681837143, 0.27277184484051176]
2	0.2552738869769973	[0.45670279848834927, 0.2378628556923734, 0.18916887289426687, 0.18885452790646806, 0.20029817364660438]
2	0.463060089864938	[0.5725237091253857, 0.6202463654784293, 0.4838921662763476, 0.3239236637646833, 0.34615179980254246]
2	0.16852278544198343	[0.294788571794191, 0.11365663251329115, 0.07709696820399346, 0.15741273819062643, 0.18868578592207672]
2	0.4638413191028946	[0.5762736094675774, 0.6202463654784293, 0.4838921662763476, 0.3239236637646833, 0.34615179980254246]
2	0.3375952892612897	[0.5169706343361276, 0.41390443102445384, 0.3191478532359503, 0.2160290228619889, 0.2371863332005608]
2	0.2973900537113106	[0.46550203581373106, 0.29748836093540293, 0.25034824300563874, 0.21162191860009133, 0.26200937164650717]
2	0.4434772613347371	[0.5826038347740702, 0.609688053358131, 0.49039304121775207, 0.2806172451947575, 0.28732629053365366]
2	0.3603721786251836	[0.5257109397969246, 0.4248315691578318, 0.3139180734577656, 0.23178757133945843, 0.3185046174804673]
2	0.4067604450344356	[0.5216572839362295, 0.563105077023629, 0.44969902673943973, 0.25519190094589966, 0.27541786292481907]
2	0.45566059550997234	[0.5755910094286025, 0.6605981935497642, 0.4760811976253755, 0.2728160107467358, 0.3342040858073422]
2	0.299117004742329	[0.5923646896948574, 0.25360448845448913, 0.1553687183066576, 0.1964774272057139, 0.288667196792359]
2	0.36118155900514154	[0.5130501613185079, 0.4407416196605431, 0.34265813116278176, 0.24514649801858843, 0.28022339699636717]
2	0.4955853070368648	[0.5944129520824033, 0.7015054156687704, 0.580333962002705, 0.32600950873678053, 0.31684871842004597]
2	0.18350769343949053	[0.30729786340791326, 0.15439249965425386, 0.08704017037362899, 0.17678758660635446, 0.1861973083982547]
2	0.1272720291001021	[0.2447467862387983, 0.0647635849972039, 0.04613737832336449, 0.13050922509131846, 0.13770148202924576]
2	0.2560679437546179	[0.5366973038837021, 0.19247105781976653, 0.12455770840900895, 0.19252788530922002, 0.22136638616442178]
2	0.44605838810752757	[0.5763018179620045, 0.6238992469690471, 0.4892165827398463, 0.310150143661799, 0.2662923209772447]
2	0.3954856751866745	[0.5708898554398844, 0.3967291318984471, 0.38064238796222716, 0.2679718390750663, 0.36144385290010184]
2	0.3810406226620241	[0.5038817376481513, 0.4974084057848233, 0.4939998800253665, 0.21551756084673282, 0.21766908562960635]
2	0.47056600048608205	[0.5713545637705916, 0.6612386004701981, 0.5285777599465648, 0.3136320083552036, 0.3161615898846753]
2	0.4251411039417904	[0.5820883394071482, 0.5562119173711911, 0.49713373017911744, 0.28675882885316495, 0.22972686658421024]
2	0.4056828697954755	[0.5321618746936667, 0.4534747132169076, 0.36527607558458935, 0.39148337984322523, 0.29557667432327506]
2	0.3879066590222066	[0.48016895293317574, 0.43783328679921385, 0.3830378284992524, 0.2667573512795334, 0.3817212011552592]
2	0.130280924844328	[0.25187782125150493, 0.06728338767160146, 0.04422291230392579, 0.13303166520976, 0.14238933035030255]
2	0.2553137110885341	[0.4106635337236056, 0.25854720748134896, 0.19683818961821137, 0.18929067739223404, 0.2218756465058337]
2	0.4717719870852185	[0.5504585758948504, 0.6353352841000556, 0.5468340372145241, 0.30735517626943626, 0.35158952135019356]
2	0.4143792848591301	[0.5652415894019265, 0.5706456781436948, 0.4677924652594951, 0.24388001238693235, 0.25558995776051496]
2	0.4907811384107311	[0.6000304185989199, 0.7118250469024354, 0.5878260044637504, 0.2928861283799015, 0.30554687540698905]
2	0.4282993422360399	[0.5121171353258324, 0.5680926448157066, 0.45437444810092076, 0.29006921493501076, 0.34480192851866226]
2	0.3045119015046154	[0.4452313576284844, 0.34925404130531956, 0.30658810622255894, 0.19285768891746533, 0.23757674140938967]
2	0.5262440086565632	[0.5604186040804978, 0.740709315834451, 0.7068156518169232, 0.31352337389226864, 0.3526461590942524]
2	0.5241033675825831	[0.5991517294257015, 0.67367521957276, 0.7181818389032337, 0.36070438295918716, 0.29871803745006864]
2	0.43969281656405507	[0.5453717346460384, 0.6275371884088101, 0.5183577481897412, 0.287555850117862, 0.25721043582677444]
2	0.13677095963558902	[0.25183414368711554, 0.07891087787852834, 0.04553305327954824, 0.1405315672059513, 0.15547313977538957]
2	0.4349713317259378	[0.5464476928522837, 0.6370574037030244, 0.5295213955641905, 0.2749577452656969, 0.22728963563991084]
2	0.4242283338373563	[0.5494419931096862, 0.48815187622842454, 0.5138748300532427, 0.26704221209738377, 0.3154154661762578]
2	0.46774885156386753	[0.5405900750605958, 0.6301052529689487, 0.6080721242493362, 0.3006524448712187, 0.2917956409502542]
2	0.37907608390439307	[0.5489810290729913, 0.5007702972625023, 0.36562287087261086, 0.24180842189898324, 0.26253664308649943]
2	0.5196425162551579	[0.5762637847277446, 0.7468449358106013, 0.708658837393032, 0.32461346940219, 0.28727203785331046]
2	0.45856462188362485	[0.5561147902688199, 0.6648476037256468, 0.5662490691170694, 0.2909736317750266, 0.255894610899966]
2	0.4646043081447062	[0.5429008531276862, 0.6514138402027702, 0.5979242900533667, 0.2929993522663793, 0.27514511148494175]
2	0.500631457320575	[0.570470519995317, 0.6398769360571466, 0.6864122656820346, 0.31542886447300494, 0.3188177961426858]
2	0.3251899210476615	[0.5219734430691175, 0.3057631964326741, 0.3478721398694523, 0.22183704995535405, 0.22461843098871176]
2	0.26994804908876674	[0.4303172775465492, 0.28587495859734857, 0.2067036613602522, 0.21213465961577022, 0.21789507022563004]
2	0.28490308473588555	[0.46598525211604896, 0.3036204563139721, 0.22299995507870984, 0.19408258853778462, 0.24157064594852964]
2	0.24311889923123337	[0.3957119306708401, 0.24522447083753063, 0.17153432200717655, 0.19672663901193393, 0.2068182479499449]
2	0.1084686842856411	[0.23711907852055747, 0.03281205970413953, 0.0349008013785724, 0.10660390289512789, 0.11577625401350795]
2	0.3692851185730606	[0.5680115023965743, 0.465938495779399, 0.3253188534969929, 0.2510605734129465, 0.2554268432206582]
2	0.17208017337462064	[0.3508151652819648, 0.11430020219830755, 0.08475097152404608, 0.14492725288148103, 0.1540512807520411]
2	0.21578686641528552	[0.35679223104600316, 0.20883689493878774, 0.14537045781239474, 0.1754239669605248, 0.19112078702341756]
2	0.13308932749052255	[0.24874015932833565, 0.0779901777597535, 0.048654800192376356, 0.13621387799715073, 0.14282779222884273]
2	0.12203052727036748	[0.23870650066383906, 0.0524154407495686, 0.040009401875315105, 0.13156817687266867, 0.13353009888628625]
2	0.2616904064665975	[0.46084593222855846, 0.28411512213831747, 0.17014580677712013, 0.18591867346350072, 0.211911440859835]
2	0.44175003144736674	[0.5751011476508454, 0.5126418952246987, 0.605613716774229, 0.3040054019285248, 0.22556636841400188]
2	0.392616550005879	[0.5314698817979261, 0.4929806370690531, 0.47467848580993743, 0.2379721108354034, 0.24605445192970987]
2	0.19215471886273702	[0.3978785657301183, 0.13951757278615834, 0.10468772204817112, 0.1520761263322486, 0.1560861782016731]
2	0.04403708893208961	[0.03263588077615331, 0.015396248560593712, 0.02442476715349101, 0.08132119474412985, 0.06067918535178097]
2	0.43783725090489894	[0.5805072234848517, 0.593240893055687, 0.5281471561466057, 0.26593944926030616, 0.25243226100720173]
2	0.3373570024201207	[0.5682702811427942, 0.40742650953419524, 0.21323916727045011, 0.2276026795191805, 0.28426027605679816]
2	0.46319833738301663	[0.551734081789982, 0.6522127516230659, 0.586731083271121, 0.2581780892613313, 0.30493856381759266]
2	0.4245304842765352	[0.4633374251694661, 0.5253810346900898, 0.5608488799858194, 0.26734371407127416, 0.32591147754873717]
2	0.15700337023153083	[0.2991921661809017, 0.11123896412359062, 0.0815108169991339, 0.1373663521526315, 0.14655567047980836]
2	0.33370741309230595	[0.5592065804884073, 0.4251896273037709, 0.2203874538130714, 0.221449220415685, 0.2606006262828885]
2	0.4048397893447894	[0.5187593032701224, 0.5817815706215137, 0.4424434918019272, 0.23540002323751308, 0.2812029140482156]
2	0.41528815957385196	[0.5368227172275258, 0.5422208753031207, 0.49685963488399365, 0.25147032795678526, 0.27445378564368794]
2	0.51754960353749	[0.5975158371423575, 0.6938236404333417, 0.6870627803902861, 0.3326434233752924, 0.31195714372534267]
2	0.5314935232572878	[0.6312830272722667, 0.6495256339582992, 0.6593311936209455, 0.4197609660518165, 0.3211732175233133]
2	0.35113723868844315	[0.5754182426164868, 0.3381360666615368, 0.2881711121509923, 0.2779969033976011, 0.2733636342102178]
2	0.25972939064006	[0.27665120768861085, 0.240617664010174, 0.2345055132140076, 0.28292855488657054, 0.26012166807495973]
2	0.35768059597708735	[0.43563580231767113, 0.41858570490595465, 0.34426077618027207, 0.3358630681452086, 0.26623865012210357]
2	0.5484821314269365	[0.6165496860527075, 0.7060953970955288, 0.6994203406849689, 0.41621501571335884, 0.3356528707218364]
2	0.4600859064247839	[0.5682731394145617, 0.5236394236497105, 0.6013705573135366, 0.32920139712119684, 0.2906557180698993]
2	0.20571223219966178	[0.3580229964206154, 0.1681460085269444, 0.13339414021617088, 0.16028271229253924, 0.2012020588074958]
2	0.20186883250504725	[0.38118184337908445, 0.17000268629229265, 0.13800616663749155, 0.1552073386247822, 0.15857289834903449]
2	0.3988893264841159	[0.6181213583159827, 0.4555889694918707, 0.3507123250218117, 0.26714906304346725, 0.31421484514899817]
2	0.24625996684530674	[0.37176495331517184, 0.21619802840490884, 0.1664513409060257, 0.2191657964033975, 0.25170732750895003]
2	0.22558896353567665	[0.31797826298461607, 0.27056632678250175, 0.22539297509488476, 0.15736414173172386, 0.1656385837340219]
2	0.3977965264767144	[0.5113574341242992, 0.5095575346783621, 0.4299318167994678, 0.26138869048411933, 0.2990993579376531]
2	0.4027501015720277	[0.5026386855875352, 0.5240482408396838, 0.46937451814704934, 0.2557538352785734, 0.2861948558608282]
2	0.45410261631203774	[0.5993985118375053, 0.5853175101915693, 0.4916150215483347, 0.3711487381167859, 0.2492762786418997]
2	0.30127728003862625	[0.3831335024327188, 0.29361481476549023, 0.26469166729063043, 0.3019031516006084, 0.26151077104905635]
2	0.43148764986386595	[0.5788608039299091, 0.49354090546048596, 0.44878269097800366, 0.3356444931886597, 0.3130200068815953]
2	0.04435362545155903	[0.03415525606960654, 0.015396248560593712, 0.02442476715349101, 0.08132119474412985, 0.06067918535178097]
2	0.22578497090467306	[0.4451859568841752, 0.20147484551646108, 0.12969022128448146, 0.16772086333326008, 0.17999094242734504]
2	0.2591001202738546	[0.47152587580701216, 0.25967097228523456, 0.18256678471450624, 0.18066053626464626, 0.20119060270014968]
2	0.3143296511662396	[0.5992184805598613, 0.34937076642402115, 0.1811718460545002, 0.2200414518659693, 0.22885393397840254]
2	0.04364218583880177	[0.030798255127640395, 0.015393501897187014, 0.02441302503502301, 0.08130141593596005, 0.06065499440987541]
2	0.052555469889514976	[0.038210557053454726, 0.02581233707394262, 0.02780034706011031, 0.08928128265310319, 0.07632419904384959]
2	0.48844877891767424	[0.576441113498588, 0.6840971429225209, 0.6508032755702988, 0.3054765898982874, 0.2645554454996455]
2	0.513110746201863	[0.5997493948426069, 0.7319627703856351, 0.7201545277940209, 0.2802763276653109, 0.27718111515849564]
4	0.18568819997616726	[0.32443736900500525, 0.15564415788520441, 0.11288691170029078, 0.15976251948847298, 0.16970123338367027]
4	0.21926217071601264	[0.4148657471576213, 0.19638976871286673, 0.13026790968179722, 0.17885594591305815, 0.17135700171409068]
4	0.31342804052699536	[0.46429081925654003, 0.37090390154219244, 0.2781715486004147, 0.20983917235230862, 0.25542993308656015]
4	0.23533814097129988	[0.38853530109747736, 0.23822281067105525, 0.18856199783611266, 0.17913451032906028, 0.1828130188627449]
4	0.31201255990170335	[0.46279760818574356, 0.38889769344273234, 0.2925508624480765, 0.20669746511317905, 0.2244961970269911]
4	0.2570262238539856	[0.3886795607909531, 0.3020185085843654, 0.1967228724828881, 0.19019879297855471, 0.21650984137924267]
4	0.13256165646749182	[0.13662364483758768, 0.1253427687602219, 0.0925641385924452, 0.14271675076078905, 0.16411720184496126]
4	0.18952153525872276	[0.3305225202576339, 0.15974276073321267, 0.1198637633371185, 0.1597276969344733, 0.17179518012607356]
4	0.3573389574711289	[0.5039370119082325, 0.471213756273803, 0.358416756133377, 0.22779452953506002, 0.2481076932657069]
4	0.09165062991077935	[0.09281092403461356, 0.06756243170999365, 0.049211882950814356, 0.11532263467866347, 0.12852763653965452]
4	0.4334314987072086	[0.5698124043819907, 0.5662926513976185, 0.49399682494315805, 0.31287633480693433, 0.250751508544423]
4	0.28971288560654734	[0.461276972573894, 0.3353730259665775, 0.1991924542203505, 0.20197912829136208, 0.25987487505255846]
4	0.3783436237496906	[0.5285742081221784, 0.5243998160818786, 0.39277968645059763, 0.25297112001180594, 0.22220452654843012]
4	0.13198865768561116	[0.2476123340695948, 0.07202739826676116, 0.04822668037663698, 0.13523256420173976, 0.14485205962955316]
4	0.18053201101269212	[0.2862075616831187, 0.14466758665725793, 0.12369019763069444, 0.1663682250587647, 0.1745535991625378]
4	0.31536250773260543	[0.48263231509438087, 0.377219956534577, 0.23724445114472756, 0.20439334031763606, 0.2876939653320999]
4	0.40589310474039675	[0.5564099211993943, 0.5415458091880362, 0.4435996008905441, 0.27286285581747066, 0.24217787749606662]
4	0.17562601471426806	[0.3189660248856554, 0.137748421789847, 0.09761904006682079, 0.15121906020735618, 0.1650020080367766]
4	0.17838473772210492	[0.318675831931607, 0.14511861963373252, 0.1123707691912593, 0.15054378986942502, 0.15856145436682625]
4	0.34910557003873977	[0.47653172158749585, 0.44656184853837505, 0.34647619777533767, 0.21769597170782376, 0.2777533662845934]
4	0.29766919181810453	[0.4475662133744213, 0.36672542708828765, 0.2491592584181588, 0.1987270500722001, 0.23997925719149144]
4	0.24463462334307676	[0.391716709044572, 0.26635672699011065, 0.17393075496885077, 0.18426675335704526, 0.21124659308421184]
4	0.3607537580505332	[0.5038286620919582, 0.45778497480392566, 0.3837982207548959, 0.2457835454619026, 0.23197963049066206]
4	0.2920752463830925	[0.44008092273508487, 0.3547274459223784, 0.23927839159674208, 0.20220733772843474, 0.2366125738406795]
4	0.30985637697709895	[0.46605560174452254, 0.36283560930382913, 0.306910028599987, 0.21360124443978099, 0.21047524726272077]
4	0.427948868314882	[0.5457702668778558, 0.5815292391967583, 0.47573707490056766, 0.27339389659303065, 0.2940299381825725]
4	0.29573372147866217	[0.44215483289041696, 0.33389291978290114, 0.23611017031251152, 0.19470498803731462, 0.2794375360310145]
4	0.25776105678293226	[0.3881614165131985, 0.2839824616872716, 0.20319907708876375, 0.17969861537089915, 0.23900799423539634]
4	0.3302608687427192	[0.4752917683065211, 0.41361178068809545, 0.2983583051891037, 0.21196430736282326, 0.26874836455612766]
4	0.31877272492563963	[0.48547235471262795, 0.4148321845524767, 0.24587674133126258, 0.2312620734293879, 0.2356321625278104]
4	0.4592183979136182	[0.6103093534870635, 0.5777309634424869, 0.6097124455361312, 0.2978846680091405, 0.22415707219904332]
4	0.33137255765118145	[0.5533457881930303, 0.31952669821524576, 0.29017762169798417, 0.27665190955575053, 0.21479159870670944]
4	0.49287483737309373	[0.6399042049158492, 0.6395910635413234, 0.5984501519034575, 0.3664244870984962, 0.24934752463998816]
4	0.4208953173375193	[0.5624132184756795, 0.49741995935238426, 0.4773649001931829, 0.291977848099235, 0.29060558897008787]
4	0.4438223800472493	[0.5567049830084548, 0.5909219026473428, 0.5025161863081632, 0.2866072516895458, 0.31178148110275833]
4	0.49544547928246857	[0.602981071107409, 0.6154375722437019, 0.5870254309497546, 0.3426705985773276, 0.3531111421263969]
4	0.45364507870109133	[0.5991004629981966, 0.5983924908998631, 0.6417227227095494, 0.2224371458092385, 0.23552205352836306]
4	0.4763667572203616	[0.5786225247815086, 0.5905845141042753, 0.5690115753615689, 0.3854992199692184, 0.28095950326201946]
4	0.44352400833755995	[0.6176157677489879, 0.5831187572102808, 0.5577336722279198, 0.24111503311923937, 0.24595576115591586]
4	0.4382867401203088	[0.5512343688359556, 0.533746896166718, 0.5092988537752826, 0.315593583660118, 0.3006520293727518]
4	0.4503976077868047	[0.5568885940315327, 0.5871440574788571, 0.5477301325916654, 0.31652992909247324, 0.27104461567790594]
4	0.41401189930149546	[0.5575759097727924, 0.5225992638792568, 0.425344923677962, 0.2896332304046577, 0.2966236416883604]
4	0.45064651430474084	[0.5683049888534929, 0.5621950858274913, 0.5406673632033693, 0.34385728103576524, 0.26051756690813566]
4	0.47473157501372004	[0.5805583236010936, 0.6461275256006128, 0.6292890264222479, 0.30740326564203574, 0.2445589239199883]
4	0.48238587323994336	[0.5860168079183706, 0.6452491372190476, 0.6083093784683538, 0.3290405973767904, 0.2758860980129754]
4	0.5005261819499007	[0.5860774345159365, 0.668859298956304, 0.6759792119396915, 0.29736612710468724, 0.30801546063416485]
4	0.42656044113967034	[0.5326969088878274, 0.5618922440400386, 0.4896244485599435, 0.27318129573433353, 0.30247366905628226]
4	0.4768312765158653	[0.5771542137668165, 0.652120573570333, 0.5775393785050276, 0.33728712686480333, 0.2751129492832396]
4	0.438116052557876	[0.5598042464525252, 0.5422919930004501, 0.4866905711731867, 0.2928625158401705, 0.32976612441156233]
4	0.46685904783080506	[0.5646718542468142, 0.6538778537608355, 0.6069935043655939, 0.31447808727182963, 0.2316777006949583]
4	0.4847937007475398	[0.5826113805514939, 0.6917879563619583, 0.629241795146267, 0.29463694902235277, 0.26708927377851105]
4	0.4373188626856687	[0.5302169343558416, 0.5661193605318319, 0.5622139348193674, 0.2882143738549758, 0.2655898094355597]
4	0.4718145422343109	[0.5789422999493229, 0.6073802139740736, 0.5971836191043639, 0.3166632743352675, 0.28601643815647887]
4	0.4753708123608731	[0.5726586551904679, 0.6562329710966762, 0.6210853303487975, 0.3203660768405038, 0.24268346007508051]
4	0.42416320448088557	[0.5464195407402231, 0.5496142101571823, 0.4664014919766103, 0.2895397077582777, 0.29393127290739385]
4	0.4094117601988544	[0.5410297132115676, 0.5311711636735869, 0.41211934252187726, 0.285746709936945, 0.30134375234524163]
4	0.37403290969019537	[0.5160963749779198, 0.4777588857610006, 0.365948877593818, 0.259987009624834, 0.27111859570756575]
4	0.4871858163688569	[0.5890949426581917, 0.6311721928685707, 0.6607523912211244, 0.29330542470581905, 0.29040140569052103]
4	0.4793712365887529	[0.5752151442536968, 0.6416762061255084, 0.6286085123535174, 0.3241948470852842, 0.25962246703310893]
4	0.46466117515388783	[0.5681381704188632, 0.6363189471162994, 0.5766034062629888, 0.331273852694735, 0.24530305366903543]
4	0.4773404101688122	[0.5985851280843514, 0.6392895335108579, 0.6314431380713386, 0.3089971254571753, 0.24077695038874722]
4	0.47829634078688016	[0.5937948691470363, 0.5776005096275606, 0.6788046179030796, 0.279203097475034, 0.2819394435498262]
4	0.4814986464446321	[0.5755709163677576, 0.6029109688639118, 0.7074695318618123, 0.299437823623895, 0.24638645598963957]
4	0.4783676705609626	[0.567557800105353, 0.6005592383188333, 0.6578640895489468, 0.34342284607509893, 0.2468726923081552]
4	0.4776768068623325	[0.5649196450199029, 0.6266376515542692, 0.641967962241366, 0.29261411093994155, 0.2920368334945704]
4	0.4780658142408462	[0.5882015517552608, 0.628295091264526, 0.6803922191682845, 0.26226113462716444, 0.2612249297937318]
4	0.47974821326347916	[0.5788849614375906, 0.6551313731657264, 0.6177425992487451, 0.3219789745894029, 0.2600797898563804]
4	0.4784842804259975	[0.5779154364878928, 0.624352292928196, 0.6710540816244747, 0.28297175808355823, 0.26530143550630575]
4	0.46303579777646775	[0.5801494774585715, 0.5880415115013438, 0.5620978580539653, 0.30270811540652687, 0.3071831692069065]
4	0.46136533115553047	[0.5662477348177772, 0.6204084140062839, 0.5664862147055084, 0.3096011635682578, 0.2758917452499757]
4	0.46800375328347177	[0.5708635859158868, 0.6258029334645464, 0.606886112475477, 0.31157822255498274, 0.2564477480426811]
4	0.47180234565848445	[0.5716626308662557, 0.6305601853817161, 0.6333917152968543, 0.2966937431981225, 0.25845502149411986]
4	0.48979804360072193	[0.563941884586455, 0.6598803224600539, 0.6392749976888875, 0.3452884121167684, 0.274621056923311]
4	0.4853559718146534	[0.5750292715610235, 0.6715514845852264, 0.6256605460396364, 0.3188728129371866, 0.2729048465043087]
4	0.47295072264589116	[0.5831610615985947, 0.6581921131011385, 0.6177550225364019, 0.26536605631029403, 0.27732763777407615]
4	0.48377323968869973	[0.5760058293273544, 0.6206967852867116, 0.6739109451274159, 0.3302774717552776, 0.2453598760663415]
4	0.3218193617643242	[0.46473908102588823, 0.3800462649555792, 0.30473089206887854, 0.2201534052437461, 0.25107254616577984]
4	0.32273693147703325	[0.43726644923202146, 0.37965001535527804, 0.3199742826478499, 0.2171193529871657, 0.27105717393850026]
4	0.32338583187659004	[0.4762854112707521, 0.3912802219329261, 0.29371163274924844, 0.21756574147376528, 0.2516650299675256]
4	0.46755762449347515	[0.5567600493670278, 0.5999014329467467, 0.533308704636938, 0.34076495736774276, 0.3335217398395743]
4	0.43598826338763846	[0.5383755640026425, 0.5785492903853006, 0.5055019505421399, 0.3012309627589614, 0.28479575464868034]
4	0.45270345039874504	[0.5605521691629098, 0.534402520111716, 0.5314035909106186, 0.32270911882578796, 0.3307896669252867]
4	0.46883547779929535	[0.5775451783576926, 0.6000007580605348, 0.6098405230578637, 0.3008193164997281, 0.2822046690729056]
4	0.4328136738295835	[0.5495780863127985, 0.5779685761553787, 0.49847527637485817, 0.3172903639673868, 0.24978704680265465]
4	0.47805212386193535	[0.587075462376023, 0.5861804390824078, 0.6645444550085847, 0.3239684012170585, 0.2501175246696969]
4	0.4855186829111251	[0.5910457737570441, 0.6358453164266655, 0.6515923517148994, 0.30142356417767824, 0.27775173518244617]
4	0.47306957981793396	[0.569081488633942, 0.6337035965670937, 0.601012287594597, 0.34639471973119595, 0.24728260991267298]
4	0.4938280217758234	[0.5907269168419543, 0.622246554381908, 0.6454403549751666, 0.33036878884272264, 0.3060412003585826]
4	0.4603037802621028	[0.5750259684519191, 0.6252380338004135, 0.5786563533984432, 0.3113120835184615, 0.24427331284893875]
4	0.48945419362516596	[0.5770690257705631, 0.6628951149622382, 0.6556049591427087, 0.32832376789181666, 0.25806628462591763]
4	0.4653930527774834	[0.5737021548791833, 0.5950371374612637, 0.6092005315053128, 0.31340839859889463, 0.26154585837951855]
4	0.2903947646400026	[0.4260428246845602, 0.3325595634610383, 0.2434335276852344, 0.2090298734550837, 0.24934099367830354]
4	0.4653930527774834	[0.5737021548791833, 0.5950371374612637, 0.6092005315053128, 0.31340839859889463, 0.26154585837951855]
4	0.4867215334095158	[0.5741136149236861, 0.6539738988930917, 0.6243900108560893, 0.3111150006334571, 0.3034656148379701]
4	0.48138077650722755	[0.5709873819836068, 0.6094462182128251, 0.6821025472211582, 0.31020667370613875, 0.2597741497535285]
4	0.47642160340067535	[0.5740705459425144, 0.6333378122134313, 0.6927335551753544, 0.2828691202017492, 0.23048022523287856]
4	0.4988748428428314	[0.5767058529442218, 0.6966197032296978, 0.6985437134041992, 0.32898111936296237, 0.2330727973504495]
