0	0.18452424575678308	[0.2841258651923713, 0.2381738897573556, 0.13708471534868236, 0.11237886355703162, 0.161587823728589]
0	0.1772026439620563	[0.2876316293818089, 0.17285906265375964, 0.09184972924623672, 0.1666285579359824, 0.16617552433083455]
0	0.08898972228327094	[0.07626971215824578, 0.0578961791231567, 0.05078136659251227, 0.12583171743470703, 0.1279509274757101]
0	0.15013417857030692	[0.21319939240914298, 0.1202605981555681, 0.09772936363088061, 0.14309461444847058, 0.17041220812452462]
0	0.10706589244303741	[0.11184782851204347, 0.078388031732331, 0.05966607564004255, 0.13339893305271433, 0.14629302113591444]
0	0.16121352360947586	[0.2042266553763191, 0.15850434697037083, 0.12311491643580942, 0.14151182274218618, 0.1781680411948728]
0	0.1752076915802348	[0.22620443012810634, 0.16171131575676234, 0.13936322370850976, 0.14757036536609694, 0.198489847777004]
0	0.1884015646074556	[0.24299010906066437, 0.2099184235288116, 0.13758672398375138, 0.15271427082056618, 0.20310166742775576]
0	0.1884015646074556	[0.24299010906066437, 0.2099184235288116, 0.13758672398375138, 0.15271427082056618, 0.20310166742775576]
0	0.20278505641324324	[0.23352716657351616, 0.2252888148165818, 0.15462292734189378, 0.1844290585289273, 0.22055806648596488]
0	0.20278505641324324	[0.23352716657351616, 0.2252888148165818, 0.15462292734189378, 0.1844290585289273, 0.22055806648596488]
0	0.22616458163527345	[0.28845758964143686, 0.2471890937954135, 0.16458102099095623, 0.1944769526852588, 0.2403231534953299]
0	0.08929750698361073	[0.07205017139955218, 0.05444513289056277, 0.04832226088966461, 0.12219381102561408, 0.1425056838940504]
0	0.10639628282836472	[0.0849401798105728, 0.08428948231172982, 0.061380681613442026, 0.138732016875063, 0.158217693427689]
0	0.16175024329368193	[0.14797686837550494, 0.17362310888549384, 0.10650907087272496, 0.17213817620429828, 0.21087856524875004]
0	0.16447379622083969	[0.14384804118691202, 0.18084004058634198, 0.11039875477022433, 0.1787528852511093, 0.2118025081827113]
0	0.1571323172784519	[0.14895670710525885, 0.16038842065590597, 0.12167188167852284, 0.1685366634178031, 0.1867591342102596]
0	0.22783221272832876	[0.2505903406253738, 0.23150666340281495, 0.17139471345738827, 0.20260866294458965, 0.2837955733463744]
0	0.25170546293323653	[0.3211909749728166, 0.2790806402844882, 0.18376622842607462, 0.2091713152033479, 0.27079319124970574]
0	0.2406885743398006	[0.3120958277233062, 0.23475746347526133, 0.17537360465868548, 0.20917891590574011, 0.27085083776310187]
0	0.22759032092439208	[0.2693790000333251, 0.24130369190421774, 0.1781801461372808, 0.21183974719642, 0.2399916935466817]
0	0.24818994341667416	[0.30019476785571775, 0.2909635016407433, 0.18285181723781843, 0.21194297411992025, 0.263551367873985]
0	0.2349936751614301	[0.284069150942703, 0.2458022561079557, 0.17161869044792408, 0.2069074106857062, 0.26873258381216675]
0	0.23001195326382623	[0.27811571692958464, 0.25998262778167347, 0.16465613948213595, 0.2079908573800921, 0.2453085596492143]
0	0.22981374536706958	[0.29014280404080733, 0.24781463607776866, 0.15495520823488723, 0.20122667603191952, 0.2585295805921048]
0	0.23983471945451326	[0.2981053224184341, 0.2540353551406359, 0.1713352535808874, 0.2070989766586991, 0.27143881661113406]
0	0.24975761881163921	[0.3247103895893985, 0.26536687695543976, 0.19532534285676476, 0.21103660341305436, 0.2554707328722989]
0	0.2574296261247745	[0.3328869789192323, 0.30021506303448015, 0.18572879124665928, 0.21246571972140296, 0.264408665084039]
0	0.24315369806469211	[0.3012024338493853, 0.296029113836845, 0.17274616913753074, 0.20823434244314487, 0.24813151421098503]
0	0.23855527526230005	[0.28469613963489004, 0.2878267015094928, 0.16867604202856684, 0.20790545146598896, 0.2535263269220001]
0	0.23910471748994108	[0.2970635910318583, 0.26443306696619273, 0.186383932134028, 0.2093468884772558, 0.24336177873562087]
0	0.24814827319575863	[0.3041795089962965, 0.28454336300046895, 0.17561727228095356, 0.21946741956195762, 0.26421282010005875]
0	0.24814827319575863	[0.3041795089962965, 0.28454336300046895, 0.17561727228095356, 0.21946741956195762, 0.26421282010005875]
0	0.24814827319575863	[0.3041795089962965, 0.28454336300046895, 0.17561727228095356, 0.21946741956195762, 0.26421282010005875]
0	0.24814827319575863	[0.3041795089962965, 0.28454336300046895, 0.17561727228095356, 0.21946741956195762, 0.26421282010005875]
0	0.22137734562491462	[0.27240531350443326, 0.24325866725209, 0.15972483590363068, 0.20594472954162038, 0.22992944624823408]
0	0.25645650962423844	[0.32736926357319435, 0.2643125773630104, 0.1929140337744536, 0.2177780776734539, 0.2814798092848342]
0	0.226510542913095	[0.2563821965399393, 0.2546678247710345, 0.17291847173537217, 0.20085369215363277, 0.253361985737084]
0	0.21787529969301983	[0.22171208779290544, 0.25212863110348516, 0.16771865803661248, 0.1990162709503527, 0.25565151686383647]
0	0.23195158288331097	[0.2936461168083999, 0.2528234664314086, 0.17464775097623364, 0.20583819944068504, 0.23697675746944707]
0	0.23910471748994108	[0.2970635910318583, 0.26443306696619273, 0.186383932134028, 0.2093468884772558, 0.24336177873562087]
0	0.2574296261247745	[0.3328869789192323, 0.30021506303448015, 0.18572879124665928, 0.21246571972140296, 0.264408665084039]
0	0.2357488984507436	[0.30624373573705027, 0.270138697514515, 0.16656353279473118, 0.20514535848358662, 0.23753112753658914]
0	0.2439828260731766	[0.3085046986734667, 0.2771486160632421, 0.16321974980400764, 0.20602695063016888, 0.27164727319301085]
0	0.2264212776637642	[0.26581157800982, 0.27303816072815157, 0.1566900406403698, 0.2055684948085547, 0.2403214907448025]
0	0.24400010450663512	[0.2999836648480389, 0.27539573172422416, 0.17122364250043678, 0.2076875800993336, 0.2719890288046598]
0	0.23934739892540888	[0.3022541219583215, 0.2808810136974907, 0.1841859597127087, 0.2089351506043823, 0.2287874716085578]
0	0.24377364953367395	[0.3067509928571408, 0.2829340442179763, 0.16906290342828334, 0.20221481113783363, 0.2657375749639962]
0	0.2556861771372758	[0.31954696963425067, 0.2998651270670955, 0.1800974396838629, 0.2124380963503799, 0.27531904293675385]
0	0.2556861771372758	[0.31954696963425067, 0.2998651270670955, 0.1800974396838629, 0.2124380963503799, 0.27531904293675385]
0	0.2577992352603412	[0.3359578441810339, 0.30653338673679464, 0.19092356551138276, 0.2174699814274796, 0.2478582287403056]
0	0.2577992352603412	[0.3359578441810339, 0.30653338673679464, 0.19092356551138276, 0.2174699814274796, 0.2478582287403056]
0	0.2006014493312915	[0.2893816536630694, 0.19531282311181739, 0.13704374986710055, 0.1835021618162186, 0.19670913295435682]
0	0.21314039821270783	[0.30219467177072573, 0.2098798011875369, 0.14763910514073875, 0.19103552963676404, 0.21430076392273953]
0	0.21314039821270783	[0.30219467177072573, 0.2098798011875369, 0.14763910514073875, 0.19103552963676404, 0.21430076392273953]
0	0.21314039821270783	[0.30219467177072573, 0.2098798011875369, 0.14763910514073875, 0.19103552963676404, 0.21430076392273953]
0	0.2577992352603412	[0.3359578441810339, 0.30653338673679464, 0.19092356551138276, 0.2174699814274796, 0.2478582287403056]
0	0.2577992352603412	[0.3359578441810339, 0.30653338673679464, 0.19092356551138276, 0.2174699814274796, 0.2478582287403056]
0	0.17092509766594588	[0.18466057435191674, 0.17969452288707044, 0.11401888654338345, 0.17941094699927998, 0.19859444259230377]
0	0.1492525170591644	[0.133335648108206, 0.15609044090039256, 0.10058539135135527, 0.16977006084944218, 0.1878486288546715]
0	0.12361792901136343	[0.10259092675189986, 0.11157770740025204, 0.07396879963054623, 0.15773159077274268, 0.16981257617915396]
0	0.09445930197159619	[0.07036041109739462, 0.06661944976986221, 0.05613509227169033, 0.13439522036787466, 0.13921836591081227]
0	0.09445930197159619	[0.07036041109739462, 0.06661944976986221, 0.05613509227169033, 0.13439522036787466, 0.13921836591081227]
0	0.08775106771887174	[0.06589015052277546, 0.05432843295272169, 0.05100248318805805, 0.1329183027491418, 0.12793144222843172]
0	0.08775106771887174	[0.06589015052277546, 0.05432843295272169, 0.05100248318805805, 0.1329183027491418, 0.12793144222843172]
0	0.08786448811916416	[0.06741949586946454, 0.05287907351260796, 0.04964236781382178, 0.13377733281766083, 0.12860708766095444]
0	0.08663444034085149	[0.06538075898875911, 0.051599357536695936, 0.05046284860458256, 0.12890561817733578, 0.1298166018360529]
0	0.07571147437704745	[0.05532052842313099, 0.034379044050796406, 0.04259560197224799, 0.11895007819808037, 0.11904563317573129]
0	0.06593573190768838	[0.04836706812707333, 0.02525521594139095, 0.03869224163298443, 0.114777055305422, 0.09445097533831172]
0	0.05953129185932792	[0.04212179165373499, 0.023409114229501073, 0.033660044404628636, 0.10400515284620132, 0.08723592063660823]
0	0.057142912427405844	[0.03958614639629735, 0.02186441257866709, 0.031236214818123078, 0.10321557612195507, 0.08275651225223891]
0	0.05513885772297581	[0.03689792698385044, 0.019879868535926475, 0.031585168528938105, 0.09994915384047375, 0.08033037288828046]
0	0.05241495953165708	[0.03603782450226701, 0.016583520829860778, 0.029080080074567097, 0.095085065153627, 0.07812201935760424]
0	0.05241495953165708	[0.03603782450226701, 0.016583520829860778, 0.029080080074567097, 0.095085065153627, 0.07812201935760424]
0	0.05241495953165708	[0.03603782450226701, 0.016583520829860778, 0.029080080074567097, 0.095085065153627, 0.07812201935760424]
0	0.052881394559873625	[0.03439339424619508, 0.017776000784644988, 0.02947951012961954, 0.0970188610073492, 0.07871812787651357]
0	0.05339679252320125	[0.034701659631637516, 0.019061892644944126, 0.031353753344285244, 0.09832233421450053, 0.07667734280498742]
0	0.05252607765349927	[0.03392927425469554, 0.016736648239667487, 0.03036277742250011, 0.09432753908521523, 0.08011626338265167]
0	0.05130798019972013	[0.032439541636744916, 0.016443256095928414, 0.03113041231163418, 0.09352322179471922, 0.07603052433881557]
0	0.049082603381952354	[0.03134794481537838, 0.015814838768540215, 0.028970270075990224, 0.08832498943279267, 0.07430142089437786]
0	0.04801095755153151	[0.030993434687613026, 0.0155022751482448, 0.02641500554413837, 0.08672210202808033, 0.07392023386892367]
0	0.04765804512847609	[0.030817671686519, 0.015457839457040002, 0.02586389043603309, 0.08665035466226301, 0.07306042826623811]
0	0.04820683999223702	[0.031293828423102514, 0.0155022751482448, 0.02588780601514661, 0.08812268805146742, 0.07368668935442534]
0	0.0489520380323561	[0.031114085118252238, 0.015616309286214491, 0.029513430856654865, 0.08832699315563164, 0.07352222599579894]
0	0.04736105894990945	[0.030868145921561032, 0.015457839457040002, 0.02586389043603309, 0.08743148075118665, 0.07080329428515256]
0	0.04577647029342575	[0.030914055494743742, 0.015415920511182837, 0.025860074169212096, 0.08593598467511249, 0.06468420666042897]
0	0.04618181062153937	[0.030817671686519, 0.015415920511182837, 0.026352684752448396, 0.08594389823332953, 0.06622569990214579]
0	0.04717693973245302	[0.030817671686519, 0.015436494462526104, 0.025864887609026894, 0.08652661821018029, 0.07089093764002742]
0	0.046641783252809266	[0.030817671686519, 0.015436494462526104, 0.02633479435868615, 0.0861779586769234, 0.06820093932133504]
0	0.046641783252809266	[0.030817671686519, 0.015436494462526104, 0.02633479435868615, 0.0861779586769234, 0.06820093932133504]
0	0.04728893881431976	[0.030825658822244043, 0.015457839457040002, 0.02586389043603309, 0.08611840405488791, 0.07181268142993776]
0	0.04692321996982349	[0.03091729696587327, 0.015436494462526104, 0.025864887609026894, 0.08698331606098224, 0.06911675964924945]
1	0.08613170930066791	[0.09891630455362162, 0.04448757191718695, 0.04111617666048272, 0.11474099671383328, 0.12306866918151871]
1	0.08601611811563521	[0.11297275202925779, 0.04034467260019545, 0.035645403998117234, 0.11162894753795638, 0.12035452530956135]
1	0.08498474428883264	[0.12153558781014724, 0.036302767892948985, 0.03773913083425705, 0.10866408392293803, 0.11094575570469509]
1	0.08848696018348609	[0.13700830936008604, 0.03647100808469453, 0.038182343717156064, 0.10857595524070669, 0.11179399409502884]
1	0.08522243226163663	[0.12115261837063201, 0.038123189260945295, 0.03586045717235319, 0.10794758153598867, 0.11360846636812574]
1	0.08548012097329984	[0.12550042628626015, 0.03692135712510771, 0.03476868438376037, 0.10749507700814563, 0.11300330729358679]
1	0.0849060378521783	[0.12398810302557124, 0.03556596222683767, 0.03568330249004032, 0.1075410572452903, 0.1118837491480838]
1	0.09490462804159376	[0.20080075702389916, 0.028428303127775705, 0.03485888910047714, 0.10297548463705461, 0.09416444133599863]
1	0.08500110577257852	[0.12047438768067156, 0.035384286731068096, 0.03824657562867056, 0.10726153475958551, 0.11371538025459474]
1	0.08739574627007966	[0.11242273958595041, 0.03898720055404434, 0.041255691420367224, 0.11506524430373746, 0.11956614634309183]
1	0.08834967305031592	[0.09666639116811153, 0.04629261467561322, 0.04405120207040213, 0.11585059812593868, 0.13047614753657355]
1	0.13581799407675596	[0.26169023459370216, 0.08097026648351845, 0.06426846238639716, 0.1256946777761253, 0.1354967836253892]
1	0.13581799407675596	[0.26169023459370216, 0.08097026648351845, 0.06426846238639716, 0.1256946777761253, 0.1354967836253892]
1	0.13581799407675596	[0.26169023459370216, 0.08097026648351845, 0.06426846238639716, 0.1256946777761253, 0.1354967836253892]
1	0.1260306515164078	[0.26357854978048806, 0.060742268889654075, 0.0494742299923801, 0.11812638371087096, 0.1251741486832951]
1	0.12596683639645226	[0.26357854978048806, 0.06035937816992089, 0.0494742299923801, 0.11812638371087096, 0.1251741486832951]
1	0.14938103333747182	[0.3024168395938432, 0.09084634795085329, 0.06623294794019392, 0.13292333779758572, 0.1427787563275593]
1	0.14925959477548734	[0.3024168395938432, 0.09011771657894638, 0.06623294794019392, 0.13292333779758572, 0.1427787563275593]
1	0.043704950109477295	[0.031041614427614238, 0.015396248560593712, 0.02442476715349101, 0.08132119474412985, 0.06067918535178097]
1	0.044041970880591384	[0.03265931412896182, 0.015396248560593712, 0.02442476715349101, 0.08132119474412985, 0.06067918535178097]
1	0.044228603573093606	[0.033555151052972486, 0.015396248560593712, 0.02442476715349101, 0.08132119474412985, 0.06067918535178097]
1	0.044622876862846536	[0.035447662843786594, 0.015396248560593712, 0.02442476715349101, 0.08132119474412985, 0.06067918535178097]
1	0.04441715799075872	[0.034460212257765015, 0.015396248560593712, 0.02442476715349101, 0.08132119474412985, 0.06067918535178097]
1	0.2422001824020889	[0.45617462337927045, 0.22388866522780548, 0.15291613059910492, 0.1763373053748418, 0.1980218839945653]
1	0.14925959477548734	[0.3024168395938432, 0.09011771657894638, 0.06623294794019392, 0.13292333779758572, 0.1427787563275593]
1	0.15498237775623422	[0.30651368419455854, 0.0990448139420107, 0.07370684475149891, 0.13821936966305925, 0.14623966346719897]
1	0.15268682991570823	[0.3041527648863841, 0.0918286747876557, 0.06805851194134738, 0.13835944369767555, 0.148863123239868]
1	0.14925959477548734	[0.3024168395938432, 0.09011771657894638, 0.06623294794019392, 0.13292333779758572, 0.1427787563275593]
1	0.1282534883774641	[0.2783557095269198, 0.05416686025660547, 0.04727933696914947, 0.11557386528123577, 0.13107434422923822]
1	0.12856183340239039	[0.282756662884428, 0.05600270340160058, 0.04472346850939921, 0.11656924647922645, 0.1282452597371398]
1	0.12856183340239039	[0.282756662884428, 0.05600270340160058, 0.04472346850939921, 0.11656924647922645, 0.1282452597371398]
1	0.12856183340239039	[0.282756662884428, 0.05600270340160058, 0.04472346850939921, 0.11656924647922645, 0.1282452597371398]
1	0.12856183340239039	[0.282756662884428, 0.05600270340160058, 0.04472346850939921, 0.11656924647922645, 0.1282452597371398]
1	0.1282534883774641	[0.2783557095269198, 0.05416686025660547, 0.04727933696914947, 0.11557386528123577, 0.13107434422923822]
1	0.12509019110504058	[0.272481360759876, 0.052072325474311794, 0.042592021379673835, 0.1147823540873406, 0.1289193206978549]
1	0.16327905559429257	[0.3456617103479645, 0.09832818608214539, 0.07940852849987752, 0.1332437503430795, 0.14676292879596647]
1	0.18538377266054443	[0.3900076664314624, 0.1290608752218385, 0.09201571439057357, 0.14451926633476067, 0.16005076143634575]
1	0.18689110132325226	[0.3959568190169753, 0.12451783709674887, 0.09205152644824086, 0.14872422406958105, 0.16073044713941442]
1	0.187280173988321	[0.40551770989857866, 0.12244130099117576, 0.09237342490926863, 0.1449833163549552, 0.15811734318819784]
1	0.187280173988321	[0.40551770989857866, 0.12244130099117576, 0.09237342490926863, 0.1449833163549552, 0.15811734318819784]
1	0.1920367698227762	[0.41919985480828204, 0.12377153753288732, 0.0927682339365645, 0.1494319706295125, 0.16135920574865684]
1	0.1920367698227762	[0.41919985480828204, 0.12377153753288732, 0.0927682339365645, 0.1494319706295125, 0.16135920574865684]
1	0.18675031229029826	[0.40829401150088096, 0.1229642682023261, 0.09036763345489834, 0.14612540909944244, 0.15324303037634893]
1	0.15895426994806408	[0.27736661073106383, 0.1172053614689864, 0.08670690123701025, 0.14800611725254936, 0.1571365773548951]
1	0.21353705362509934	[0.424758972506742, 0.16999731607014237, 0.1359992384811251, 0.1590649794611284, 0.1691568140953673]
1	0.21243482145041878	[0.3592107195256941, 0.198659488692267, 0.1439711146037365, 0.17075810221380117, 0.18681961566496474]
1	0.21243482145041878	[0.3592107195256941, 0.198659488692267, 0.1439711146037365, 0.17075810221380117, 0.18681961566496474]
1	0.21243482145041878	[0.3592107195256941, 0.198659488692267, 0.1439711146037365, 0.17075810221380117, 0.18681961566496474]
1	0.21243482145041878	[0.3592107195256941, 0.198659488692267, 0.1439711146037365, 0.17075810221380117, 0.18681961566496474]
1	0.21790346627123153	[0.3622801537154518, 0.2229568409889706, 0.1337746410584062, 0.17809510550848168, 0.1934212650283953]
1	0.21790346627123153	[0.3622801537154518, 0.2229568409889706, 0.1337746410584062, 0.17809510550848168, 0.1934212650283953]
1	0.24211155509088422	[0.3608868273266896, 0.28672499386337474, 0.18184832008766183, 0.18581439978471215, 0.20420592214648087]
1	0.28033357939552717	[0.4753249526510428, 0.3253740418900116, 0.20715002788050763, 0.1886988469156563, 0.21412812013931445]
1	0.28033357939552717	[0.4753249526510428, 0.3253740418900116, 0.20715002788050763, 0.1886988469156563, 0.21412812013931445]
1	0.28033357939552717	[0.4753249526510428, 0.3253740418900116, 0.20715002788050763, 0.1886988469156563, 0.21412812013931445]
1	0.28033357939552717	[0.4753249526510428, 0.3253740418900116, 0.20715002788050763, 0.1886988469156563, 0.21412812013931445]
1	0.24211155509088422	[0.3608868273266896, 0.28672499386337474, 0.18184832008766183, 0.18581439978471215, 0.20420592214648087]
1	0.24211155509088422	[0.3608868273266896, 0.28672499386337474, 0.18184832008766183, 0.18581439978471215, 0.20420592214648087]
1	0.24211155509088422	[0.3608868273266896, 0.28672499386337474, 0.18184832008766183, 0.18581439978471215, 0.20420592214648087]
1	0.24211155509088422	[0.3608868273266896, 0.28672499386337474, 0.18184832008766183, 0.18581439978471215, 0.20420592214648087]
1	0.2299054565625568	[0.3453989105575524, 0.25109648161359355, 0.17031570700884638, 0.18274846649651819, 0.20420592214648087]
1	0.2299054565625568	[0.3453989105575524, 0.25109648161359355, 0.17031570700884638, 0.18274846649651819, 0.20420592214648087]
1	0.2299054565625568	[0.3453989105575524, 0.25109648161359355, 0.17031570700884638, 0.18274846649651819, 0.20420592214648087]
1	0.2253434880277367	[0.3438163005078623, 0.23314092639547068, 0.18027643669566956, 0.17954926834840773, 0.19149399586481988]
1	0.22701949633094287	[0.3279128263141102, 0.23110558074291163, 0.19951242400553043, 0.1815691145849757, 0.19581475288958014]
1	0.22701949633094287	[0.3279128263141102, 0.23110558074291163, 0.19951242400553043, 0.1815691145849757, 0.19581475288958014]
1	0.22701949633094287	[0.3279128263141102, 0.23110558074291163, 0.19951242400553043, 0.1815691145849757, 0.19581475288958014]
1	0.22701949633094287	[0.3279128263141102, 0.23110558074291163, 0.19951242400553043, 0.1815691145849757, 0.19581475288958014]
1	0.22701949633094287	[0.3279128263141102, 0.23110558074291163, 0.19951242400553043, 0.1815691145849757, 0.19581475288958014]
1	0.22755254597711816	[0.32937630486784875, 0.23273237538022729, 0.19741964195680603, 0.18383892046992528, 0.1954314530914054]
1	0.22755254597711816	[0.32937630486784875, 0.23273237538022729, 0.19741964195680603, 0.18383892046992528, 0.1954314530914054]
1	0.22755254597711816	[0.32937630486784875, 0.23273237538022729, 0.19741964195680603, 0.18383892046992528, 0.1954314530914054]
1	0.22755254597711816	[0.32937630486784875, 0.23273237538022729, 0.19741964195680603, 0.18383892046992528, 0.1954314530914054]
1	0.22755254597711816	[0.32937630486784875, 0.23273237538022729, 0.19741964195680603, 0.18383892046992528, 0.1954314530914054]
1	0.22555649501272176	[0.32979001815430203, 0.23158559557099057, 0.19662475270746962, 0.1800495753239611, 0.19093835341853918]
1	0.2288953174933067	[0.3261958427396127, 0.23142440867812197, 0.2001788240016492, 0.1808202048504318, 0.20636312543368085]
1	0.2288953174933067	[0.3261958427396127, 0.23142440867812197, 0.2001788240016492, 0.1808202048504318, 0.20636312543368085]
1	0.2288953174933067	[0.3261958427396127, 0.23142440867812197, 0.2001788240016492, 0.1808202048504318, 0.20636312543368085]
1	0.21017894098918066	[0.36948067391215506, 0.19670867775577217, 0.1404670904169347, 0.16548085299082377, 0.17606335722353605]
1	0.21017894098918066	[0.36948067391215506, 0.19670867775577217, 0.1404670904169347, 0.16548085299082377, 0.17606335722353605]
1	0.2545766033785861	[0.4066351999791013, 0.2857047470312, 0.190822960799961, 0.17275561982977491, 0.22319011798341626]
1	0.23960185070315343	[0.39421541069754157, 0.23794863046954548, 0.16709126075760397, 0.17570289716288484, 0.2227204103814695]
2	0.1536873117068198	[0.21914333572896472, 0.13357465978624397, 0.10678574212330155, 0.15580367125955794, 0.14910661925191562]
2	0.21337209083852884	[0.310824679412638, 0.20521870806273218, 0.15094388575191, 0.18418507247781496, 0.21405743193238977]
2	0.14123388645176768	[0.2512853852367749, 0.09465004030648112, 0.06030995988817001, 0.13711396819353414, 0.1534933094048209]
2	0.13859568983815748	[0.24713784056057564, 0.0888091315556204, 0.06064157330043633, 0.13700222673555384, 0.14943036538209375]
2	0.0495135478617078	[0.03165902884563831, 0.013374103480885548, 0.025642841457490965, 0.08975967308705408, 0.07990420356130566]
2	0.08379757442662848	[0.19924329607799024, 0.014494793216139707, 0.02586842816967562, 0.08605009596917121, 0.0794707024580678]
2	0.08921101184450349	[0.20636129819109464, 0.019307668887605666, 0.026870536053084464, 0.08930099563616542, 0.09023389186318768]
2	0.09608890644155962	[0.22726167204274764, 0.022706495088028102, 0.030485350388875176, 0.09485557948746512, 0.09045895292997579]
2	0.10161166646835469	[0.11676663685491258, 0.06362239689245718, 0.04971206541619064, 0.12602863639720718, 0.14433074286582645]
2	0.12196738524506372	[0.21832409619574702, 0.059212841554218784, 0.05527464756082264, 0.11982948156050278, 0.1446449506158583]
2	0.12511566888776085	[0.25356438504572043, 0.058549215838865666, 0.04782875871293303, 0.12091278174921877, 0.13140991248228723]
2	0.17821171742876385	[0.27111975509555336, 0.15919137753897117, 0.09734370712984827, 0.17023777914143998, 0.1893619002600481]
2	0.09663684334159568	[0.06967447120104606, 0.0685405541861614, 0.05483625299474616, 0.1308386294759307, 0.1536750510190072]
2	0.07757246185860607	[0.04603925705121729, 0.03746920906579215, 0.04389290645368609, 0.1251511905130247, 0.1272890956507473]
2	0.05019975159837754	[0.03007758373848539, 0.01255425667199819, 0.033152844913493726, 0.09271528947545862, 0.07496968420717591]
2	0.05019975159837754	[0.03007758373848539, 0.01255425667199819, 0.033152844913493726, 0.09271528947545862, 0.07496968420717591]
2	0.054836345211532675	[0.032914786474180405, 0.01863246026615864, 0.03333074850696439, 0.10144640849190033, 0.08061654532938486]
2	0.07378186307965785	[0.06668174412819855, 0.036809335976393597, 0.042420702093667884, 0.1058724542812426, 0.10973057349813378]
2	0.07096003997109941	[0.06304802867789082, 0.0366761124897099, 0.03946760349925957, 0.1052681497912721, 0.10348351990108678]
2	0.07521172983478129	[0.06906278760119536, 0.04000093543977324, 0.03978119135499031, 0.10806623870964752, 0.11210533718929838]
2	0.07403102118752455	[0.06777636612708614, 0.0363958587248182, 0.03943352708467377, 0.10629080133631123, 0.1127315201721922]
2	0.0768292301285306	[0.0741637095654306, 0.04177392502247967, 0.04039550767845969, 0.10664094413892625, 0.11416100321614664]
2	0.0768292301285306	[0.0741637095654306, 0.04177392502247967, 0.04039550767845969, 0.10664094413892625, 0.11416100321614664]
2	0.08310579914769234	[0.07253949505795412, 0.05625489359168413, 0.04287541135999609, 0.11627718174821859, 0.12221183286940715]
2	0.08310579914769234	[0.07253949505795412, 0.05625489359168413, 0.04287541135999609, 0.11627718174821859, 0.12221183286940715]
2	0.07070263663443363	[0.055269404507694214, 0.034891731781541716, 0.039598262778848516, 0.10533550399478138, 0.11125609913872392]
2	0.06412141797751415	[0.04654160283227794, 0.032278756233924843, 0.034272045829831954, 0.09750047118899163, 0.10364568145382655]
2	0.055795421916291846	[0.04142257956681382, 0.023552193734327247, 0.03084675670968874, 0.09184151982278056, 0.08486541411145598]
2	0.055067720594023956	[0.04013827659416864, 0.022048790106074176, 0.031069953852503208, 0.09261387600783845, 0.08286392031194532]
2	0.05050092790014111	[0.03799778803775636, 0.02077439057782094, 0.02861942451325771, 0.0901290053522535, 0.06903872355515306]
2	0.0507639067806621	[0.03926008666425715, 0.02077439057782094, 0.02861942451325771, 0.0901290053522535, 0.06903872355515306]
2	0.0507639067806621	[0.03926008666425715, 0.02077439057782094, 0.02861942451325771, 0.0901290053522535, 0.06903872355515306]
2	0.0507639067806621	[0.03926008666425715, 0.02077439057782094, 0.02861942451325771, 0.0901290053522535, 0.06903872355515306]
2	0.0507639067806621	[0.03926008666425715, 0.02077439057782094, 0.02861942451325771, 0.0901290053522535, 0.06903872355515306]
2	0.05089275373345094	[0.03987855203764353, 0.02077439057782094, 0.02861942451325771, 0.0901290053522535, 0.06903872355515306]
2	0.05089275373345094	[0.03987855203764353, 0.02077439057782094, 0.02861942451325771, 0.0901290053522535, 0.06903872355515306]
2	0.050622258535124684	[0.039037493723136966, 0.0202908239859371, 0.028604884670107376, 0.09014309687906373, 0.06896870650754074]
2	0.05260289149636196	[0.03787704630213214, 0.021374555297389564, 0.027595305940760706, 0.09106606565707182, 0.07885581704466108]
2	0.050946685744603794	[0.03950512047874347, 0.02110869574252567, 0.028646467229429, 0.09099297491356359, 0.06851257235834166]
2	0.050553077896270296	[0.038705426656635886, 0.0202908239859371, 0.028604884670107376, 0.09014309687906373, 0.06896870650754074]
2	0.05511618696465804	[0.040741675358790246, 0.02183596213567303, 0.030991217916149526, 0.09224322118193218, 0.0831128132649482]
2	0.05088116179771811	[0.038326520607611464, 0.022240252954201657, 0.027854146646184377, 0.08848113462991193, 0.07177557238197783]
2	0.05102099360657569	[0.038976285282522, 0.02226703796370897, 0.027854146646184377, 0.08848113462991193, 0.07177557238197783]
2	0.05087249160793644	[0.03843161781307614, 0.02219786303444431, 0.027830848255792837, 0.08843366227043657, 0.07173354095123392]
2	0.05087249160793644	[0.03843161781307614, 0.02219786303444431, 0.027830848255792837, 0.08843366227043657, 0.07173354095123392]
2	0.05087249160793644	[0.03843161781307614, 0.02219786303444431, 0.027830848255792837, 0.08843366227043657, 0.07173354095123392]
2	0.05087249160793644	[0.03843161781307614, 0.02219786303444431, 0.027830848255792837, 0.08843366227043657, 0.07173354095123392]
2	0.04496020244244732	[0.03672542466740055, 0.015822999758680935, 0.02442476715349101, 0.08132119474412985, 0.06067918535178097]
2	0.04496020244244732	[0.03672542466740055, 0.015822999758680935, 0.02442476715349101, 0.08132119474412985, 0.06067918535178097]
2	0.04496020244244732	[0.03672542466740055, 0.015822999758680935, 0.02442476715349101, 0.08132119474412985, 0.06067918535178097]
2	0.046596068686967605	[0.041378607794432455, 0.019043481776369064, 0.025047356386005987, 0.08132119474412985, 0.06067918535178097]
2	0.046596068686967605	[0.041378607794432455, 0.019043481776369064, 0.025047356386005987, 0.08132119474412985, 0.06067918535178097]
2	0.046596068686967605	[0.041378607794432455, 0.019043481776369064, 0.025047356386005987, 0.08132119474412985, 0.06067918535178097]
2	0.05428754028486752	[0.039058519923692615, 0.021708682432326567, 0.03111292483912734, 0.09312679995784445, 0.07991500270083841]
2	0.06384317250242112	[0.03887829880670493, 0.037095752302948495, 0.034025008879618644, 0.1014468489271588, 0.10242046955578024]
2	0.06886227395492911	[0.045830695753744134, 0.04188409930653058, 0.03934813926207462, 0.10253071745260052, 0.10932208307001606]
2	0.07146514672331444	[0.04563721575644676, 0.041281972782666265, 0.0431829761153984, 0.10898797631078158, 0.11219895786314957]
2	0.07122864161867506	[0.0452757773969023, 0.04357955134682208, 0.0397198149438569, 0.11158917387303556, 0.1104490724783879]
2	0.07122864161867506	[0.0452757773969023, 0.04357955134682208, 0.0397198149438569, 0.11158917387303556, 0.1104490724783879]
2	0.06528040699708049	[0.038291248639034235, 0.037247547775126885, 0.028782726650013676, 0.10992632833417292, 0.10654761174266397]
2	0.06448361472025607	[0.038291248639034235, 0.03778840625576352, 0.02869710105049829, 0.10873856636350307, 0.10356370959958272]
2	0.06307541203896072	[0.03844901614010267, 0.03519610258940412, 0.02832127159865847, 0.10618822972887963, 0.10164657824784737]
2	0.0630969199682604	[0.03857339538781144, 0.03519610258940412, 0.02832127159865847, 0.10616708854180934, 0.10164657824784737]
2	0.06309958959249364	[0.038098038638219915, 0.03495542962362292, 0.028321195119712032, 0.10685167340430574, 0.10164277918283349]
2	0.06423324467257531	[0.03789717795806581, 0.03564577278593924, 0.02864789379211, 0.10718149081495666, 0.1060763936344776]
2	0.06423324467257531	[0.03789717795806581, 0.03564577278593924, 0.02864789379211, 0.10718149081495666, 0.1060763936344776]
2	0.06547921310774382	[0.03795457284880817, 0.03794294197811948, 0.03057306525773346, 0.10804674514289613, 0.10737148608523703]
2	0.06547921310774382	[0.03795457284880817, 0.03794294197811948, 0.03057306525773346, 0.10804674514289613, 0.10737148608523703]
2	0.07486579887647214	[0.05175334425144484, 0.04183875509331799, 0.04679085022749528, 0.11249916972129657, 0.11484146633217528]
2	0.07220600631446748	[0.050969986742049896, 0.04069570649145371, 0.04388304802115793, 0.10832584492740016, 0.11085338542567301]
2	0.07172224674702982	[0.049712564162716875, 0.04279684241159846, 0.04160132435920727, 0.10835822391859004, 0.11035719801595009]
2	0.07172224674702982	[0.049712564162716875, 0.04279684241159846, 0.04160132435920727, 0.10835822391859004, 0.11035719801595009]
2	0.07173658477230223	[0.045652527078213635, 0.04153845767612999, 0.04585676443072163, 0.1086553977853455, 0.11094015147186595]
2	0.05676271965008329	[0.023787826633281186, 0.03059452261357081, 0.02791660931515524, 0.09981525581184163, 0.09646574446926506]
2	0.056753336301013264	[0.02374282353847458, 0.030594489587790027, 0.02791659880219102, 0.09981525576469752, 0.0964657444692685]
2	0.05675444502297135	[0.023748144751609104, 0.03059449037209022, 0.027916598827011363, 0.09981525576470131, 0.0964657444692685]
2	0.05676271965008329	[0.023787826633281186, 0.03059452261357081, 0.02791660931515524, 0.09981525581184163, 0.09646574446926506]
3	0.24420567682731273	[0.4354647970693955, 0.21369082453306174, 0.13173798343294554, 0.210214775387521, 0.22381703325478955]
3	0.16484937650364154	[0.21504247051811393, 0.16388487357242598, 0.10034356584395264, 0.1656179544417827, 0.17916511755568942]
3	0.3670812250218263	[0.5458951838292303, 0.3085950306966543, 0.4521691841249719, 0.27467340089168457, 0.24237608670155558]
3	0.16484937650364154	[0.21504247051811393, 0.16388487357242598, 0.10034356584395264, 0.1656179544417827, 0.17916511755568942]
3	0.1456531502981937	[0.17988404877064504, 0.1387372754981432, 0.08749141891469903, 0.15279723593385297, 0.16797259741361803]
3	0.1932046439848165	[0.32025606194060463, 0.17073376497567508, 0.11968272543876428, 0.17256978778826706, 0.17828670397894308]
3	0.18127015329355464	[0.27405882884375093, 0.16252687854779146, 0.11275559029498423, 0.16626140022342104, 0.18699941360867287]
3	0.18425580485513196	[0.28488230308365675, 0.16519006149189647, 0.11242709862301763, 0.17365279052194285, 0.1813136218824991]
3	0.18425580485513196	[0.28488230308365675, 0.16519006149189647, 0.11242709862301763, 0.17365279052194285, 0.1813136218824991]
3	0.17372333845034818	[0.24147387793575917, 0.15973487109761267, 0.10316158729960578, 0.17598747958145428, 0.18546118286676194]
3	0.17571468303818077	[0.2460671071944562, 0.15665456276659176, 0.10878263404640465, 0.18327592446552557, 0.17998116266360797]
3	0.17571468303818077	[0.2460671071944562, 0.15665456276659176, 0.10878263404640465, 0.18327592446552557, 0.17998116266360797]
3	0.09278829843329962	[0.07475735036107531, 0.04658541845654392, 0.050721790154554844, 0.13227361002411486, 0.15036274717485815]
3	0.08079246858469397	[0.06162933789482729, 0.04603015426021509, 0.04360105698344175, 0.11322024338737711, 0.1325290875327127]
3	0.036823361871806154	[0.029407197060960864, 0.007945683519497771, 0.022260117775921403, 0.06669162203187516, 0.05203665330031387]
3	0.07020372584568785	[0.046468107399505174, 0.027450505835279207, 0.0451397003971231, 0.11759478319354659, 0.10581488840090345]
3	0.04949786273108204	[0.03502077560911321, 0.01977481311803536, 0.027110784172584737, 0.08480781248437481, 0.07483051834869274]
3	0.08673435041112589	[0.0689215049740105, 0.047257887415957406, 0.05545832419826461, 0.12806060897606739, 0.12607813389229588]
3	0.09166473019845425	[0.07053986768526248, 0.04842804603495376, 0.05253567288995406, 0.14132916658018754, 0.13684356096921332]
3	0.09471197174964426	[0.06862692990141685, 0.04966444395037986, 0.05025349936727805, 0.15082559430943596, 0.14517988565985762]
3	0.0965832885579513	[0.07168540968493922, 0.05015777180344139, 0.060956274336174614, 0.14630219684835588, 0.14452968676594352]
3	0.09588663820723191	[0.06951011207846299, 0.057932386783683745, 0.05067040915426934, 0.14715589184479871, 0.14657354089023505]
3	0.08927192437451982	[0.0655070746509365, 0.04645525582151501, 0.04814146602618038, 0.14229451988280545, 0.13539797178056084]
3	0.08703853777031136	[0.0617637556095034, 0.041136585972473716, 0.04796546661673873, 0.14133255614731058, 0.13381393414596282]
3	0.04335260373680541	[0.03149864703350748, 0.01484071440488224, 0.026811107887512335, 0.07009889947975528, 0.0678112720119851]
3	0.03855519235220909	[0.030611051140860487, 0.005750151150653144, 0.028456465827774224, 0.06913297514656706, 0.05226431025487935]
3	0.10392488628234664	[0.09972880442339695, 0.07778635301873081, 0.07633395379022544, 0.11852048011784588, 0.14202713340881096]
3	0.16536265728571886	[0.23788505015414851, 0.18359426537969867, 0.10709048802751299, 0.1376867933365757, 0.16420301114945443]
3	0.1970115653755071	[0.33759284195699685, 0.17858589887936369, 0.15520185262384087, 0.14791118549933902, 0.16208091461876645]
3	0.17005799897368462	[0.3046208550986299, 0.14195964721382948, 0.08734105723107731, 0.1458470775762846, 0.1649016873966308]
3	0.17998502261856844	[0.31211135621099756, 0.15808328016981915, 0.10887170860278005, 0.1520163637840551, 0.16446205583544035]
3	0.17870922164359213	[0.31544039257604756, 0.1576165065386257, 0.10669298451906162, 0.1477840634140034, 0.1617936181492291]
3	0.11718094647514578	[0.24318668494638712, 0.05243586484751877, 0.04412490050850728, 0.11776994485969645, 0.11543832088809397]
3	0.11856894708767725	[0.2385736421814837, 0.059557817512820695, 0.04535798931528474, 0.11698927588466453, 0.12056378462916136]
3	0.11808451126207863	[0.24077949023546127, 0.05612466772845205, 0.044755732922814, 0.11783220440826879, 0.11853849230867167]
3	0.11808451126207863	[0.24077949023546127, 0.05612466772845205, 0.044755732922814, 0.11783220440826879, 0.11853849230867167]
3	0.11423265957747389	[0.24123178767651324, 0.047466738288032925, 0.04075165710063364, 0.11606425797889458, 0.1122956725854069]
3	0.11660027428310918	[0.2413765151973095, 0.0521116286692085, 0.04338360212453949, 0.11381886001064409, 0.11941303629106437]
3	0.11660027428310918	[0.2413765151973095, 0.0521116286692085, 0.04338360212453949, 0.11381886001064409, 0.11941303629106437]
3	0.11854185275820522	[0.23958990013596523, 0.05322037132701908, 0.043243741589927866, 0.11660146162902847, 0.12698949282284822]
3	0.10940658601897978	[0.23888093274607294, 0.03393259793641385, 0.03761861627858378, 0.10893601456502557, 0.1125699709522895]
3	0.10940658601897978	[0.23888093274607294, 0.03393259793641385, 0.03761861627858378, 0.10893601456502557, 0.1125699709522895]
3	0.12268038951967963	[0.2410572275178847, 0.056947501293823914, 0.052251666799135066, 0.12362478756535472, 0.12637418677702855]
3	0.12268038951967963	[0.2410572275178847, 0.056947501293823914, 0.052251666799135066, 0.12362478756535472, 0.12637418677702855]
3	0.12268038951967963	[0.2410572275178847, 0.056947501293823914, 0.052251666799135066, 0.12362478756535472, 0.12637418677702855]
3	0.11041852002693554	[0.23766492527808844, 0.04147972932803623, 0.042089427790162386, 0.11445517279604227, 0.10261558680256856]
3	0.14052404557811146	[0.2557998722158885, 0.09339747201130272, 0.06644381258543816, 0.1350789933936155, 0.1424747629709507]
3	0.14549783720897802	[0.26257188847390484, 0.09633895823401344, 0.07559075935323195, 0.14056956148144842, 0.14258624270729855]
3	0.12484749416288	[0.24725444407229186, 0.06017205940412856, 0.05525461825563755, 0.12294298093201227, 0.12567828119857952]
3	0.1219022621480969	[0.2436308080480001, 0.057155034564483245, 0.04677111525684286, 0.12152910151875758, 0.12747580583567797]
3	0.1216132474712239	[0.24224353759900966, 0.057155034564483245, 0.04677111525684286, 0.12152910151875758, 0.12747580583567797]
3	0.1219022621480969	[0.2436308080480001, 0.057155034564483245, 0.04677111525684286, 0.12152910151875758, 0.12747580583567797]
3	0.1219022621480969	[0.2436308080480001, 0.057155034564483245, 0.04677111525684286, 0.12152910151875758, 0.12747580583567797]
3	0.12219124957397588	[0.24721306753013314, 0.05891859782477968, 0.05017356706711012, 0.12397773786811936, 0.11801874722989782]
3	0.1217422945016711	[0.24505808318307018, 0.05891859782477968, 0.05017356706711012, 0.12397773786811936, 0.11801874722989782]
3	0.1225777156630406	[0.24578990204603843, 0.060125158728818025, 0.050761417886356616, 0.1246126805682559, 0.11910890769888947]
3	0.13917128483126945	[0.26256781169300986, 0.0901469715917632, 0.06918392469523593, 0.13270350812412324, 0.13144934540431374]
3	0.12241451905564087	[0.24715104011730638, 0.05335602204900326, 0.052589777909765566, 0.12263001876135193, 0.12253403703944966]
3	0.11029477914096315	[0.23719493872672245, 0.03997270042689974, 0.043610289176367605, 0.11557363763164716, 0.1010579140003662]
3	0.1099813961255338	[0.23401790726680194, 0.038685284374743695, 0.041790727124798956, 0.11342870638295863, 0.10772513312820779]
3	0.16506328906949252	[0.2696857566084135, 0.13005931625625294, 0.11168033027875104, 0.14980274977220662, 0.1570874978691905]
3	0.14982708078153759	[0.25286588748358996, 0.11673153361043642, 0.09613228315462362, 0.13320774039805464, 0.14357884982676322]
3	0.13325755558677765	[0.24004715200231763, 0.0850447064124771, 0.06761249871282968, 0.12536265781019654, 0.13857819316120717]
3	0.21012345282414474	[0.33394052267005697, 0.21841330165359343, 0.15207324032355857, 0.16984627850972833, 0.1780018907296762]
3	0.1688459060324846	[0.30195565171035516, 0.12880421106780102, 0.09358478818335544, 0.149889129183325, 0.1619874110246497]
3	0.17425411354914797	[0.30309876253028234, 0.1465931554652634, 0.10892204534621083, 0.1511789048945271, 0.15594550789267925]
3	0.16294232912209974	[0.2917084432290912, 0.12461628420026094, 0.09157608802247225, 0.14210497553662907, 0.1570406456376778]
3	0.20671467301864055	[0.332883607562457, 0.20939669110913844, 0.14644079439111155, 0.17215597349606176, 0.17323270215253356]
3	0.25734718513658067	[0.40202099119442286, 0.2803554110926296, 0.20778345349264837, 0.18319763463925165, 0.21798008045516054]
3	0.15697141111860557	[0.27082163723734143, 0.11796977255613315, 0.08607090338548026, 0.1455749426849096, 0.15661947201666906]
3	0.30082205801294154	[0.4567039873063789, 0.34297109635236006, 0.2814694864570589, 0.20794029805155537, 0.22345522956523828]
3	0.1631065624399393	[0.2940236797860328, 0.1241893517772271, 0.09256707113440618, 0.14432282811500183, 0.1526464392544861]
3	0.1305944224330542	[0.24327971891921749, 0.07115273441620029, 0.061045668005143855, 0.1285387985030303, 0.13706685471830832]
3	0.2434256654988164	[0.3670646971960387, 0.25618419361111067, 0.1849910536406821, 0.1830852643088174, 0.22835482435989213]
3	0.2434256654988164	[0.3670646971960387, 0.25618419361111067, 0.1849910536406821, 0.1830852643088174, 0.22835482435989213]
3	0.2434256654988164	[0.3670646971960387, 0.25618419361111067, 0.1849910536406821, 0.1830852643088174, 0.22835482435989213]
3	0.14430506823302258	[0.24490529296343982, 0.09907201650702989, 0.07632163272805347, 0.13560410522850647, 0.1565756833928848]
3	0.14430506823302258	[0.24490529296343982, 0.09907201650702989, 0.07632163272805347, 0.13560410522850647, 0.1565756833928848]
3	0.16173960419804143	[0.27269695102829666, 0.1263196779742407, 0.09593301434714926, 0.1491648309974852, 0.15749956139827515]
3	0.13013812880516243	[0.2148659465752851, 0.07567833374136616, 0.06848280435417584, 0.12885147622200815, 0.15192012412021771]
3	0.13116685848009946	[0.2165518727206247, 0.07834862660233893, 0.06818441236014634, 0.12930170926553988, 0.15288402507629548]
3	0.13116685848009946	[0.2165518727206247, 0.07834862660233893, 0.06818441236014634, 0.12930170926553988, 0.15288402507629548]
3	0.15027055765276914	[0.2620161334001357, 0.10353702589604949, 0.07211042977474304, 0.14249156643631788, 0.16185092640525567]
3	0.15027055765276914	[0.2620161334001357, 0.10353702589604949, 0.07211042977474304, 0.14249156643631788, 0.16185092640525567]
3	0.15027055765276914	[0.2620161334001357, 0.10353702589604949, 0.07211042977474304, 0.14249156643631788, 0.16185092640525567]
4	0.22198757116831422	[0.3581616986663739, 0.17642620911644563, 0.177947829936221, 0.1717052894863935, 0.21658455622576334]
4	0.1391647999465686	[0.2380175382545526, 0.08604484956577364, 0.06893417168208822, 0.136463236968796, 0.1557402131854736]
4	0.2148135322014056	[0.32974179403796045, 0.23355405879923635, 0.12935028043631686, 0.17152359399592282, 0.21364603905715754]
4	0.16180412758920962	[0.29427371095723326, 0.12400903010843159, 0.09923249765462386, 0.13694443452269367, 0.1470019452069101]
4	0.10457676822443361	[0.13588320687871547, 0.08126674893822523, 0.053837644994838424, 0.11815459393492325, 0.12907964251822396]
4	0.10060981594094069	[0.08975928373028948, 0.08028582526828926, 0.05283188140263314, 0.13059196352051386, 0.14551532764844738]
4	0.06860784436525813	[0.05374530794569304, 0.03832623789521188, 0.039902829135726965, 0.1054226349184431, 0.09958589063720644]
4	0.05899351868696443	[0.049885089076763416, 0.02651168306450387, 0.032261575690191266, 0.09475907126720041, 0.08505380721167109]
4	0.0646944723016342	[0.049354482887084, 0.03565483901772828, 0.034669232347252006, 0.09966431264361371, 0.0983215679557119]
4	0.06860103539653693	[0.05097126770773316, 0.03788468312129091, 0.03872783602753185, 0.10200981742539347, 0.10726830224568605]
4	0.07079722866612777	[0.0539991391315857, 0.038574544858473364, 0.03795002641686998, 0.10519309389341885, 0.11182480226876]
4	0.07457460959115944	[0.05722754019479474, 0.03572184779516854, 0.04323285526485401, 0.11079265095828102, 0.11812760138350069]
4	0.1781850127554535	[0.28657249045557187, 0.16200351628014392, 0.08782460014484147, 0.17258502155766806, 0.17870313604398042]
4	0.1781850127554535	[0.28657249045557187, 0.16200351628014392, 0.08782460014484147, 0.17258502155766806, 0.17870313604398042]
4	0.1781850127554535	[0.28657249045557187, 0.16200351628014392, 0.08782460014484147, 0.17258502155766806, 0.17870313604398042]
4	0.19980347492478645	[0.31871063592946763, 0.20534010955624618, 0.10861456206012006, 0.18312482343310768, 0.18433457057128264]
4	0.13229409963379313	[0.15929806249137113, 0.11897237323556495, 0.07424725175164945, 0.14829250276830222, 0.15799596264243226]
4	0.20149407756187468	[0.32461816147972977, 0.1991453083653068, 0.10872362354900839, 0.18734082907034985, 0.187172711505665]
4	0.19537272738993042	[0.31814251587457415, 0.1942970099518406, 0.11128748544054316, 0.17251040650822083, 0.1804110756868555]
4	0.13165163586047346	[0.15283367848861165, 0.12112011676747739, 0.07287277640954709, 0.15233884784078688, 0.15698645597734498]
4	0.13165163586047346	[0.15283367848861165, 0.12112011676747739, 0.07287277640954709, 0.15233884784078688, 0.15698645597734498]
4	0.13165163586047346	[0.15283367848861165, 0.12112011676747739, 0.07287277640954709, 0.15233884784078688, 0.15698645597734498]
4	0.13165163586047346	[0.15283367848861165, 0.12112011676747739, 0.07287277640954709, 0.15233884784078688, 0.15698645597734498]
4	0.13165163586047346	[0.15283367848861165, 0.12112011676747739, 0.07287277640954709, 0.15233884784078688, 0.15698645597734498]
4	0.0848045138008921	[0.058467443081233396, 0.05532268456952213, 0.04845222078602885, 0.13435334819699368, 0.12153050652440854]
4	0.095590811593688	[0.06069260815309586, 0.08043165750035272, 0.06207778030179449, 0.14521297495893296, 0.12650720623559694]
4	0.11620695218468893	[0.0974464989384388, 0.11336625540688863, 0.08569564281533568, 0.1450463354606232, 0.1389118889465983]
4	0.046636590834441286	[0.035961010478556696, 0.020896725242802144, 0.025187353617369186, 0.08481019131510328, 0.061179700400047325]
4	0.04401082574070315	[0.03250981745749828, 0.015396248560593712, 0.02442476715349101, 0.08132119474412985, 0.06067918535178097]
4	0.08425703454024128	[0.16727326730318706, 0.08841918905071158, 0.02442476715349101, 0.08132119474412985, 0.06067918535178097]
4	0.08425703454024128	[0.16727326730318706, 0.08841918905071158, 0.02442476715349101, 0.08132119474412985, 0.06067918535178097]
4	0.0789958627106186	[0.1546162119909298, 0.07267347721329706, 0.02442476715349101, 0.08132119474412985, 0.06067918535178097]
4	0.0789958627106186	[0.1546162119909298, 0.07267347721329706, 0.02442476715349101, 0.08132119474412985, 0.06067918535178097]
4	0.07555825111650563	[0.14337726699735415, 0.06609648889058883, 0.02442476715349101, 0.08132119474412985, 0.06067918535178097]
4	0.08746094995957297	[0.188449301308685, 0.0811726390598293, 0.02442476715349101, 0.08132119474412985, 0.06067918535178097]
4	0.08746094995957297	[0.188449301308685, 0.0811726390598293, 0.02442476715349101, 0.08132119474412985, 0.06067918535178097]
4	0.0461549702545133	[0.03294054546855178, 0.016317312784152035, 0.02467923433534267, 0.08526399929122752, 0.06560622789922027]
4	0.04832494656472099	[0.03400993774092831, 0.0190204872139247, 0.026387147497622058, 0.08815632326522399, 0.06818994523574666]
4	0.04834891514541128	[0.034186245710153176, 0.017918967836955416, 0.027270220736584694, 0.0880438239980807, 0.06823932798359127]
4	0.04879322013913592	[0.03349952873742209, 0.021426479924188578, 0.02601787972645403, 0.0878579948841069, 0.06969086938051851]
4	0.04879322013913592	[0.03349952873742209, 0.021426479924188578, 0.02601787972645403, 0.0878579948841069, 0.06969086938051851]
4	0.04860517719176092	[0.03400993774092831, 0.0190204872139247, 0.026387147497622058, 0.0887883727169865, 0.06890300279377574]
4	0.044413788077055996	[0.032621488241912605, 0.015303172074439994, 0.024327217204068816, 0.08238023739440237, 0.06161470226993302]
4	0.044357149550470015	[0.032227358899676595, 0.016747758821237635, 0.024327204309073223, 0.08134840188746767, 0.061613145689048444]
4	0.044357149550470015	[0.032227358899676595, 0.016747758821237635, 0.024327204309073223, 0.08134840188746767, 0.061613145689048444]
4	0.044357149550470015	[0.032227358899676595, 0.016747758821237635, 0.024327204309073223, 0.08134840188746767, 0.061613145689048444]
4	0.04356265532499669	[0.030720746754048598, 0.015297781454058487, 0.024327201136405883, 0.0812293241822857, 0.0605852483239971]
4	0.15418097263430622	[0.19874372732589968, 0.18594991468515845, 0.12234344833811087, 0.1104035751492461, 0.1598179860832863]
4	0.09994215629962133	[0.21967560716037096, 0.02909185378692474, 0.03590409089832918, 0.10310139359114101, 0.09776777555880159]
4	0.029672681668583195	[0.011453498424395882, 0.022075360821816287, 0.01186595958826302, 0.07246136006131217, 0.028987765277775197]
4	0.031924888504143226	[0.022264091235084025, 0.022075360821816287, 0.01186595958826302, 0.07246136006131217, 0.028987765277775197]
4	0.08647581006904682	[0.07687771715053303, 0.04102687218572175, 0.039829995602568474, 0.10997700810869346, 0.15557766972105241]
4	0.09081145431637934	[0.05553594361680428, 0.0720593012953494, 0.05083044263379222, 0.12266529263230631, 0.1492158607994384]
4	0.016991329889300754	[0.05883044729476254, 0.001231729015009493, 9.999999999998899e-05, 0.006047376415251729, 0.015595176546621774]
4	0.024081205099776713	[0.09946414950944506, 9.999999999998899e-05, 9.999999999998899e-05, 0.002823821077828449, 0.013121813891654769]
4	0.024076449677181876	[0.09870023149153467, 9.999999999998899e-05, 9.999999999998899e-05, 0.0021862110487577383, 0.014500515910180615]
4	0.0650593576020362	[0.04992201590109426, 0.031189844935555718, 0.03340362126230253, 0.09302853468306779, 0.11097886869486458]
4	0.02320915174046289	[0.022352003777089725, 9.999999999998899e-05, 0.00664068806277612, 0.039540831698161076, 0.042790404816194956]
4	0.07906451079414897	[0.05893321081481607, 0.04170114932884717, 0.04358733488466842, 0.11370603863431354, 0.12992214801503923]
4	0.07041086884463216	[0.055148985102864916, 0.033932792789102925, 0.03841495916382766, 0.10511243377436451, 0.11214955818189494]
4	0.0704086862558761	[0.05513850867683586, 0.033932792789102925, 0.03841495916382766, 0.10511243377436451, 0.11214955818189494]
4	0.0704086862558761	[0.05513850867683586, 0.033932792789102925, 0.03841495916382766, 0.10511243377436451, 0.11214955818189494]
4	0.07811106720226374	[0.060359718844384604, 0.042539078586520965, 0.0416947814661022, 0.11238736562590794, 0.12645999376525438]
4	0.08218588720013921	[0.08188865585742884, 0.03657798005747641, 0.04222704487574321, 0.11183640770859184, 0.12927776607292318]
4	0.07947497706770221	[0.06694482520375514, 0.04279091207521943, 0.0434050470722704, 0.11234304952637233, 0.12455423846239716]
4	0.0826807276742101	[0.07229473448508011, 0.03708365175782715, 0.046070886553592656, 0.11597263937398469, 0.13286231101728935]
4	0.07947503089346489	[0.06694508356741598, 0.04279091207521943, 0.0434050470722704, 0.11234304952637233, 0.12455423846239716]
4	0.20265918842862102	[0.3001328302188225, 0.22866700674416712, 0.13360086837783264, 0.17254099848367122, 0.18355580198172083]
4	0.21059760836230407	[0.30892165308755787, 0.22805953206244908, 0.110889323030314, 0.1959360094437308, 0.2126739089274975]
