Nodes,Edges,Max Degree,Min Degree,Mean Degree,Degree Variance,Transitivity,Max Depth,Min Depth,Mean Depth,Max Clustering,Min Clustering,Mean Clustering,Clustering Variance,Degree Entropy,Depth Entropy,Assortativity,Average Eccentricity,Diameter,Radius,Edge Density,Average Shortest Path,mean_complexity,total_complexity,mean_token_count,total_token_count,mean_parameter_count,total_parameter_count,fitness,method,exp_dir,alg_id,gen,parent_ids
329,328,11,1,1.993920972644377,1.5987472399552853,0,12,2,7.105263157894737,0,0,0.0,0.0,5.628638947551156,4.981869577262584,inf,14.075987841945288,18,9,0.00303951367781155,8.512343390911113,3.0,9,91.66666666666667,275,2.0,6,-inf,ellipsometry_with_description_insight_(5 + 5),exp_data_CAI_clip_exp-02-23_215620-LLaMEA-gpt-4o-ellipsometry_with_description_insight_(5 + 5),77fc2ee8-fa9b-4a2c-9450-45c5422b1d3f,0,[None]
213,212,15,1,1.9906103286384977,1.8872357777336946,0,9,2,5.989247311827957,0,0,0.0,0.0,5.190610359548743,4.505682174861068,-inf,10.43661971830986,13,7,0.004694835680751174,6.758437416954558,2.0,6,61.666666666666664,185,2.0,6,-inf,ellipsometry_with_description_insight_(5 + 5),exp_data_CAI_clip_exp-02-23_215620-LLaMEA-gpt-4o-ellipsometry_with_description_insight_(5 + 5),dc3da997-0910-46ae-b4c4-60f8b2879c5a,1,[None]
264,263,8,1,1.9924242424242424,1.4923668503213958,0,15,2,8.079365079365079,0,0,0.0,0.0,5.411735849171427,4.764565949350674,-inf,16.46590909090909,21,11,0.003787878787878788,9.406584860006912,2.5,5,113.5,227,2.5,5,-inf,ellipsometry_with_description_insight_(5 + 5),exp_data_CAI_clip_exp-02-23_215620-LLaMEA-gpt-4o-ellipsometry_with_description_insight_(5 + 5),3abf8f5e-662b-479c-82c9-531bc33de13e,2,[None]
249,248,12,1,1.9919678714859437,1.6304575732649478,0,11,2,6.428571428571429,0,0,0.0,0.0,5.353396609015883,4.686020860533866,-inf,12.67871485943775,17,9,0.004016064257028112,7.496502137582588,3.0,6,102.5,205,2.5,5,-inf,ellipsometry_with_description_insight_(5 + 5),exp_data_CAI_clip_exp-02-23_215620-LLaMEA-gpt-4o-ellipsometry_with_description_insight_(5 + 5),c8f00885-b6ea-4c25-9ddf-751b57bd6edc,3,[None]
238,237,10,1,1.9915966386554622,1.4537108961231544,0,10,2,6.548076923076923,0,0,0.0,0.0,5.317568247115258,4.612803842312594,,12.130252100840336,16,8,0.004201680672268907,7.708080700634684,2.6666666666666665,8,71.0,213,2.0,6,-inf,ellipsometry_with_description_insight_(5 + 5),exp_data_CAI_clip_exp-02-23_215620-LLaMEA-gpt-4o-ellipsometry_with_description_insight_(5 + 5),915a9601-0dd8-45aa-a179-fc452a52aea5,4,[None]
329,328,11,1,1.993920972644377,1.5987472399552853,0,12,2,7.105263157894737,0,0,0.0,0.0,5.628638947551156,4.981869577262584,inf,14.075987841945288,18,9,0.00303951367781155,8.512343390911113,3.0,9,91.66666666666667,275,2.0,6,-inf,ellipsometry_with_description_insight_(5 + 5),exp_data_CAI_clip_exp-02-23_215620-LLaMEA-gpt-4o-ellipsometry_with_description_insight_(5 + 5),4b40b529-ce8c-47d9-a3f7-c5c7a6a7ce91,5,['77fc2ee8-fa9b-4a2c-9450-45c5422b1d3f']
247,246,16,1,1.991902834008097,1.9756429379271911,0,9,2,6.163636363636364,0,0,0.0,0.0,5.332678422502722,4.672738479061811,,10.692307692307692,14,7,0.004048582995951417,7.05671307725223,2.0,6,74.0,222,2.0,6,-inf,ellipsometry_with_description_insight_(5 + 5),exp_data_CAI_clip_exp-02-23_215620-LLaMEA-gpt-4o-ellipsometry_with_description_insight_(5 + 5),8fad90e5-71a4-4395-90e9-9157b11d26b4,6,['dc3da997-0910-46ae-b4c4-60f8b2879c5a']
319,318,14,1,1.993730407523511,1.699020253338705,0,10,2,6.4375,0,0,0.0,0.0,5.597839805730974,4.941527248957759,,11.733542319749215,15,8,0.003134796238244514,7.533250527394965,3.5,7,136.0,272,2.5,5,-inf,ellipsometry_with_description_insight_(5 + 5),exp_data_CAI_clip_exp-02-23_215620-LLaMEA-gpt-4o-ellipsometry_with_description_insight_(5 + 5),91ff2a05-6467-4eb5-9845-33632bb762e5,7,['c8f00885-b6ea-4c25-9ddf-751b57bd6edc']
299,298,11,1,1.9933110367892977,1.6788850236574535,0,15,2,7.7972027972027975,0,0,0.0,0.0,5.527834260556534,4.891162060688197,,16.301003344481604,21,11,0.0033444816053511705,9.058966128706427,2.5,5,126.0,252,2.5,5,-inf,ellipsometry_with_description_insight_(5 + 5),exp_data_CAI_clip_exp-02-23_215620-LLaMEA-gpt-4o-ellipsometry_with_description_insight_(5 + 5),86a0b2db-1431-4853-93b9-8f5fc1f1d0d5,8,['3abf8f5e-662b-479c-82c9-531bc33de13e']
294,293,9,1,1.9931972789115646,1.4897496413531401,0,15,2,8.201438848920864,0,0,0.0,0.0,5.520584456725048,4.863932995676185,,17.29591836734694,23,12,0.003401360544217687,9.812031297160502,2.5,5,126.0,252,2.5,5,-inf,ellipsometry_with_description_insight_(5 + 5),exp_data_CAI_clip_exp-02-23_215620-LLaMEA-gpt-4o-ellipsometry_with_description_insight_(5 + 5),31eaa57a-e924-4639-addf-8b4cd50e140d,9,['3abf8f5e-662b-479c-82c9-531bc33de13e']
334,333,12,1,1.9940119760479043,1.7125389938685505,0,15,2,7.943037974683544,0,0,0.0,0.0,5.638761580919049,4.993659935979938,inf,16.377245508982035,21,11,0.0029940119760479044,9.226088363812915,2.5,5,140.0,280,2.5,5,-inf,ellipsometry_with_description_insight_(5 + 5),exp_data_CAI_clip_exp-02-23_215620-LLaMEA-gpt-4o-ellipsometry_with_description_insight_(5 + 5),9ce86dec-e06e-4b5f-a89f-e5dc667b5888,10,['86a0b2db-1431-4853-93b9-8f5fc1f1d0d5']
315,314,12,1,1.9936507936507937,1.7015469891660366,0,12,2,7.136986301369863,0,0,0.0,0.0,5.583007764143652,4.939300895323374,1.94229857568231e-08,14.52063492063492,19,10,0.0031746031746031746,8.44796279445961,2.5,5,135.0,270,2.5,5,-inf,ellipsometry_with_description_insight_(5 + 5),exp_data_CAI_clip_exp-02-23_215620-LLaMEA-gpt-4o-ellipsometry_with_description_insight_(5 + 5),cb3a1685-80ce-42d5-a42e-958d4ad2595b,11,['86a0b2db-1431-4853-93b9-8f5fc1f1d0d5']
321,320,11,1,1.9937694704049844,1.5825156976349222,0,12,2,7.243243243243243,0,0,0.0,0.0,5.607536199275737,4.9571198920929405,,14.598130841121495,19,10,0.003115264797507788,8.576985981308411,2.5,5,139.0,278,2.5,5,-inf,ellipsometry_with_description_insight_(5 + 5),exp_data_CAI_clip_exp-02-23_215620-LLaMEA-gpt-4o-ellipsometry_with_description_insight_(5 + 5),92006759-cf7d-41de-b28a-d5d1d712e403,12,['31eaa57a-e924-4639-addf-8b4cd50e140d']
266,265,12,1,1.9924812030075187,1.5187404601729886,0,10,2,6.539130434782609,0,0,0.0,0.0,5.4278623621889714,4.710255649971907,-inf,12.112781954887218,16,8,0.0037593984962406013,7.7604766633565045,2.6666666666666665,8,78.0,234,2.0,6,-inf,ellipsometry_with_description_insight_(5 + 5),exp_data_CAI_clip_exp-02-23_215620-LLaMEA-gpt-4o-ellipsometry_with_description_insight_(5 + 5),1fb42dd7-c3b2-4c82-8578-3d36f97e685d,13,['915a9601-0dd8-45aa-a179-fc452a52aea5']
255,254,8,1,1.992156862745098,1.5371933871587846,0,13,2,7.67741935483871,0,0,0.0,0.0,5.3726231133819295,4.766039920906568,,14.72549019607843,19,10,0.00392156862745098,8.845700169831712,2.5,5,115.5,231,2.5,5,-inf,ellipsometry_with_description_insight_(5 + 5),exp_data_CAI_clip_exp-02-23_215620-LLaMEA-gpt-4o-ellipsometry_with_description_insight_(5 + 5),04482083-76c3-4d7f-938b-b541071a3249,14,['3abf8f5e-662b-479c-82c9-531bc33de13e']
370,369,12,1,1.9945945945945946,1.4864572680788894,0,13,2,7.728915662650603,0,0,0.0,0.0,5.75544302782978,5.059872737887124,,16.14054054054054,22,11,0.002702702702702703,9.411352816230865,3.3333333333333335,10,105.66666666666667,317,2.0,6,-inf,ellipsometry_with_description_insight_(5 + 5),exp_data_CAI_clip_exp-02-23_215620-LLaMEA-gpt-4o-ellipsometry_with_description_insight_(5 + 5),2398c2bc-d805-4d26-9ee4-da480b4e4459,15,['1fb42dd7-c3b2-4c82-8578-3d36f97e685d']
330,329,13,1,1.993939393939394,1.5332966023875112,0,13,2,7.220689655172414,0,0,0.0,0.0,5.641872687322725,4.92808597505352,,14.981818181818182,20,10,0.0030303030303030303,8.63490835405729,2.6666666666666665,8,97.0,291,2.0,6,-inf,ellipsometry_with_description_insight_(5 + 5),exp_data_CAI_clip_exp-02-23_215620-LLaMEA-gpt-4o-ellipsometry_with_description_insight_(5 + 5),7015b503-76a3-499f-9196-98acd654c3a9,16,['915a9601-0dd8-45aa-a179-fc452a52aea5']
331,330,11,1,1.9939577039274925,1.583045061655151,0,12,2,7.415584415584416,0,0,0.0,0.0,5.637393632064599,4.993564158082929,,14.897280966767372,20,10,0.0030211480362537764,8.789526686807653,2.5,5,145.0,290,2.5,5,-inf,ellipsometry_with_description_insight_(5 + 5),exp_data_CAI_clip_exp-02-23_215620-LLaMEA-gpt-4o-ellipsometry_with_description_insight_(5 + 5),3b08a40d-91f6-4d65-a84a-a7d9ebc6a7bd,17,['92006759-cf7d-41de-b28a-d5d1d712e403']
321,320,11,1,1.9937694704049844,1.5825156976349222,0,12,2,7.243243243243243,0,0,0.0,0.0,5.607536199275737,4.9571198920929405,,14.598130841121495,19,10,0.003115264797507788,8.576985981308411,2.5,5,139.0,278,2.5,5,-inf,ellipsometry_with_description_insight_(5 + 5),exp_data_CAI_clip_exp-02-23_215620-LLaMEA-gpt-4o-ellipsometry_with_description_insight_(5 + 5),ee81beb3-df21-47c0-9c88-2fb7c5005e1c,18,['92006759-cf7d-41de-b28a-d5d1d712e403']
273,272,12,1,1.9926739926739927,1.523755853426183,0,10,2,6.5508474576271185,0,0,0.0,0.0,5.453498160060428,4.736704757483155,2.547310388272368e-08,12.113553113553113,16,8,0.003663003663003663,7.764059469941823,2.6666666666666665,8,80.0,240,2.0,6,-inf,ellipsometry_with_description_insight_(5 + 5),exp_data_CAI_clip_exp-02-23_215620-LLaMEA-gpt-4o-ellipsometry_with_description_insight_(5 + 5),78aa20de-4824-489a-9766-0f8485a7592e,19,['1fb42dd7-c3b2-4c82-8578-3d36f97e685d']
280,279,13,1,1.9928571428571429,1.5785204081632649,0,10,2,6.537190082644628,0,0,0.0,0.0,5.477020045677813,4.762284005132351,1.8455670471326005e-08,12.089285714285714,16,8,0.0035714285714285713,7.736226318484383,2.6666666666666665,8,82.0,246,2.0,6,-inf,ellipsometry_with_description_insight_(5 + 5),exp_data_CAI_clip_exp-02-23_215620-LLaMEA-gpt-4o-ellipsometry_with_description_insight_(5 + 5),a64ac376-86cb-4b29-a1c6-4e5dc5ff8081,20,['78aa20de-4824-489a-9766-0f8485a7592e']
360,359,12,1,1.9944444444444445,1.6388580246913584,0,12,2,7.25748502994012,0,0,0.0,0.0,5.719649799729547,5.080295787511077,-inf,14.613888888888889,19,10,0.002777777777777778,8.587867533271433,2.5,5,156.0,312,2.5,5,-inf,ellipsometry_with_description_insight_(5 + 5),exp_data_CAI_clip_exp-02-23_215620-LLaMEA-gpt-4o-ellipsometry_with_description_insight_(5 + 5),e8897acd-57b6-4b32-a579-85c5f1f58033,21,['92006759-cf7d-41de-b28a-d5d1d712e403']
324,323,11,1,1.9938271604938271,1.5863816491388507,0,12,2,7.26,0,0,0.0,0.0,5.616214917444541,4.970938312167588,-inf,14.604938271604938,19,10,0.0030864197530864196,8.609792454993693,2.5,5,141.0,282,2.5,5,-inf,ellipsometry_with_description_insight_(5 + 5),exp_data_CAI_clip_exp-02-23_215620-LLaMEA-gpt-4o-ellipsometry_with_description_insight_(5 + 5),f7dfc5f8-1ab5-47fb-be4e-93599661a81f,22,['92006759-cf7d-41de-b28a-d5d1d712e403']
273,272,12,1,1.9926739926739927,1.523755853426183,0,10,2,6.5508474576271185,0,0,0.0,0.0,5.453498160060428,4.736704757483155,2.547310388272368e-08,12.113553113553113,16,8,0.003663003663003663,7.764059469941823,2.6666666666666665,8,80.0,240,2.0,6,-inf,ellipsometry_with_description_insight_(5 + 5),exp_data_CAI_clip_exp-02-23_215620-LLaMEA-gpt-4o-ellipsometry_with_description_insight_(5 + 5),fc05c033-f506-4c25-be33-3ae7c0cb41ec,23,['78aa20de-4824-489a-9766-0f8485a7592e']
238,237,10,1,1.9915966386554622,1.4537108961231544,0,10,2,6.548076923076923,0,0,0.0,0.0,5.317568247115258,4.612803842312594,,12.130252100840336,16,8,0.004201680672268907,7.708080700634684,2.6666666666666665,8,71.0,213,2.0,6,-inf,ellipsometry_with_description_insight_(5 + 5),exp_data_CAI_clip_exp-02-23_215620-LLaMEA-gpt-4o-ellipsometry_with_description_insight_(5 + 5),57edb643-8ad6-42fa-a9f2-e3c8ef2d69fc,24,['915a9601-0dd8-45aa-a179-fc452a52aea5']
246,245,10,1,1.991869918699187,1.5039989424284488,0,10,2,6.601851851851852,0,0,0.0,0.0,5.347485366081978,4.651152327557777,2.4971423183194616e-08,12.166666666666666,16,8,0.0040650406504065045,7.760444665671146,2.6666666666666665,8,77.66666666666667,233,2.0,6,-inf,ellipsometry_with_description_insight_(5 + 5),exp_data_CAI_clip_exp-02-23_215620-LLaMEA-gpt-4o-ellipsometry_with_description_insight_(5 + 5),d0d406a1-457b-41e2-a9b0-40954937977f,25,['57edb643-8ad6-42fa-a9f2-e3c8ef2d69fc']
266,265,11,1,1.9924812030075187,1.451071287240658,0,13,2,6.791304347826087,0,0,0.0,0.0,5.430753851418763,4.6991586620954156,,14.969924812030076,19,10,0.0037593984962406013,8.217307419492126,2.6666666666666665,8,78.66666666666667,236,2.0,6,-inf,ellipsometry_with_description_insight_(5 + 5),exp_data_CAI_clip_exp-02-23_215620-LLaMEA-gpt-4o-ellipsometry_with_description_insight_(5 + 5),d9d43112-f68f-48cd-b47f-9bf980028f0f,26,['915a9601-0dd8-45aa-a179-fc452a52aea5']
255,254,12,1,1.992156862745098,1.5371933871587848,0,10,2,6.418181818181818,0,0,0.0,0.0,5.384880348739492,4.667777565808853,,12.0,16,8,0.00392156862745098,7.527682569090628,2.6666666666666665,8,75.0,225,2.0,6,-inf,ellipsometry_with_description_insight_(5 + 5),exp_data_CAI_clip_exp-02-23_215620-LLaMEA-gpt-4o-ellipsometry_with_description_insight_(5 + 5),1860d1f1-9630-4f07-8760-63b06462f662,27,['57edb643-8ad6-42fa-a9f2-e3c8ef2d69fc']
317,316,12,1,1.9936908517350158,1.5015374817144163,0,11,2,6.870503597122302,0,0,0.0,0.0,5.602338677072307,4.9000396284813945,,13.066246056782335,17,9,0.0031545741324921135,8.194625244579324,3.0,9,94.33333333333333,283,2.0,6,-inf,ellipsometry_with_description_insight_(5 + 5),exp_data_CAI_clip_exp-02-23_215620-LLaMEA-gpt-4o-ellipsometry_with_description_insight_(5 + 5),35e31131-328b-4364-bdaf-7ec46c254a18,28,['915a9601-0dd8-45aa-a179-fc452a52aea5']
296,295,9,1,1.9932432432432432,1.5134678597516433,0,15,2,8.198581560283689,0,0,0.0,0.0,5.525115320378719,4.879191043368167,inf,17.29391891891892,23,12,0.0033783783783783786,9.814750343563903,2.5,5,129.0,258,2.5,5,-inf,ellipsometry_with_description_insight_(5 + 5),exp_data_CAI_clip_exp-02-23_215620-LLaMEA-gpt-4o-ellipsometry_with_description_insight_(5 + 5),46dfcb41-1121-4554-a46e-0721b05efcbb,29,['31eaa57a-e924-4639-addf-8b4cd50e140d']
246,245,10,1,1.991869918699187,1.5039989424284488,0,10,2,6.601851851851852,0,0,0.0,0.0,5.347485366081978,4.651152327557777,2.4971423183194616e-08,12.166666666666666,16,8,0.0040650406504065045,7.760444665671146,2.6666666666666665,8,77.66666666666667,233,2.0,6,-inf,ellipsometry_with_description_insight_(5 + 5),exp_data_CAI_clip_exp-02-23_215620-LLaMEA-gpt-4o-ellipsometry_with_description_insight_(5 + 5),950c9db9-082d-43a0-9614-95dc39e9886f,30,['d0d406a1-457b-41e2-a9b0-40954937977f']
294,293,9,1,1.9931972789115646,1.4897496413531401,0,15,2,8.201438848920864,0,0,0.0,0.0,5.520584456725048,4.863932995676185,,17.29591836734694,23,12,0.003401360544217687,9.812031297160502,2.5,5,126.0,252,2.5,5,-inf,ellipsometry_with_description_insight_(5 + 5),exp_data_CAI_clip_exp-02-23_215620-LLaMEA-gpt-4o-ellipsometry_with_description_insight_(5 + 5),e4c0f618-ccbb-49a0-a718-9f2d91aab107,31,['31eaa57a-e924-4639-addf-8b4cd50e140d']
250,249,11,1,1.992,1.4799359999999993,0,10,2,6.472222222222222,0,0,0.0,0.0,5.367116340427689,4.648537329497975,,12.068,16,8,0.004,7.6332530120481925,2.6666666666666665,8,74.0,222,2.0,6,-inf,ellipsometry_with_description_insight_(5 + 5),exp_data_CAI_clip_exp-02-23_215620-LLaMEA-gpt-4o-ellipsometry_with_description_insight_(5 + 5),c45dcde5-d9f4-44df-8d1e-e73c41fc5e8d,32,['57edb643-8ad6-42fa-a9f2-e3c8ef2d69fc']
253,252,11,1,1.992094861660079,1.5019137933728073,0,10,2,6.513513513513513,0,0,0.0,0.0,5.3764192750413615,4.679703573582317,,12.079051383399209,16,8,0.003952569169960474,7.660957400087835,2.6666666666666665,8,73.0,219,2.0,6,-inf,ellipsometry_with_description_insight_(5 + 5),exp_data_CAI_clip_exp-02-23_215620-LLaMEA-gpt-4o-ellipsometry_with_description_insight_(5 + 5),830fa411-c30e-45c5-915c-0204eda3b651,33,['57edb643-8ad6-42fa-a9f2-e3c8ef2d69fc']
452,451,12,1,1.9955752212389382,1.5796264390320305,0,12,2,7.600961538461538,0,0,0.0,0.0,5.949680644270114,5.309543567906379,inf,13.774336283185841,18,9,0.0022123893805309734,8.628043874968114,5.0,10,184.0,368,2.5,5,-inf,ellipsometry_with_description_insight_(5 + 5),exp_data_CAI_clip_exp-02-23_215620-LLaMEA-gpt-4o-ellipsometry_with_description_insight_(5 + 5),3cf8fdfc-e5ea-4eab-9524-ad1c87c795b0,34,['31eaa57a-e924-4639-addf-8b4cd50e140d']
250,249,10,1,1.992,1.5599359999999998,0,10,2,6.651785714285714,0,0,0.0,0.0,5.358203455230572,4.688134859264859,,12.196,16,8,0.004,7.806489959839357,2.6666666666666665,8,81.66666666666667,245,2.0,6,-inf,ellipsometry_with_description_insight_(5 + 5),exp_data_CAI_clip_exp-02-23_215620-LLaMEA-gpt-4o-ellipsometry_with_description_insight_(5 + 5),f30ee990-c2be-4210-b83d-ffd77ab022ea,35,['950c9db9-082d-43a0-9614-95dc39e9886f']
246,245,10,1,1.991869918699187,1.5039989424284488,0,10,2,6.601851851851852,0,0,0.0,0.0,5.347485366081978,4.651152327557777,2.4971423183194616e-08,12.166666666666666,16,8,0.0040650406504065045,7.760444665671146,2.6666666666666665,8,77.66666666666667,233,2.0,6,-inf,ellipsometry_with_description_insight_(5 + 5),exp_data_CAI_clip_exp-02-23_215620-LLaMEA-gpt-4o-ellipsometry_with_description_insight_(5 + 5),6f04aec2-4052-417f-be16-6eae563e6d74,36,['d0d406a1-457b-41e2-a9b0-40954937977f']
297,296,9,1,1.9932659932659933,1.494904148102801,0,15,2,8.24822695035461,0,0,0.0,0.0,5.5300470360736504,4.87804822228013,inf,17.61952861952862,24,12,0.003367003367003367,9.914186914186914,2.5,5,127.0,254,2.5,5,-inf,ellipsometry_with_description_insight_(5 + 5),exp_data_CAI_clip_exp-02-23_215620-LLaMEA-gpt-4o-ellipsometry_with_description_insight_(5 + 5),5196b5c7-695b-4009-aeb8-0e2e46c03324,37,['31eaa57a-e924-4639-addf-8b4cd50e140d']
261,260,11,1,1.9923371647509578,1.4635428135229958,0,12,2,6.672566371681416,0,0,0.0,0.0,5.4108532267208655,4.686751039310874,,14.019157088122606,18,9,0.0038314176245210726,8.013557323902152,2.6666666666666665,8,77.0,231,2.0,6,-inf,ellipsometry_with_description_insight_(5 + 5),exp_data_CAI_clip_exp-02-23_215620-LLaMEA-gpt-4o-ellipsometry_with_description_insight_(5 + 5),c8be58d5-968d-4e07-94fa-a1f1f350ef5d,38,['57edb643-8ad6-42fa-a9f2-e3c8ef2d69fc']
299,298,11,1,1.9933110367892977,1.5451057594434066,0,10,2,6.679389312977099,0,0,0.0,0.0,5.541171448570614,4.846761623707234,,12.200668896321071,16,8,0.0033444816053511705,7.887275257569976,2.5,10,71.25,285,2.0,8,-inf,ellipsometry_with_description_insight_(5 + 5),exp_data_CAI_clip_exp-02-23_215620-LLaMEA-gpt-4o-ellipsometry_with_description_insight_(5 + 5),9bddd20a-b261-4b99-8c57-5dc46bee7a88,39,['d0d406a1-457b-41e2-a9b0-40954937977f']
242,241,10,1,1.9917355371900827,1.4544771531999177,0,10,2,6.537735849056604,0,0,0.0,0.0,5.3337459404182175,4.627683024874093,-inf,12.169421487603305,16,8,0.004132231404958678,7.781797606392099,2.6666666666666665,8,70.33333333333333,211,2.0,6,-inf,ellipsometry_with_description_insight_(5 + 5),exp_data_CAI_clip_exp-02-23_215620-LLaMEA-gpt-4o-ellipsometry_with_description_insight_(5 + 5),f88ccd8c-2bd7-4452-8e05-db568f18b21e,40,['57edb643-8ad6-42fa-a9f2-e3c8ef2d69fc']
321,320,11,1,1.9937694704049844,1.5825156976349222,0,12,2,7.243243243243243,0,0,0.0,0.0,5.607536199275737,4.9571198920929405,,14.598130841121495,19,10,0.003115264797507788,8.576985981308411,2.5,5,139.0,278,2.5,5,-inf,ellipsometry_with_description_insight_(5 + 5),exp_data_CAI_clip_exp-02-23_215620-LLaMEA-gpt-4o-ellipsometry_with_description_insight_(5 + 5),d1d348f8-64d3-4b1d-a9ed-277163d3ad87,41,['92006759-cf7d-41de-b28a-d5d1d712e403']
261,260,11,1,1.9923371647509578,1.5631596717605438,0,10,2,6.543103448275862,0,0,0.0,0.0,5.402997923854771,4.7233044688674495,3.263908416255489e-08,12.114942528735632,16,8,0.0038314176245210726,7.711111111111111,2.6666666666666665,8,81.66666666666667,245,2.0,6,-inf,ellipsometry_with_description_insight_(5 + 5),exp_data_CAI_clip_exp-02-23_215620-LLaMEA-gpt-4o-ellipsometry_with_description_insight_(5 + 5),dbb6de7e-fa6a-4633-935e-c341b53fcf8b,42,['d0d406a1-457b-41e2-a9b0-40954937977f']
263,262,12,1,1.9923954372623573,1.581691220055227,0,10,2,6.473684210526316,0,0,0.0,0.0,5.412882430274301,4.703971567767228,inf,12.038022813688213,16,8,0.0038022813688212928,7.583200301860505,2.6666666666666665,8,81.66666666666667,245,2.0,6,-inf,ellipsometry_with_description_insight_(5 + 5),exp_data_CAI_clip_exp-02-23_215620-LLaMEA-gpt-4o-ellipsometry_with_description_insight_(5 + 5),00dfd093-759b-47c7-82d8-2d14ac5d16c9,43,['d0d406a1-457b-41e2-a9b0-40954937977f']
301,300,10,1,1.9933554817275747,1.5149060164898847,0,11,2,6.9465648854961835,0,0,0.0,0.0,5.548809643187067,4.842678528698375,,13.053156146179402,17,9,0.0033222591362126247,8.189501661129569,3.0,9,97.33333333333333,292,2.0,6,-inf,ellipsometry_with_description_insight_(5 + 5),exp_data_CAI_clip_exp-02-23_215620-LLaMEA-gpt-4o-ellipsometry_with_description_insight_(5 + 5),d38adf53-1e5b-4242-9f35-ddfada61ae91,44,['950c9db9-082d-43a0-9614-95dc39e9886f']
260,259,11,1,1.9923076923076923,1.4614792899408289,0,11,2,6.598214285714286,0,0,0.0,0.0,5.407599498851882,4.681348397476317,3.378945521441045e-08,13.069230769230769,17,9,0.0038461538461538464,7.8617760617760615,2.6666666666666665,8,78.0,234,2.0,6,-inf,ellipsometry_with_description_insight_(5 + 5),exp_data_CAI_clip_exp-02-23_215620-LLaMEA-gpt-4o-ellipsometry_with_description_insight_(5 + 5),c6e98f7c-fdd8-4717-945c-209db4da3409,45,['57edb643-8ad6-42fa-a9f2-e3c8ef2d69fc']
246,245,10,1,1.991869918699187,1.5039989424284488,0,10,2,6.601851851851852,0,0,0.0,0.0,5.347485366081978,4.651152327557777,2.4971423183194616e-08,12.166666666666666,16,8,0.0040650406504065045,7.760444665671146,2.6666666666666665,8,77.66666666666667,233,2.0,6,-inf,ellipsometry_with_description_insight_(5 + 5),exp_data_CAI_clip_exp-02-23_215620-LLaMEA-gpt-4o-ellipsometry_with_description_insight_(5 + 5),d27b09f6-0792-4a7a-a149-633c6bb482a2,46,['d0d406a1-457b-41e2-a9b0-40954937977f']
253,252,10,1,1.992094861660079,1.517724070052649,0,10,2,6.616071428571429,0,0,0.0,0.0,5.373925210431656,4.688435882459005,,12.17786561264822,16,8,0.003952569169960474,7.769998117824205,3.0,9,80.33333333333333,241,2.0,6,-inf,ellipsometry_with_description_insight_(5 + 5),exp_data_CAI_clip_exp-02-23_215620-LLaMEA-gpt-4o-ellipsometry_with_description_insight_(5 + 5),4c123c49-e6d8-4618-b3bf-1517822c04e6,47,['950c9db9-082d-43a0-9614-95dc39e9886f']
263,262,10,1,1.9923954372623573,1.429599965302375,0,11,2,6.791304347826087,0,0,0.0,0.0,5.418800700122131,4.710497978343264,,13.003802281368822,17,9,0.0038022813688212928,8.032508054450991,3.0,9,79.33333333333333,238,2.0,6,-inf,ellipsometry_with_description_insight_(5 + 5),exp_data_CAI_clip_exp-02-23_215620-LLaMEA-gpt-4o-ellipsometry_with_description_insight_(5 + 5),f37f91bb-bb61-4021-b5f4-5c0e73a55e86,48,['d0d406a1-457b-41e2-a9b0-40954937977f']
330,329,12,1,1.993939393939394,1.6242056932966025,0,12,2,7.25,0,0,0.0,0.0,5.633645061233486,4.984147237996314,,14.603030303030303,19,10,0.0030303030303030303,8.56074422031869,2.5,5,141.5,283,2.5,5,-inf,ellipsometry_with_description_insight_(5 + 5),exp_data_CAI_clip_exp-02-23_215620-LLaMEA-gpt-4o-ellipsometry_with_description_insight_(5 + 5),d2c707fe-dab4-4b65-b579-fe4a5ae9f285,49,['92006759-cf7d-41de-b28a-d5d1d712e403']
242,241,10,1,1.9917355371900827,1.4544771531999177,0,10,2,6.537735849056604,0,0,0.0,0.0,5.3337459404182175,4.627683024874093,-inf,12.169421487603305,16,8,0.004132231404958678,7.781797606392099,2.6666666666666665,8,70.33333333333333,211,2.0,6,-inf,ellipsometry_with_description_insight_(5 + 5),exp_data_CAI_clip_exp-02-23_215620-LLaMEA-gpt-4o-ellipsometry_with_description_insight_(5 + 5),a43b925b-ce76-47f3-924e-835c5bbb7cd7,50,['57edb643-8ad6-42fa-a9f2-e3c8ef2d69fc']
246,245,10,1,1.991869918699187,1.5039989424284488,0,10,2,6.601851851851852,0,0,0.0,0.0,5.347485366081978,4.651152327557777,2.4971423183194616e-08,12.166666666666666,16,8,0.0040650406504065045,7.760444665671146,2.6666666666666665,8,77.66666666666667,233,2.0,6,-inf,ellipsometry_with_description_insight_(5 + 5),exp_data_CAI_clip_exp-02-23_215620-LLaMEA-gpt-4o-ellipsometry_with_description_insight_(5 + 5),5e616188-2538-4b24-89fb-d0c4e675f1c2,51,['950c9db9-082d-43a0-9614-95dc39e9886f']
246,245,10,1,1.991869918699187,1.5039989424284488,0,10,2,6.601851851851852,0,0,0.0,0.0,5.347485366081978,4.651152327557777,2.4971423183194616e-08,12.166666666666666,16,8,0.0040650406504065045,7.760444665671146,2.6666666666666665,8,77.66666666666667,233,2.0,6,-inf,ellipsometry_with_description_insight_(5 + 5),exp_data_CAI_clip_exp-02-23_215620-LLaMEA-gpt-4o-ellipsometry_with_description_insight_(5 + 5),0b8c19e8-1b0d-49eb-a3f0-ea16a5361788,52,['d0d406a1-457b-41e2-a9b0-40954937977f']
266,265,12,1,1.9924812030075187,1.5187404601729886,0,10,2,6.539130434782609,0,0,0.0,0.0,5.4278623621889714,4.710255649971907,-inf,12.112781954887218,16,8,0.0037593984962406013,7.7604766633565045,2.6666666666666665,8,78.0,234,2.0,6,-inf,ellipsometry_with_description_insight_(5 + 5),exp_data_CAI_clip_exp-02-23_215620-LLaMEA-gpt-4o-ellipsometry_with_description_insight_(5 + 5),a784ee8a-3b77-4185-a42c-acaf724b701c,53,['57edb643-8ad6-42fa-a9f2-e3c8ef2d69fc']
248,247,10,1,1.9919354838709677,1.5321930280957332,0,10,2,6.627272727272727,0,0,0.0,0.0,5.35285502132297,4.669808563457802,,12.181451612903226,16,8,0.004032258064516129,7.782584563144835,2.6666666666666665,8,79.66666666666667,239,2.0,6,-inf,ellipsometry_with_description_insight_(5 + 5),exp_data_CAI_clip_exp-02-23_215620-LLaMEA-gpt-4o-ellipsometry_with_description_insight_(5 + 5),61d42b43-049d-4e39-a842-0b353f08847e,54,['950c9db9-082d-43a0-9614-95dc39e9886f']
243,242,10,1,1.991769547325103,1.514335551829836,0,10,2,6.570093457943925,0,0,0.0,0.0,5.3343396979687085,4.642157089932115,inf,12.139917695473251,16,8,0.00411522633744856,7.705404210454716,2.6666666666666665,8,77.0,231,2.0,6,-inf,ellipsometry_with_description_insight_(5 + 5),exp_data_CAI_clip_exp-02-23_215620-LLaMEA-gpt-4o-ellipsometry_with_description_insight_(5 + 5),3eded821-aaa9-47f9-b6ae-c894ed10d614,55,['950c9db9-082d-43a0-9614-95dc39e9886f']
250,249,10,1,1.992,1.5599359999999998,0,10,2,6.651785714285714,0,0,0.0,0.0,5.358203455230572,4.688134859264859,,12.196,16,8,0.004,7.806489959839357,2.6666666666666665,8,81.66666666666667,245,2.0,6,-inf,ellipsometry_with_description_insight_(5 + 5),exp_data_CAI_clip_exp-02-23_215620-LLaMEA-gpt-4o-ellipsometry_with_description_insight_(5 + 5),d2771b37-6b30-4de0-bee2-9175641caf71,56,['d0d406a1-457b-41e2-a9b0-40954937977f']
261,260,10,1,1.9923371647509578,1.5018569897682068,0,13,2,6.931034482758621,0,0,0.0,0.0,5.405769951866228,4.71268615224503,3.01676896280681e-08,14.651340996168582,19,10,0.0038314176245210726,8.215797229590333,2.6666666666666665,8,82.33333333333333,247,2.0,6,-inf,ellipsometry_with_description_insight_(5 + 5),exp_data_CAI_clip_exp-02-23_215620-LLaMEA-gpt-4o-ellipsometry_with_description_insight_(5 + 5),e42052a7-c2b3-4b21-9783-b83d3c621021,57,['57edb643-8ad6-42fa-a9f2-e3c8ef2d69fc']
248,247,10,1,1.9919354838709677,1.5321930280957332,0,10,2,6.627272727272727,0,0,0.0,0.0,5.35285502132297,4.669808563457802,,12.181451612903226,16,8,0.004032258064516129,7.782584563144835,2.6666666666666665,8,79.66666666666667,239,2.0,6,-inf,ellipsometry_with_description_insight_(5 + 5),exp_data_CAI_clip_exp-02-23_215620-LLaMEA-gpt-4o-ellipsometry_with_description_insight_(5 + 5),f96631fe-3ed6-4a89-b601-618c71975988,58,['950c9db9-082d-43a0-9614-95dc39e9886f']
255,254,10,1,1.992156862745098,1.4587620146097655,0,10,2,6.625,0,0,0.0,0.0,5.38577410203619,4.68709724718643,,12.192156862745097,16,8,0.00392156862745098,7.825104214914312,2.6666666666666665,8,76.33333333333333,229,2.0,6,-inf,ellipsometry_with_description_insight_(5 + 5),exp_data_CAI_clip_exp-02-23_215620-LLaMEA-gpt-4o-ellipsometry_with_description_insight_(5 + 5),b88cff79-0c54-405f-8adb-5eec901262ca,59,['57edb643-8ad6-42fa-a9f2-e3c8ef2d69fc']
324,323,11,1,1.9938271604938271,1.5863816491388507,0,12,2,7.253333333333333,0,0,0.0,0.0,5.616214917444541,4.970948021033589,-inf,14.61111111111111,19,10,0.0030864197530864196,8.612945763100562,2.5,5,140.0,280,2.5,5,-inf,ellipsometry_with_description_insight_(5 + 5),exp_data_CAI_clip_exp-02-23_215620-LLaMEA-gpt-4o-ellipsometry_with_description_insight_(5 + 5),cb294147-66ec-44c4-a6a8-7d1ed5821710,60,['92006759-cf7d-41de-b28a-d5d1d712e403']
242,241,10,1,1.9917355371900827,1.5123283928693394,0,10,2,6.556603773584905,0,0,0.0,0.0,5.330642996770286,4.63244529022707,3.304531592040285e-08,12.136363636363637,16,8,0.004132231404958678,7.710880971160111,2.6666666666666665,8,75.0,225,2.0,6,-inf,ellipsometry_with_description_insight_(5 + 5),exp_data_CAI_clip_exp-02-23_215620-LLaMEA-gpt-4o-ellipsometry_with_description_insight_(5 + 5),f28d164e-8428-45c7-bf38-7f803420fcdd,61,['57edb643-8ad6-42fa-a9f2-e3c8ef2d69fc']
327,326,11,1,1.9938837920489296,1.5901766592785869,0,12,2,7.355263157894737,0,0,0.0,0.0,5.624819377541888,4.981725518204307,,14.84097859327217,20,10,0.0030581039755351682,8.705802893003884,2.5,5,143.0,286,2.5,5,-inf,ellipsometry_with_description_insight_(5 + 5),exp_data_CAI_clip_exp-02-23_215620-LLaMEA-gpt-4o-ellipsometry_with_description_insight_(5 + 5),fc18c604-dd89-4c99-9d7d-60cb24ad6bba,62,['92006759-cf7d-41de-b28a-d5d1d712e403']
326,325,11,1,1.9938650306748467,1.6195942639918701,0,11,2,7.1066666666666665,0,0,0.0,0.0,5.621686381368155,4.974218002750812,,13.082822085889571,17,9,0.003067484662576687,8.330722038697498,2.5,5,140.5,281,2.5,5,-inf,ellipsometry_with_description_insight_(5 + 5),exp_data_CAI_clip_exp-02-23_215620-LLaMEA-gpt-4o-ellipsometry_with_description_insight_(5 + 5),371b3b07-ddda-4640-b6c3-1eb85eaeaf3b,63,['92006759-cf7d-41de-b28a-d5d1d712e403']
349,348,12,1,1.994269340974212,1.6332049818967003,0,12,2,7.331288343558282,0,0,0.0,0.0,5.687583311382863,5.055723610608568,,14.681948424068768,19,10,0.0028653295128939827,8.661430029970688,2.5,5,152.5,305,2.5,5,-inf,ellipsometry_with_description_insight_(5 + 5),exp_data_CAI_clip_exp-02-23_215620-LLaMEA-gpt-4o-ellipsometry_with_description_insight_(5 + 5),0a92ebc0-2433-4a18-9a51-7dcef5b2d778,64,['92006759-cf7d-41de-b28a-d5d1d712e403']
270,269,10,1,1.9925925925925927,1.518463648834019,0,13,2,7.10655737704918,0,0,0.0,0.0,5.437252353131586,4.760961811918113,,15.559259259259258,22,11,0.003703703703703704,8.434834090596173,2.6666666666666665,8,85.66666666666667,257,2.0,6,-inf,ellipsometry_with_description_insight_(5 + 5),exp_data_CAI_clip_exp-02-23_215620-LLaMEA-gpt-4o-ellipsometry_with_description_insight_(5 + 5),5865f69c-952b-44e4-97c2-ecc64c7d3f79,65,['950c9db9-082d-43a0-9614-95dc39e9886f']
282,281,10,1,1.9929078014184398,1.51058799859162,0,13,2,7.3515625,0,0,0.0,0.0,5.480824346823489,4.803035557260316,inf,15.77659574468085,22,11,0.0035460992907801418,8.790767522273542,2.6666666666666665,8,91.0,273,2.0,6,-inf,ellipsometry_with_description_insight_(5 + 5),exp_data_CAI_clip_exp-02-23_215620-LLaMEA-gpt-4o-ellipsometry_with_description_insight_(5 + 5),b7c30af9-1b09-4ccf-b086-4d4c54d74fcf,66,['57edb643-8ad6-42fa-a9f2-e3c8ef2d69fc']
269,268,10,1,1.9925650557620818,1.5018034576636583,0,14,2,7.1,0,0,0.0,0.0,5.4355267904364615,4.741992251752133,-inf,15.54275092936803,20,10,0.0037174721189591076,8.431226765799256,3.0,9,85.33333333333333,256,2.0,6,-inf,ellipsometry_with_description_insight_(5 + 5),exp_data_CAI_clip_exp-02-23_215620-LLaMEA-gpt-4o-ellipsometry_with_description_insight_(5 + 5),3692f651-1f40-4214-b335-c906ea63acf9,67,['950c9db9-082d-43a0-9614-95dc39e9886f']
248,247,11,1,1.9919354838709677,1.5563865764828297,0,10,2,6.537037037037037,0,0,0.0,0.0,5.353942692189304,4.650139393943002,,12.116935483870968,16,8,0.004032258064516129,7.6844390753558836,2.25,9,57.25,229,1.75,7,-inf,ellipsometry_with_description_insight_(5 + 5),exp_data_CAI_clip_exp-02-23_215620-LLaMEA-gpt-4o-ellipsometry_with_description_insight_(5 + 5),97bee588-d112-4863-a397-9cf665026d97,68,['d0d406a1-457b-41e2-a9b0-40954937977f']
249,248,10,1,1.9919678714859437,1.5099756455541045,0,10,2,6.6454545454545455,0,0,0.0,0.0,5.358721108770087,4.6690645863297044,inf,12.200803212851406,16,8,0.004016064257028112,7.827114911257935,2.6666666666666665,8,78.33333333333333,235,2.0,6,-inf,ellipsometry_with_description_insight_(5 + 5),exp_data_CAI_clip_exp-02-23_215620-LLaMEA-gpt-4o-ellipsometry_with_description_insight_(5 + 5),d584dfa0-bf23-46ac-8323-25458411b075,69,['57edb643-8ad6-42fa-a9f2-e3c8ef2d69fc']
324,323,11,1,1.9938271604938271,1.5863816491388507,0,12,2,7.26,0,0,0.0,0.0,5.616214917444541,4.970244098922865,-inf,14.626543209876543,19,10,0.0030864197530864196,8.623055460000764,2.5,5,141.0,282,2.5,5,-inf,ellipsometry_with_description_insight_(5 + 5),exp_data_CAI_clip_exp-02-23_215620-LLaMEA-gpt-4o-ellipsometry_with_description_insight_(5 + 5),eb81fd3f-4400-40a1-847c-b1493a708d61,70,['92006759-cf7d-41de-b28a-d5d1d712e403']
250,249,10,1,1.992,1.5599359999999998,0,10,2,6.651785714285714,0,0,0.0,0.0,5.358203455230572,4.688134859264859,,12.196,16,8,0.004,7.806489959839357,2.6666666666666665,8,81.66666666666667,245,2.0,6,-inf,ellipsometry_with_description_insight_(5 + 5),exp_data_CAI_clip_exp-02-23_215620-LLaMEA-gpt-4o-ellipsometry_with_description_insight_(5 + 5),9b409e47-8bcb-42d1-8ffd-866a897dd0bd,71,['d0d406a1-457b-41e2-a9b0-40954937977f']
248,247,10,1,1.9919354838709677,1.5321930280957332,0,10,2,6.627272727272727,0,0,0.0,0.0,5.35285502132297,4.669808563457802,,12.181451612903226,16,8,0.004032258064516129,7.782584563144835,2.6666666666666665,8,79.66666666666667,239,2.0,6,-inf,ellipsometry_with_description_insight_(5 + 5),exp_data_CAI_clip_exp-02-23_215620-LLaMEA-gpt-4o-ellipsometry_with_description_insight_(5 + 5),86d48bb2-80a6-46e1-97f1-a519fd43b415,72,['950c9db9-082d-43a0-9614-95dc39e9886f']
309,308,11,1,1.993527508090615,1.4562687864601336,0,10,2,6.723880597014926,0,0,0.0,0.0,5.579402693471342,4.8695243722827115,,12.229773462783172,16,8,0.003236245954692557,7.979363678392804,3.3333333333333335,10,91.66666666666667,275,2.0,6,-inf,ellipsometry_with_description_insight_(5 + 5),exp_data_CAI_clip_exp-02-23_215620-LLaMEA-gpt-4o-ellipsometry_with_description_insight_(5 + 5),c5d457b7-6207-4658-a83f-2a584e2716ee,73,['57edb643-8ad6-42fa-a9f2-e3c8ef2d69fc']
266,265,10,1,1.9924812030075187,1.5187404601729888,0,10,2,6.711864406779661,0,0,0.0,0.0,5.42395276717811,4.7394101024362225,inf,12.259398496240602,16,8,0.0037593984962406013,7.914455951198752,2.6666666666666665,8,82.66666666666667,248,2.0,6,-inf,ellipsometry_with_description_insight_(5 + 5),exp_data_CAI_clip_exp-02-23_215620-LLaMEA-gpt-4o-ellipsometry_with_description_insight_(5 + 5),81e3095e-9658-403c-b25f-f6c2beaec8fe,74,['d0d406a1-457b-41e2-a9b0-40954937977f']
321,320,11,1,1.9937694704049844,1.5825156976349222,0,12,2,7.243243243243243,0,0,0.0,0.0,5.607536199275737,4.9571198920929405,,14.598130841121495,19,10,0.003115264797507788,8.576985981308411,2.5,5,139.0,278,2.5,5,-inf,ellipsometry_with_description_insight_(5 + 5),exp_data_CAI_clip_exp-02-23_215620-LLaMEA-gpt-4o-ellipsometry_with_description_insight_(5 + 5),28afe0c8-e6ae-40d0-bb8d-5e6802388f90,75,['92006759-cf7d-41de-b28a-d5d1d712e403']
266,265,10,1,1.9924812030075187,1.5187404601729888,0,10,2,6.711864406779661,0,0,0.0,0.0,5.42395276717811,4.7394101024362225,inf,12.259398496240602,16,8,0.0037593984962406013,7.914455951198752,2.6666666666666665,8,82.66666666666667,248,2.0,6,-inf,ellipsometry_with_description_insight_(5 + 5),exp_data_CAI_clip_exp-02-23_215620-LLaMEA-gpt-4o-ellipsometry_with_description_insight_(5 + 5),24553ad9-98eb-486a-9118-ddad63cda58a,76,['d0d406a1-457b-41e2-a9b0-40954937977f']
253,252,10,1,1.992094861660079,1.5651549000921752,0,10,2,6.692982456140351,0,0,0.0,0.0,5.369324888908803,4.705446555787954,,12.229249011857707,16,8,0.003952569169960474,7.871949306731915,2.6666666666666665,8,82.33333333333333,247,2.0,6,-inf,ellipsometry_with_description_insight_(5 + 5),exp_data_CAI_clip_exp-02-23_215620-LLaMEA-gpt-4o-ellipsometry_with_description_insight_(5 + 5),6c414d1a-aca1-4245-b4b9-31b00fc96ae7,77,['950c9db9-082d-43a0-9614-95dc39e9886f']
240,239,10,1,1.9916666666666667,1.4832638888888892,0,10,2,6.552380952380952,0,0,0.0,0.0,5.324125314206995,4.622672726136353,,12.133333333333333,16,8,0.004166666666666667,7.70836820083682,2.6666666666666665,8,73.0,219,2.0,6,-inf,ellipsometry_with_description_insight_(5 + 5),exp_data_CAI_clip_exp-02-23_215620-LLaMEA-gpt-4o-ellipsometry_with_description_insight_(5 + 5),756913f3-55a4-4d9b-873c-fe07170de0e8,78,['57edb643-8ad6-42fa-a9f2-e3c8ef2d69fc']
267,266,10,1,1.9925093632958801,1.5130525045939767,0,12,2,6.975,0,0,0.0,0.0,5.4268672450977204,4.749233979804242,-inf,14.464419475655431,20,10,0.003745318352059925,8.281715524766973,2.6666666666666665,8,83.66666666666667,251,2.0,6,-inf,ellipsometry_with_description_insight_(5 + 5),exp_data_CAI_clip_exp-02-23_215620-LLaMEA-gpt-4o-ellipsometry_with_description_insight_(5 + 5),98f9fbd7-c707-474c-aa38-8a20e8f41283,79,['d0d406a1-457b-41e2-a9b0-40954937977f']
246,245,10,1,1.991869918699187,1.5039989424284488,0,10,2,6.601851851851852,0,0,0.0,0.0,5.347485366081978,4.651152327557777,2.4971423183194616e-08,12.166666666666666,16,8,0.0040650406504065045,7.760444665671146,2.6666666666666665,8,77.66666666666667,233,2.0,6,-inf,ellipsometry_with_description_insight_(5 + 5),exp_data_CAI_clip_exp-02-23_215620-LLaMEA-gpt-4o-ellipsometry_with_description_insight_(5 + 5),5447484b-ffeb-4411-b2c6-a274b39f9dac,80,['d0d406a1-457b-41e2-a9b0-40954937977f']
253,252,10,1,1.992094861660079,1.5335343467324911,0,10,2,6.580357142857143,0,0,0.0,0.0,5.373193460212751,4.688153268793147,,12.150197628458498,16,8,0.003952569169960474,7.726080682602421,3.0,9,80.33333333333333,241,2.0,6,-inf,ellipsometry_with_description_insight_(5 + 5),exp_data_CAI_clip_exp-02-23_215620-LLaMEA-gpt-4o-ellipsometry_with_description_insight_(5 + 5),341de88f-339a-42be-ac71-505cd9f59d82,81,['950c9db9-082d-43a0-9614-95dc39e9886f']
246,245,10,1,1.991869918699187,1.5039989424284488,0,10,2,6.601851851851852,0,0,0.0,0.0,5.347485366081978,4.651152327557777,2.4971423183194616e-08,12.166666666666666,16,8,0.0040650406504065045,7.760444665671146,2.6666666666666665,8,77.66666666666667,233,2.0,6,-inf,ellipsometry_with_description_insight_(5 + 5),exp_data_CAI_clip_exp-02-23_215620-LLaMEA-gpt-4o-ellipsometry_with_description_insight_(5 + 5),d1fed68e-deb7-4902-87c0-3c0b51399249,82,['950c9db9-082d-43a0-9614-95dc39e9886f']
265,264,11,1,1.9924528301886792,1.5169241723033107,0,12,2,6.678260869565217,0,0,0.0,0.0,5.422767644875442,4.705015899912809,,14.026415094339622,18,9,0.0037735849056603774,8.013379073756433,2.6666666666666665,8,81.0,243,2.0,6,-inf,ellipsometry_with_description_insight_(5 + 5),exp_data_CAI_clip_exp-02-23_215620-LLaMEA-gpt-4o-ellipsometry_with_description_insight_(5 + 5),79aef14f-22d5-44a7-8b5d-11d13111d526,83,['756913f3-55a4-4d9b-873c-fe07170de0e8']
246,245,10,1,1.991869918699187,1.5039989424284488,0,10,2,6.601851851851852,0,0,0.0,0.0,5.347485366081978,4.651152327557777,2.4971423183194616e-08,12.166666666666666,16,8,0.0040650406504065045,7.760444665671146,2.6666666666666665,8,77.66666666666667,233,2.0,6,-inf,ellipsometry_with_description_insight_(5 + 5),exp_data_CAI_clip_exp-02-23_215620-LLaMEA-gpt-4o-ellipsometry_with_description_insight_(5 + 5),6ae50390-c180-4bda-9b72-93d83c429864,84,['950c9db9-082d-43a0-9614-95dc39e9886f']
268,267,12,1,1.992537313432836,1.5820338605480064,0,11,2,6.635593220338983,0,0,0.0,0.0,5.4307783979468045,4.736016494853141,1.979573355069888e-08,13.082089552238806,17,9,0.0037313432835820895,7.8613393705629155,2.6666666666666665,8,83.33333333333333,250,2.0,6,-inf,ellipsometry_with_description_insight_(5 + 5),exp_data_CAI_clip_exp-02-23_215620-LLaMEA-gpt-4o-ellipsometry_with_description_insight_(5 + 5),f0260201-99fa-4dfa-99dd-19ddbbb20cec,85,['d0d406a1-457b-41e2-a9b0-40954937977f']
186,185,10,1,1.989247311827957,1.5805295409873974,0,10,2,6.097560975609756,0,0,0.0,0.0,5.0639503204960805,4.375228046803483,-inf,11.483870967741936,14,7,0.005376344086021506,7.042603894216797,1.6666666666666667,5,56.0,168,2.0,6,-inf,ellipsometry_with_description_insight_(5 + 5),exp_data_CAI_clip_exp-02-23_215620-LLaMEA-gpt-4o-ellipsometry_with_description_insight_(5 + 5),58d7ae79-1cd2-4891-95de-54e08c1ce118,86,['57edb643-8ad6-42fa-a9f2-e3c8ef2d69fc']
263,262,10,1,1.9923954372623573,1.490436467203516,0,10,2,6.689655172413793,0,0,0.0,0.0,5.4146153565137,4.722322517752692,,12.239543726235741,16,8,0.0038022813688212928,7.87821089600325,2.6666666666666665,8,78.66666666666667,236,2.0,6,-inf,ellipsometry_with_description_insight_(5 + 5),exp_data_CAI_clip_exp-02-23_215620-LLaMEA-gpt-4o-ellipsometry_with_description_insight_(5 + 5),c5694b2e-e771-47b4-a3fc-241d15f0dd0e,87,['756913f3-55a4-4d9b-873c-fe07170de0e8']
246,245,10,1,1.991869918699187,1.5039989424284488,0,10,2,6.601851851851852,0,0,0.0,0.0,5.347485366081978,4.651152327557777,2.4971423183194616e-08,12.166666666666666,16,8,0.0040650406504065045,7.760444665671146,2.6666666666666665,8,77.66666666666667,233,2.0,6,-inf,ellipsometry_with_description_insight_(5 + 5),exp_data_CAI_clip_exp-02-23_215620-LLaMEA-gpt-4o-ellipsometry_with_description_insight_(5 + 5),4d8bc063-3a8b-4ec1-8ccd-7895f77a87c7,88,['d0d406a1-457b-41e2-a9b0-40954937977f']
261,260,11,1,1.9923371647509578,1.4635428135229958,0,12,2,6.672566371681416,0,0,0.0,0.0,5.4108532267208655,4.686751039310874,,14.019157088122606,18,9,0.0038314176245210726,8.013557323902152,2.6666666666666665,8,77.0,231,2.0,6,-inf,ellipsometry_with_description_insight_(5 + 5),exp_data_CAI_clip_exp-02-23_215620-LLaMEA-gpt-4o-ellipsometry_with_description_insight_(5 + 5),e77dd9b9-622f-48d9-ab79-202dd7344e50,89,['57edb643-8ad6-42fa-a9f2-e3c8ef2d69fc']
324,323,11,1,1.9938271604938271,1.5863816491388507,0,12,2,7.26,0,0,0.0,0.0,5.616214917444541,4.970244098922865,-inf,14.626543209876543,19,10,0.0030864197530864196,8.623055460000764,2.5,5,141.0,282,2.5,5,-inf,ellipsometry_with_description_insight_(5 + 5),exp_data_CAI_clip_exp-02-23_215620-LLaMEA-gpt-4o-ellipsometry_with_description_insight_(5 + 5),6f2d15e6-cdaf-4159-afec-fc7451434d35,90,['92006759-cf7d-41de-b28a-d5d1d712e403']
246,245,10,1,1.991869918699187,1.5039989424284488,0,10,2,6.601851851851852,0,0,0.0,0.0,5.347485366081978,4.651152327557777,2.4971423183194616e-08,12.166666666666666,16,8,0.0040650406504065045,7.760444665671146,2.6666666666666665,8,77.66666666666667,233,2.0,6,-inf,ellipsometry_with_description_insight_(5 + 5),exp_data_CAI_clip_exp-02-23_215620-LLaMEA-gpt-4o-ellipsometry_with_description_insight_(5 + 5),8d5cda78-ef6b-4069-9d66-75d3c2a4e4ac,91,['d0d406a1-457b-41e2-a9b0-40954937977f']
246,245,10,1,1.991869918699187,1.5039989424284488,0,10,2,6.601851851851852,0,0,0.0,0.0,5.347485366081978,4.651152327557777,2.4971423183194616e-08,12.166666666666666,16,8,0.0040650406504065045,7.760444665671146,2.6666666666666665,8,77.66666666666667,233,2.0,6,-inf,ellipsometry_with_description_insight_(5 + 5),exp_data_CAI_clip_exp-02-23_215620-LLaMEA-gpt-4o-ellipsometry_with_description_insight_(5 + 5),8d9badb4-3cfb-461f-b612-66e9d8ea2dd0,92,['d0d406a1-457b-41e2-a9b0-40954937977f']
268,267,10,1,1.992537313432836,1.5074069948763646,0,10,2,6.686440677966102,0,0,0.0,0.0,5.4326384689465055,4.740604793346037,,12.246268656716419,16,8,0.0037313432835820895,7.884845435742635,3.3333333333333335,10,83.0,249,2.0,6,-inf,ellipsometry_with_description_insight_(5 + 5),exp_data_CAI_clip_exp-02-23_215620-LLaMEA-gpt-4o-ellipsometry_with_description_insight_(5 + 5),7552af2a-b13c-4d95-b2c1-997b808dc6a1,93,['d0d406a1-457b-41e2-a9b0-40954937977f']
255,254,11,1,1.992156862745098,1.5293502499038831,0,10,2,6.517857142857143,0,0,0.0,0.0,5.38260697301891,4.688934184876464,inf,12.08235294117647,16,8,0.00392156862745098,7.662004014204107,2.6666666666666665,8,75.0,225,2.0,6,-inf,ellipsometry_with_description_insight_(5 + 5),exp_data_CAI_clip_exp-02-23_215620-LLaMEA-gpt-4o-ellipsometry_with_description_insight_(5 + 5),f690cf41-b12d-421e-aacd-5108d3e10e52,94,['756913f3-55a4-4d9b-873c-fe07170de0e8']
268,267,12,1,1.992537313432836,1.5447204277121855,0,10,2,6.543103448275862,0,0,0.0,0.0,5.433738778850733,4.719212794688397,1.4178745445189028e-08,12.115671641791044,16,8,0.0037313432835820895,7.761110179439879,2.6666666666666665,8,80.0,240,2.0,6,-inf,ellipsometry_with_description_insight_(5 + 5),exp_data_CAI_clip_exp-02-23_215620-LLaMEA-gpt-4o-ellipsometry_with_description_insight_(5 + 5),6aa204b9-066d-4140-a296-5bed091479a6,95,['756913f3-55a4-4d9b-873c-fe07170de0e8']
250,249,10,1,1.992,1.5599359999999998,0,10,2,6.651785714285714,0,0,0.0,0.0,5.358203455230572,4.688134859264859,,12.196,16,8,0.004,7.806489959839357,2.6666666666666665,8,81.66666666666667,245,2.0,6,-inf,ellipsometry_with_description_insight_(5 + 5),exp_data_CAI_clip_exp-02-23_215620-LLaMEA-gpt-4o-ellipsometry_with_description_insight_(5 + 5),af6cdd77-d2c0-4184-9c0d-aa9f7d0359ca,96,['d0d406a1-457b-41e2-a9b0-40954937977f']
261,260,11,1,1.9923371647509578,1.4635428135229958,0,12,2,6.672566371681416,0,0,0.0,0.0,5.4108532267208655,4.686751039310874,,14.019157088122606,18,9,0.0038314176245210726,8.013557323902152,2.6666666666666665,8,77.0,231,2.0,6,-inf,ellipsometry_with_description_insight_(5 + 5),exp_data_CAI_clip_exp-02-23_215620-LLaMEA-gpt-4o-ellipsometry_with_description_insight_(5 + 5),0ebefbbe-829a-486b-9d9b-175da21f0411,97,['57edb643-8ad6-42fa-a9f2-e3c8ef2d69fc']
244,243,10,1,1.9918032786885247,1.5163262563826927,0,10,2,6.579439252336448,0,0,0.0,0.0,5.338804668227348,4.6418366664091675,3.263636412259311e-08,12.151639344262295,16,8,0.004098360655737705,7.731127302165554,2.6666666666666665,8,76.33333333333333,229,2.0,6,-inf,ellipsometry_with_description_insight_(5 + 5),exp_data_CAI_clip_exp-02-23_215620-LLaMEA-gpt-4o-ellipsometry_with_description_insight_(5 + 5),5b18ef8f-cbee-4643-8e92-deeaa090eb5c,98,['756913f3-55a4-4d9b-873c-fe07170de0e8']
343,342,12,1,1.9941690962099126,1.6384499655755682,0,12,2,7.29375,0,0,0.0,0.0,5.670095241893488,5.036694360176664,,14.653061224489797,19,10,0.0029154518950437317,8.626771009155542,2.5,5,150.5,301,2.5,5,-inf,ellipsometry_with_description_insight_(5 + 5),exp_data_CAI_clip_exp-02-23_215620-LLaMEA-gpt-4o-ellipsometry_with_description_insight_(5 + 5),33aeabab-44d7-4e46-8cb0-f47bc6d4cd3b,99,['92006759-cf7d-41de-b28a-d5d1d712e403']
