,generation,auc,final_y,run,problem
0,0,0.06520540296222081,0.2093828597740779,0,Bragg Mirror
1,1,0.07630755272379226,0.2093828597740779,0,Bragg Mirror
2,2,0.07662410480463348,0.2093828597740779,0,Bragg Mirror
3,3,0.08719069924484361,0.1750426766102189,0,Bragg Mirror
4,4,0.08719069924484361,0.1750426766102189,0,Bragg Mirror
5,5,0.08719069924484361,0.1750426766102189,0,Bragg Mirror
6,6,0.08719069924484361,0.1750426766102189,0,Bragg Mirror
7,7,0.0920028800241189,0.1705350103594375,0,Bragg Mirror
8,8,0.0920028800241189,0.1705350103594375,0,Bragg Mirror
9,9,0.09206671702823892,0.1705350103594375,0,Bragg Mirror
10,10,0.09206671702823892,0.1705350103594375,0,Bragg Mirror
11,11,0.09206671702823892,0.1705350103594375,0,Bragg Mirror
12,12,0.09216023420026602,0.1705337491509155,0,Bragg Mirror
13,13,0.09272180111516437,0.1705337491509155,0,Bragg Mirror
14,14,0.09272180111516437,0.1705337491509155,0,Bragg Mirror
15,15,0.09272180111516437,0.1705337491509155,0,Bragg Mirror
16,16,0.09281227799793375,0.1705323854858427,0,Bragg Mirror
17,17,0.09448567039704947,0.1648652306234467,0,Bragg Mirror
18,18,0.09457613649062502,0.1648652306234467,0,Bragg Mirror
19,19,0.09458193252403313,0.16485604185446193,0,Bragg Mirror
20,20,0.09462881302437331,0.16485604185446193,0,Bragg Mirror
21,21,0.09462881302437331,0.16485604185446193,0,Bragg Mirror
22,22,0.09588249978953856,0.16485604185446193,0,Bragg Mirror
23,23,0.09588249978953856,0.16485604185446193,0,Bragg Mirror
24,24,0.09588249978953856,0.16485604185446193,0,Bragg Mirror
25,25,0.09588249978953856,0.1648559919792972,0,Bragg Mirror
26,26,0.09588249978953856,0.1648559919792972,0,Bragg Mirror
27,27,0.09588249978953856,0.1648559919792972,0,Bragg Mirror
28,28,0.09588249978953856,0.1648559919792972,0,Bragg Mirror
29,29,0.09588249978953856,0.1648559919792972,0,Bragg Mirror
30,30,0.09588249978953856,0.1648559919792972,0,Bragg Mirror
31,31,0.09588249978953856,0.1648559919792972,0,Bragg Mirror
32,32,0.09588249978953856,0.16485577918943342,0,Bragg Mirror
33,33,0.09588249978953856,0.16485577918943342,0,Bragg Mirror
34,34,0.09588249978953856,0.16485577918943342,0,Bragg Mirror
35,35,0.09588249978953856,0.16485577918943342,0,Bragg Mirror
36,36,0.09588249978953856,0.16485577918943342,0,Bragg Mirror
37,37,0.09588249978953856,0.16485577918943342,0,Bragg Mirror
38,38,0.09588249978953856,0.16485577918943342,0,Bragg Mirror
39,39,0.09588249978953856,0.16485577918943342,0,Bragg Mirror
40,40,0.09588249978953856,0.16485577918943342,0,Bragg Mirror
41,41,0.09588249978953856,0.16485577881903102,0,Bragg Mirror
42,42,0.09588249978953856,0.16485577881903102,0,Bragg Mirror
43,43,0.09588249978953856,0.16485577881903102,0,Bragg Mirror
44,44,0.0959207192338396,0.16485577881903102,0,Bragg Mirror
45,45,0.0959207192338396,0.16485577881903102,0,Bragg Mirror
46,46,0.0959207192338396,0.16485577881903102,0,Bragg Mirror
47,47,0.0959207192338396,0.16485577881903102,0,Bragg Mirror
48,48,0.09599445628420278,0.16485577881903102,0,Bragg Mirror
49,49,0.09599445628420278,0.16485577881903102,0,Bragg Mirror
50,50,0.09634337418893209,0.16485577881903102,0,Bragg Mirror
51,51,0.09634337418893209,0.16485577881903102,0,Bragg Mirror
52,52,0.09634337418893209,0.16485577881903102,0,Bragg Mirror
53,53,0.09634337418893209,0.16485577881903102,0,Bragg Mirror
54,54,0.09642257928870768,0.16485577305801366,0,Bragg Mirror
55,55,0.09642257928870768,0.16485577305801366,0,Bragg Mirror
56,56,0.09642329276389427,0.16485577305801366,0,Bragg Mirror
57,57,0.09642329276389427,0.16485577305801366,0,Bragg Mirror
58,58,0.09642329276389427,0.16485577305801366,0,Bragg Mirror
59,59,0.0964464277868804,0.16485577305801366,0,Bragg Mirror
60,60,0.0964464277868804,0.16485577305801366,0,Bragg Mirror
61,61,0.0964464277868804,0.16485577305801366,0,Bragg Mirror
62,62,0.0964464277868804,0.16485577305801366,0,Bragg Mirror
63,63,0.0964464277868804,0.16485577305801366,0,Bragg Mirror
64,64,0.0964464277868804,0.16485577305801366,0,Bragg Mirror
65,65,0.09644763974091826,0.16485577305801366,0,Bragg Mirror
66,66,0.09644763974091826,0.16485577305801366,0,Bragg Mirror
67,67,0.09644763974091826,0.16485577305801366,0,Bragg Mirror
68,68,0.09644763974091826,0.16485577305801366,0,Bragg Mirror
69,69,0.09644763974091826,0.16485577305801366,0,Bragg Mirror
70,70,0.09644763974091826,0.16485577305801366,0,Bragg Mirror
71,71,0.09644763974091826,0.16485577305801366,0,Bragg Mirror
72,72,0.09644763974091826,0.16485577305801366,0,Bragg Mirror
73,73,0.09644763974091826,0.16485577305801366,0,Bragg Mirror
74,74,0.09644763974091826,0.16485577190737652,0,Bragg Mirror
75,75,0.09644763974091826,0.16485577190737652,0,Bragg Mirror
76,76,0.09644763974091826,0.16485577190737652,0,Bragg Mirror
77,77,0.09644763974091826,0.16485577190737652,0,Bragg Mirror
78,78,0.09656918543800508,0.16485577190737652,0,Bragg Mirror
79,79,0.09656918543800508,0.16485577190737652,0,Bragg Mirror
80,80,0.09656918543800508,0.16485577190737652,0,Bragg Mirror
81,81,0.09656918543800508,0.16485577190737652,0,Bragg Mirror
82,82,0.09656918543800508,0.16485577190737652,0,Bragg Mirror
83,83,0.09656918543800508,0.16485577190737652,0,Bragg Mirror
84,84,0.09656918543800508,0.16485577190737652,0,Bragg Mirror
85,85,0.0965737831879903,0.16485577190737652,0,Bragg Mirror
86,86,0.0965737831879903,0.16485577190737652,0,Bragg Mirror
87,87,0.0965737831879903,0.16485577190737652,0,Bragg Mirror
88,88,0.0965737831879903,0.16485577190737652,0,Bragg Mirror
89,89,0.0965768770010808,0.16485577190737652,0,Bragg Mirror
90,90,0.0965768770010808,0.16485577190737652,0,Bragg Mirror
91,91,0.0965768770010808,0.16485577190737652,0,Bragg Mirror
92,92,0.0965768770010808,0.16485577190737652,0,Bragg Mirror
93,93,0.0965768770010808,0.16485577190737652,0,Bragg Mirror
94,94,0.0965768770010808,0.16485577190737652,0,Bragg Mirror
95,95,0.0965768770010808,0.16485577190737652,0,Bragg Mirror
96,96,0.0965768770010808,0.16485577190737652,0,Bragg Mirror
97,97,0.0965768770010808,0.16485577190737652,0,Bragg Mirror
98,98,0.0965768770010808,0.16485577190737652,0,Bragg Mirror
99,99,0.0965768770010808,0.16485577190737652,0,Bragg Mirror
100,0,0.005243155569079653,0.8632837278517371,1,Bragg Mirror
101,1,0.036641728299132516,0.4164190084929967,1,Bragg Mirror
102,2,0.036641728299132516,0.4164190084929967,1,Bragg Mirror
103,3,0.036641728299132516,0.4164190084929967,1,Bragg Mirror
104,4,0.036641728299132516,0.4164190084929967,1,Bragg Mirror
105,5,0.03678950124498792,0.4164190084929967,1,Bragg Mirror
106,6,0.03678950124498792,0.3808358139371452,1,Bragg Mirror
107,7,0.03678950124498792,0.3808358139371452,1,Bragg Mirror
108,8,0.03678950124498792,0.3808358139371452,1,Bragg Mirror
109,9,0.03823218001271378,0.3808358139371452,1,Bragg Mirror
110,10,0.03823218001271378,0.3808358139371452,1,Bragg Mirror
111,11,0.03823218001271378,0.3808358139371452,1,Bragg Mirror
112,12,0.04286498834724425,0.37860816269957587,1,Bragg Mirror
113,13,0.04286498834724425,0.37860816269957587,1,Bragg Mirror
114,14,0.05091089834850526,0.3495307870622113,1,Bragg Mirror
115,15,0.05091089834850526,0.34776675333832846,1,Bragg Mirror
116,16,0.05962015899653128,0.28191133454418726,1,Bragg Mirror
117,17,0.05962015899653128,0.28191133454418726,1,Bragg Mirror
118,18,0.05962015899653128,0.28191133454418726,1,Bragg Mirror
119,19,0.05962015899653128,0.28191133454418726,1,Bragg Mirror
120,20,0.05962015899653128,0.28191133454418726,1,Bragg Mirror
121,21,0.0769636373326383,0.21601580410835053,1,Bragg Mirror
122,22,0.08838193972313417,0.17052988603303776,1,Bragg Mirror
123,23,0.08856262174338214,0.17052988141554584,1,Bragg Mirror
124,24,0.08948092835697315,0.16485578327883663,1,Bragg Mirror
125,25,0.08948092835697315,0.16485578327883663,1,Bragg Mirror
126,26,0.08948092835697315,0.16485578327883663,1,Bragg Mirror
127,27,0.08948092835697315,0.16485578327883663,1,Bragg Mirror
128,28,0.08948092835697315,0.16485578327883663,1,Bragg Mirror
129,29,0.08948092835697315,0.16485577333671741,1,Bragg Mirror
130,30,0.08948092835697315,0.16485577333671741,1,Bragg Mirror
131,31,0.08948092835697315,0.16485577333671741,1,Bragg Mirror
132,32,0.08948092835697315,0.16485577333671741,1,Bragg Mirror
133,33,0.08948092835697315,0.16485577333671741,1,Bragg Mirror
134,34,0.08948092835697315,0.16485577333671741,1,Bragg Mirror
135,35,0.08948092835697315,0.16485577228849924,1,Bragg Mirror
136,36,0.08948092835697315,0.16485577228849924,1,Bragg Mirror
137,37,0.08952047685462901,0.16485577228849924,1,Bragg Mirror
138,38,0.09067191753563919,0.16485577228849924,1,Bragg Mirror
139,39,0.09067191753563919,0.16485577228849924,1,Bragg Mirror
140,40,0.09067191753563919,0.16485577228849924,1,Bragg Mirror
141,41,0.09067191753563919,0.16485577228849924,1,Bragg Mirror
142,42,0.09067191753563919,0.16485577228849924,1,Bragg Mirror
143,43,0.09067191753563919,0.16485577228849924,1,Bragg Mirror
144,44,0.09067191753563919,0.16485577228849924,1,Bragg Mirror
145,45,0.09067191753563919,0.16485577228849924,1,Bragg Mirror
146,46,0.09067191753563919,0.16485577228849924,1,Bragg Mirror
147,47,0.09067191753563919,0.16485577228849924,1,Bragg Mirror
148,48,0.09067191753563919,0.16485577228849924,1,Bragg Mirror
149,49,0.09110392022650926,0.16485577228849924,1,Bragg Mirror
150,50,0.09110392022650926,0.16485577228849924,1,Bragg Mirror
151,51,0.09110392022650926,0.16485577228849924,1,Bragg Mirror
152,52,0.09110392022650926,0.16485577228849924,1,Bragg Mirror
153,53,0.09110392022650926,0.16485577228849924,1,Bragg Mirror
154,54,0.09110392022650926,0.16485577228849924,1,Bragg Mirror
155,55,0.09110392022650926,0.16485577228849924,1,Bragg Mirror
156,56,0.09110392022650926,0.16485577228849924,1,Bragg Mirror
157,57,0.09110392022650926,0.16485577228849924,1,Bragg Mirror
158,58,0.09110392022650926,0.16485577228849924,1,Bragg Mirror
159,59,0.09110392022650926,0.16485577228849924,1,Bragg Mirror
160,60,0.09110392022650926,0.16485577228849924,1,Bragg Mirror
161,61,0.09110392022650926,0.16485577228849924,1,Bragg Mirror
162,62,0.09110392022650926,0.16485577228849924,1,Bragg Mirror
163,63,0.09110392022650926,0.1648557719047037,1,Bragg Mirror
164,64,0.09110392022650926,0.1648557719047037,1,Bragg Mirror
165,65,0.09110392022650926,0.1648557719047037,1,Bragg Mirror
166,66,0.09110392022650926,0.1648557719047037,1,Bragg Mirror
167,67,0.09110392022650926,0.1648557719047037,1,Bragg Mirror
168,68,0.09110392022650926,0.1648557719047037,1,Bragg Mirror
169,69,0.09110392022650926,0.1648557719047037,1,Bragg Mirror
170,70,0.09110392022650926,0.1648557719047037,1,Bragg Mirror
171,71,0.09110392022650926,0.1648557719047037,1,Bragg Mirror
172,72,0.09110392022650926,0.1648557719047037,1,Bragg Mirror
173,73,0.09110392022650926,0.1648557719047037,1,Bragg Mirror
174,74,0.09110392022650926,0.1648557719047037,1,Bragg Mirror
175,75,0.09110392022650926,0.1648557719047037,1,Bragg Mirror
176,76,0.09110392022650926,0.1648557719047037,1,Bragg Mirror
177,77,0.09110392022650926,0.1648557719047037,1,Bragg Mirror
178,78,0.09110392022650926,0.1648557719047037,1,Bragg Mirror
179,79,0.09110392022650926,0.1648557719047037,1,Bragg Mirror
180,80,0.09110392022650926,0.1648557719047037,1,Bragg Mirror
181,81,0.09110392022650926,0.1648557719047037,1,Bragg Mirror
182,82,0.09110392022650926,0.1648557719047037,1,Bragg Mirror
183,83,0.09110392022650926,0.1648557719047037,1,Bragg Mirror
184,84,0.09110392022650926,0.1648557719047037,1,Bragg Mirror
185,85,0.09110392022650926,0.1648557719047037,1,Bragg Mirror
186,86,0.09110392022650926,0.1648557719047037,1,Bragg Mirror
187,87,0.09125514048899082,0.1648557719047037,1,Bragg Mirror
188,88,0.09147968316837347,0.1648557719047037,1,Bragg Mirror
189,89,0.09147968316837347,0.1648557719047037,1,Bragg Mirror
190,90,0.09147968316837347,0.1648557719047037,1,Bragg Mirror
191,91,0.09147968316837347,0.1648557719047037,1,Bragg Mirror
192,92,0.09147968316837347,0.1648557719047037,1,Bragg Mirror
193,93,0.09147968316837347,0.1648557719047037,1,Bragg Mirror
194,94,0.0917030930271479,0.1648557719047037,1,Bragg Mirror
195,95,0.0917030930271479,0.1648557719047037,1,Bragg Mirror
196,96,0.0917030930271479,0.1648557719047037,1,Bragg Mirror
197,97,0.0917030930271479,0.1648557719047037,1,Bragg Mirror
198,98,0.0917030930271479,0.1648557719047037,1,Bragg Mirror
199,99,0.09171711972880314,0.1648557719047037,1,Bragg Mirror
200,0,0.08737264075860651,0.17623157302149398,2,Bragg Mirror
201,1,0.08737264075860651,0.17623157302149398,2,Bragg Mirror
202,2,0.08737264075860651,0.17623157302149398,2,Bragg Mirror
203,3,0.08737264075860651,0.17623157302149398,2,Bragg Mirror
204,4,0.08737264075860651,0.17623157302149398,2,Bragg Mirror
205,5,0.08737264075860651,0.17623157302149398,2,Bragg Mirror
206,6,0.08737264075860651,0.17623157302149398,2,Bragg Mirror
207,7,0.08737264075860651,0.17623157302149398,2,Bragg Mirror
208,8,0.08807320114420847,0.1653951161990028,2,Bragg Mirror
209,9,0.08807320114420847,0.1653951161990028,2,Bragg Mirror
210,10,0.08807320114420847,0.1653951161990028,2,Bragg Mirror
211,11,0.08807320114420847,0.1653951161990028,2,Bragg Mirror
212,12,0.08807320114420847,0.1653951161990028,2,Bragg Mirror
213,13,0.08807320114420847,0.1653951161990028,2,Bragg Mirror
214,14,0.09575137783905467,0.16505534744573536,2,Bragg Mirror
215,15,0.09575137783905467,0.16505534744573536,2,Bragg Mirror
216,16,0.09575137783905467,0.16505534744573536,2,Bragg Mirror
217,17,0.09575137783905467,0.16505534744573536,2,Bragg Mirror
218,18,0.09575137783905467,0.16505534744573536,2,Bragg Mirror
219,19,0.09628180573094498,0.16487520572739822,2,Bragg Mirror
220,20,0.09628180573094498,0.16487520572739822,2,Bragg Mirror
221,21,0.09634746111864945,0.16487520572739822,2,Bragg Mirror
222,22,0.09634746111864945,0.16487520572739822,2,Bragg Mirror
223,23,0.09637676862776241,0.16485632470129388,2,Bragg Mirror
224,24,0.09639851352365562,0.1648563139687523,2,Bragg Mirror
225,25,0.0964812967428776,0.16485626981259724,2,Bragg Mirror
226,26,0.0964812967428776,0.16485590568006434,2,Bragg Mirror
227,27,0.0964812967428776,0.16485590568006434,2,Bragg Mirror
228,28,0.0964812967428776,0.16485590568006434,2,Bragg Mirror
229,29,0.09650083926561637,0.16485590568006434,2,Bragg Mirror
230,30,0.09653703544367565,0.16485590568006434,2,Bragg Mirror
231,31,0.09653703544367565,0.16485590568006434,2,Bragg Mirror
232,32,0.09653703544367565,0.16485590568006434,2,Bragg Mirror
233,33,0.09653703544367565,0.16485590568006434,2,Bragg Mirror
234,34,0.09653703544367565,0.16485590568006434,2,Bragg Mirror
235,35,0.09653703544367565,0.16485590568006434,2,Bragg Mirror
236,36,0.09653703544367565,0.16485590568006434,2,Bragg Mirror
237,37,0.09653703544367565,0.16485590568006434,2,Bragg Mirror
238,38,0.09653703544367565,0.16485590568006434,2,Bragg Mirror
239,39,0.09653703544367565,0.16485590568006434,2,Bragg Mirror
240,40,0.09653703544367565,0.16485590568006434,2,Bragg Mirror
241,41,0.09653703544367565,0.16485590568006434,2,Bragg Mirror
242,42,0.09653703544367565,0.16485590568006434,2,Bragg Mirror
243,43,0.09653703544367565,0.16485590568006434,2,Bragg Mirror
244,44,0.09653703544367565,0.16485590568006434,2,Bragg Mirror
245,45,0.09653703544367565,0.16485590568006434,2,Bragg Mirror
246,46,0.09653703544367565,0.16485590568006434,2,Bragg Mirror
247,47,0.09653703544367565,0.16485590568006434,2,Bragg Mirror
248,48,0.09653703544367565,0.16485590568006434,2,Bragg Mirror
249,49,0.09653703544367565,0.16485590568006434,2,Bragg Mirror
250,50,0.09653703544367565,0.16485590568006434,2,Bragg Mirror
251,51,0.09653703544367565,0.16485590568006434,2,Bragg Mirror
252,52,0.09653703544367565,0.16485590568006434,2,Bragg Mirror
253,53,0.09653703544367565,0.16485590568006434,2,Bragg Mirror
254,54,0.09653703544367565,0.16485590568006434,2,Bragg Mirror
255,55,0.09653703544367565,0.16485590568006434,2,Bragg Mirror
256,56,0.09653703544367565,0.16485590568006434,2,Bragg Mirror
257,57,0.09653703544367565,0.16485590568006434,2,Bragg Mirror
258,58,0.09653703544367565,0.16485590568006434,2,Bragg Mirror
259,59,0.09653703544367565,0.16485590568006434,2,Bragg Mirror
260,60,0.09653703544367565,0.16485590568006434,2,Bragg Mirror
261,61,0.09653703544367565,0.16485590568006434,2,Bragg Mirror
262,62,0.09653703544367565,0.16485590568006434,2,Bragg Mirror
263,63,0.09653703544367565,0.16485590568006434,2,Bragg Mirror
264,64,0.09653703544367565,0.16485590568006434,2,Bragg Mirror
265,65,0.09653703544367565,0.16485590568006434,2,Bragg Mirror
266,66,0.09653703544367565,0.16485590568006434,2,Bragg Mirror
267,67,0.09653703544367565,0.16485590568006434,2,Bragg Mirror
268,68,0.09653703544367565,0.16485590568006434,2,Bragg Mirror
269,69,0.09653703544367565,0.16485590568006434,2,Bragg Mirror
270,70,0.09653703544367565,0.16485590568006434,2,Bragg Mirror
271,71,0.09653703544367565,0.16485590568006434,2,Bragg Mirror
272,72,0.09653703544367565,0.16485590568006434,2,Bragg Mirror
273,73,0.09653703544367565,0.16485590568006434,2,Bragg Mirror
274,74,0.09653703544367565,0.16485590568006434,2,Bragg Mirror
275,75,0.09653703544367565,0.16485590568006434,2,Bragg Mirror
276,76,0.09653703544367565,0.16485590568006434,2,Bragg Mirror
277,77,0.09653703544367565,0.16485590568006434,2,Bragg Mirror
278,78,0.09653703544367565,0.16485590568006434,2,Bragg Mirror
279,79,0.096537612876051,0.16485590568006434,2,Bragg Mirror
280,80,0.096537612876051,0.16485590568006434,2,Bragg Mirror
281,81,0.096537612876051,0.16485590568006434,2,Bragg Mirror
282,82,0.096537612876051,0.16485590568006434,2,Bragg Mirror
283,83,0.096537612876051,0.16485590568006434,2,Bragg Mirror
284,84,0.096537612876051,0.16485590568006434,2,Bragg Mirror
285,85,0.096537612876051,0.16485590568006434,2,Bragg Mirror
286,86,0.096537612876051,0.16485590568006434,2,Bragg Mirror
287,87,0.096537612876051,0.16485590568006434,2,Bragg Mirror
288,88,0.09659125138136952,0.16485590568006434,2,Bragg Mirror
289,89,0.09659125138136952,0.16485590568006434,2,Bragg Mirror
290,90,0.09659125138136952,0.16485590568006434,2,Bragg Mirror
291,91,0.09659125138136952,0.16485590568006434,2,Bragg Mirror
292,92,0.09659125138136952,0.16485590568006434,2,Bragg Mirror
293,93,0.09659125138136952,0.16485590568006434,2,Bragg Mirror
294,94,0.09659125138136952,0.1648557776619435,2,Bragg Mirror
295,95,0.09659125138136952,0.1648557776619435,2,Bragg Mirror
296,96,0.09659125138136952,0.1648557776619435,2,Bragg Mirror
297,97,0.09659125138136952,0.1648557776619435,2,Bragg Mirror
298,98,0.09659125138136952,0.1648557776619435,2,Bragg Mirror
299,99,0.09659125138136952,0.1648557776619435,2,Bragg Mirror
300,0,0.07711896430691671,0.23943088850758906,3,Bragg Mirror
301,1,0.08893753594197717,0.19360987044063094,3,Bragg Mirror
302,2,0.09128743740098506,0.1841828169470383,3,Bragg Mirror
303,3,0.09269875381592167,0.17991671871096704,3,Bragg Mirror
304,4,0.09279742658092753,0.17951528138443526,3,Bragg Mirror
305,5,0.09279742658092753,0.17951528138443526,3,Bragg Mirror
306,6,0.09279742658092753,0.17951528138443526,3,Bragg Mirror
307,7,0.09279742658092753,0.17951528138443526,3,Bragg Mirror
308,8,0.09279742658092753,0.17951528138443526,3,Bragg Mirror
309,9,0.09279742658092753,0.17951528138443526,3,Bragg Mirror
310,10,0.09279742658092753,0.17951528138443526,3,Bragg Mirror
311,11,0.09279742658092753,0.17951528138443526,3,Bragg Mirror
312,12,0.09279742658092753,0.17951528138443526,3,Bragg Mirror
313,13,0.09279742658092753,0.17951528138443526,3,Bragg Mirror
314,14,0.09279742658092753,0.17951528138443526,3,Bragg Mirror
315,15,0.09279742658092753,0.17951528138443526,3,Bragg Mirror
316,16,0.09279742658092753,0.17951528138443526,3,Bragg Mirror
317,17,0.09279742658092753,0.17951528138443526,3,Bragg Mirror
318,18,0.09279742658092753,0.17951528138443526,3,Bragg Mirror
319,19,0.09279742658092753,0.17951528138443526,3,Bragg Mirror
320,20,0.09279742658092753,0.17951528138443526,3,Bragg Mirror
321,21,0.09279742658092753,0.17951528138443526,3,Bragg Mirror
322,22,0.0952559490663023,0.1648558441121157,3,Bragg Mirror
323,23,0.0952559490663023,0.1648558441121157,3,Bragg Mirror
324,24,0.0952559490663023,0.1648558441121157,3,Bragg Mirror
325,25,0.0952559490663023,0.1648558441121157,3,Bragg Mirror
326,26,0.0952559490663023,0.1648558441121157,3,Bragg Mirror
327,27,0.0952559490663023,0.1648558441121157,3,Bragg Mirror
328,28,0.0952559490663023,0.1648558441121157,3,Bragg Mirror
329,29,0.0952559490663023,0.1648558441121157,3,Bragg Mirror
330,30,0.0952559490663023,0.1648558441121157,3,Bragg Mirror
331,31,0.0952559490663023,0.1648558441121157,3,Bragg Mirror
332,32,0.0952559490663023,0.1648558441121157,3,Bragg Mirror
333,33,0.0952559490663023,0.1648558441121157,3,Bragg Mirror
334,34,0.0952559490663023,0.1648558441121157,3,Bragg Mirror
335,35,0.0952559490663023,0.1648558441121157,3,Bragg Mirror
336,36,0.0952559490663023,0.1648558441121157,3,Bragg Mirror
337,37,0.0952559490663023,0.1648558441121157,3,Bragg Mirror
338,38,0.0952559490663023,0.1648558441121157,3,Bragg Mirror
339,39,0.0952559490663023,0.1648558441121157,3,Bragg Mirror
340,40,0.0952559490663023,0.1648558441121157,3,Bragg Mirror
341,41,0.0952559490663023,0.16485581915355682,3,Bragg Mirror
342,42,0.0952559490663023,0.16485581915355682,3,Bragg Mirror
343,43,0.0952559490663023,0.16485581915355682,3,Bragg Mirror
344,44,0.0952559490663023,0.16485581915355682,3,Bragg Mirror
345,45,0.0952559490663023,0.16485581915355682,3,Bragg Mirror
346,46,0.0952559490663023,0.16485581915355682,3,Bragg Mirror
347,47,0.0952559490663023,0.16485581915355682,3,Bragg Mirror
348,48,0.0952559490663023,0.16485581915355682,3,Bragg Mirror
349,49,0.0952559490663023,0.16485581915355682,3,Bragg Mirror
350,50,0.0952559490663023,0.16485581915355682,3,Bragg Mirror
351,51,0.0952559490663023,0.16485581915355682,3,Bragg Mirror
352,52,0.0952559490663023,0.16485581915355682,3,Bragg Mirror
353,53,0.0952559490663023,0.16485581915355682,3,Bragg Mirror
354,54,0.0952559490663023,0.16485581915355682,3,Bragg Mirror
355,55,0.0952559490663023,0.16485581915355682,3,Bragg Mirror
356,56,0.0952559490663023,0.16485581915355682,3,Bragg Mirror
357,57,0.0952559490663023,0.16485581915355682,3,Bragg Mirror
358,58,0.0952559490663023,0.16485581915355682,3,Bragg Mirror
359,59,0.0952559490663023,0.16485581915355682,3,Bragg Mirror
360,60,0.0952559490663023,0.16485581915355682,3,Bragg Mirror
361,61,0.0952559490663023,0.16485581915355682,3,Bragg Mirror
362,62,0.0952559490663023,0.16485581915355682,3,Bragg Mirror
363,63,0.0952559490663023,0.16485581915355682,3,Bragg Mirror
364,64,0.0952559490663023,0.16485581915355682,3,Bragg Mirror
365,65,0.0952559490663023,0.16485581915355682,3,Bragg Mirror
366,66,0.0952559490663023,0.16485581915355682,3,Bragg Mirror
367,67,0.0952559490663023,0.16485581915355682,3,Bragg Mirror
368,68,0.0952559490663023,0.16485581915355682,3,Bragg Mirror
369,69,0.09527829666780026,0.16485581915355682,3,Bragg Mirror
370,70,0.09527829666780026,0.16485581915355682,3,Bragg Mirror
371,71,0.09582518288850743,0.16485577250556305,3,Bragg Mirror
372,72,0.096843282295294,0.164855772460742,3,Bragg Mirror
373,73,0.096843282295294,0.164855772460742,3,Bragg Mirror
374,74,0.096843282295294,0.16485577204525534,3,Bragg Mirror
375,75,0.096843282295294,0.16485577204525534,3,Bragg Mirror
376,76,0.096843282295294,0.16485577204525534,3,Bragg Mirror
377,77,0.09691339305296971,0.16485577204525534,3,Bragg Mirror
378,78,0.09691339305296971,0.16485577204525534,3,Bragg Mirror
379,79,0.09691339305296971,0.16485577204525534,3,Bragg Mirror
380,80,0.09691339305296971,0.16485577204525534,3,Bragg Mirror
381,81,0.09691339305296971,0.16485577204525534,3,Bragg Mirror
382,82,0.09691339305296971,0.16485577204525534,3,Bragg Mirror
383,83,0.09691339305296971,0.16485577204525534,3,Bragg Mirror
384,84,0.09691339305296971,0.16485577204525534,3,Bragg Mirror
385,85,0.09691339305296971,0.16485577204525534,3,Bragg Mirror
386,86,0.09691339305296971,0.16485577204525534,3,Bragg Mirror
387,87,0.09691339305296971,0.16485577204525534,3,Bragg Mirror
388,88,0.09691339305296971,0.16485577204525534,3,Bragg Mirror
389,89,0.09691339305296971,0.16485577204525534,3,Bragg Mirror
390,90,0.09691339305296971,0.16485577204525534,3,Bragg Mirror
391,91,0.09691339305296971,0.16485577204525534,3,Bragg Mirror
392,92,0.09691339305296971,0.16485577204525534,3,Bragg Mirror
393,93,0.09691339305296971,0.16485577204525534,3,Bragg Mirror
394,94,0.09691339305296971,0.16485577204525534,3,Bragg Mirror
395,95,0.09691339305296971,0.16485577204525534,3,Bragg Mirror
396,96,0.09691339305296971,0.16485577204525534,3,Bragg Mirror
397,97,0.09691339305296971,0.16485577204525534,3,Bragg Mirror
398,98,0.09691339305296971,0.16485577204525534,3,Bragg Mirror
399,99,0.09691339305296971,0.16485577204525534,3,Bragg Mirror
400,0,0.06499023218764732,0.2727256075544912,4,Bragg Mirror
401,1,0.06499023218764732,0.2727256075544912,4,Bragg Mirror
402,2,0.06499023218764732,0.262653456231787,4,Bragg Mirror
403,3,0.06499023218764732,0.2612074502886452,4,Bragg Mirror
404,4,0.06499023218764732,0.25851179058099016,4,Bragg Mirror
405,5,0.06570591268010406,0.25851179058099016,4,Bragg Mirror
406,6,0.06810935966589342,0.25851179058099016,4,Bragg Mirror
407,7,0.07259823580394036,0.23411717768920057,4,Bragg Mirror
408,8,0.07365718736542885,0.23411717768920057,4,Bragg Mirror
409,9,0.07365718736542885,0.23411717768920057,4,Bragg Mirror
410,10,0.07365718736542885,0.23411717768920057,4,Bragg Mirror
411,11,0.07365718736542885,0.23411717768920057,4,Bragg Mirror
412,12,0.0810160841696373,0.19862556208906354,4,Bragg Mirror
413,13,0.0810160841696373,0.19862556208906354,4,Bragg Mirror
414,14,0.0810160841696373,0.19862556208906354,4,Bragg Mirror
415,15,0.0810160841696373,0.19862556208906354,4,Bragg Mirror
416,16,0.0810160841696373,0.19862556208906354,4,Bragg Mirror
417,17,0.0810160841696373,0.19862556208906354,4,Bragg Mirror
418,18,0.0810160841696373,0.19862556208906354,4,Bragg Mirror
419,19,0.08988981081749366,0.1722310395230402,4,Bragg Mirror
420,20,0.08988981081749366,0.1722310395230402,4,Bragg Mirror
421,21,0.08988981081749366,0.1722310395230402,4,Bragg Mirror
422,22,0.08988981081749366,0.1722310395230402,4,Bragg Mirror
423,23,0.08988981081749366,0.1722310395230402,4,Bragg Mirror
424,24,0.08988981081749366,0.1722310395230402,4,Bragg Mirror
425,25,0.08988981081749366,0.1722310395230402,4,Bragg Mirror
426,26,0.08988981081749366,0.1722310395230402,4,Bragg Mirror
427,27,0.08988981081749366,0.1722310395230402,4,Bragg Mirror
428,28,0.08988981081749366,0.1722310395230402,4,Bragg Mirror
429,29,0.0923201971361312,0.16554598915455965,4,Bragg Mirror
430,30,0.0923201971361312,0.16554598915455965,4,Bragg Mirror
431,31,0.0923201971361312,0.16554598915455965,4,Bragg Mirror
432,32,0.0923201971361312,0.16554598915455965,4,Bragg Mirror
433,33,0.0923201971361312,0.16554598915455965,4,Bragg Mirror
434,34,0.0923201971361312,0.16554598915455965,4,Bragg Mirror
435,35,0.0923201971361312,0.16554598915455965,4,Bragg Mirror
436,36,0.0923201971361312,0.16554598915455965,4,Bragg Mirror
437,37,0.0923201971361312,0.16554598915455965,4,Bragg Mirror
438,38,0.0923201971361312,0.16554598915455965,4,Bragg Mirror
439,39,0.0923201971361312,0.16554598915455965,4,Bragg Mirror
440,40,0.0923201971361312,0.16554598915455965,4,Bragg Mirror
441,41,0.0923201971361312,0.16554598915455965,4,Bragg Mirror
442,42,0.0923201971361312,0.16554598915455965,4,Bragg Mirror
443,43,0.0923201971361312,0.16554598915455965,4,Bragg Mirror
444,44,0.0923201971361312,0.16554598915455965,4,Bragg Mirror
445,45,0.0923201971361312,0.16554598915455965,4,Bragg Mirror
446,46,0.0923201971361312,0.16546421283447807,4,Bragg Mirror
447,47,0.0923201971361312,0.16546421283447807,4,Bragg Mirror
448,48,0.0923201971361312,0.16546421283447807,4,Bragg Mirror
449,49,0.0923201971361312,0.16546421283447807,4,Bragg Mirror
450,50,0.0923201971361312,0.16546421283447807,4,Bragg Mirror
451,51,0.0923201971361312,0.16546421283447807,4,Bragg Mirror
452,52,0.0923201971361312,0.16546421283447807,4,Bragg Mirror
453,53,0.0923201971361312,0.16546421283447807,4,Bragg Mirror
454,54,0.09332739198818807,0.16532299449950802,4,Bragg Mirror
455,55,0.09332739198818807,0.16532299449950802,4,Bragg Mirror
456,56,0.09332739198818807,0.16521142324158664,4,Bragg Mirror
457,57,0.09346215014871147,0.16521142324158664,4,Bragg Mirror
458,58,0.09346215014871147,0.16521142324158664,4,Bragg Mirror
459,59,0.09346215014871147,0.16521142324158664,4,Bragg Mirror
460,60,0.09346215014871147,0.16521142324158664,4,Bragg Mirror
461,61,0.09346215014871147,0.1651996673477889,4,Bragg Mirror
462,62,0.09357551381768044,0.16517635456806998,4,Bragg Mirror
463,63,0.09357551381768044,0.16516591616802478,4,Bragg Mirror
464,64,0.09357551381768044,0.16516591616802478,4,Bragg Mirror
465,65,0.09364223297136369,0.16516281875981131,4,Bragg Mirror
466,66,0.09364223297136369,0.16516281875981131,4,Bragg Mirror
467,67,0.09364223297136369,0.16516281875981131,4,Bragg Mirror
468,68,0.09364223297136369,0.16516281875981131,4,Bragg Mirror
469,69,0.09364223297136369,0.16516281875981131,4,Bragg Mirror
470,70,0.09411252045588174,0.16516281875981131,4,Bragg Mirror
471,71,0.09528044285750843,0.16516281875981131,4,Bragg Mirror
472,72,0.0958768443935819,0.16516281875981131,4,Bragg Mirror
473,73,0.09592230457028332,0.16516281875981131,4,Bragg Mirror
474,74,0.09592230457028332,0.16516281875981131,4,Bragg Mirror
475,75,0.09592230457028332,0.16516281875981131,4,Bragg Mirror
476,76,0.09592230457028332,0.16516281875981131,4,Bragg Mirror
477,77,0.09592230457028332,0.16516281875981131,4,Bragg Mirror
478,78,0.09592230457028332,0.16516281875981131,4,Bragg Mirror
479,79,0.09592230457028332,0.16516281875981131,4,Bragg Mirror
480,80,0.09592230457028332,0.16516281875981131,4,Bragg Mirror
481,81,0.09592510985184459,0.16516281875981131,4,Bragg Mirror
482,82,0.09592510985184459,0.16516281875981131,4,Bragg Mirror
483,83,0.09592510985184459,0.16516281875981131,4,Bragg Mirror
484,84,0.09617925454937544,0.16516281875981131,4,Bragg Mirror
485,85,0.09632749066740338,0.16516281875981131,4,Bragg Mirror
486,86,0.09632749066740338,0.16516281875981131,4,Bragg Mirror
487,87,0.09632749066740338,0.16516281875981131,4,Bragg Mirror
488,88,0.09632749066740338,0.16516281875981131,4,Bragg Mirror
489,89,0.09632749066740338,0.16505960519936738,4,Bragg Mirror
490,90,0.09632749066740338,0.16505960519936738,4,Bragg Mirror
491,91,0.09632749066740338,0.16505960519936738,4,Bragg Mirror
492,92,0.09633818882187443,0.16505960519936738,4,Bragg Mirror
493,93,0.09633818882187443,0.16505960519936738,4,Bragg Mirror
494,94,0.09639753319074378,0.16504331272655073,4,Bragg Mirror
495,95,0.09639753319074378,0.16504331272655073,4,Bragg Mirror
496,96,0.09639753319074378,0.16504331272655073,4,Bragg Mirror
497,97,0.09641427125936915,0.16504331272655073,4,Bragg Mirror
498,98,0.09648755471549175,0.16495203114827614,4,Bragg Mirror
499,99,0.09650632436413216,0.16495203114827614,4,Bragg Mirror
500,0,0.23287124741533627,0.037765330630730266,0,Ellipsometry
501,1,0.23287124741533627,0.037765330630730266,0,Ellipsometry
502,2,0.23287124741533627,0.024598054081825037,0,Ellipsometry
503,3,0.2731895431870142,0.009354749718448652,0,Ellipsometry
504,4,0.2731895431870142,0.009354749718448652,0,Ellipsometry
505,5,0.2731895431870142,0.009354749718448652,0,Ellipsometry
506,6,0.2731895431870142,0.009354749718448652,0,Ellipsometry
507,7,0.2731895431870142,0.009354749718448652,0,Ellipsometry
508,8,0.2731895431870142,0.009354749718448652,0,Ellipsometry
509,9,0.2731895431870142,0.009354749718448652,0,Ellipsometry
510,10,0.2731895431870142,0.009354749718448652,0,Ellipsometry
511,11,0.2731895431870142,0.009354749718448652,0,Ellipsometry
512,12,0.2731895431870142,0.009354749718448652,0,Ellipsometry
513,13,0.29956187776664017,0.008269696149341864,0,Ellipsometry
514,14,0.29956187776664017,0.008269696149341864,0,Ellipsometry
515,15,0.29956187776664017,0.006890293464483673,0,Ellipsometry
516,16,0.30408161648157833,0.006890293464483673,0,Ellipsometry
517,17,0.30408161648157833,0.006890293464483673,0,Ellipsometry
518,18,0.30408161648157833,0.006890293464483673,0,Ellipsometry
519,19,0.30408161648157833,0.006890293464483673,0,Ellipsometry
520,20,0.30408161648157833,0.006890293464483673,0,Ellipsometry
521,21,0.30408161648157833,0.006890293464483673,0,Ellipsometry
522,22,0.30408161648157833,0.006890293464483673,0,Ellipsometry
523,23,0.30408161648157833,0.006890293464483673,0,Ellipsometry
524,24,0.30408161648157833,0.006890293464483673,0,Ellipsometry
525,25,0.30408161648157833,0.0020317960491288297,0,Ellipsometry
526,26,0.30408161648157833,0.0020317960491288297,0,Ellipsometry
527,27,0.30408161648157833,0.0020317960491288297,0,Ellipsometry
528,28,0.30408161648157833,0.0020317960491288297,0,Ellipsometry
529,29,0.3068169839500961,0.0020317960491288297,0,Ellipsometry
530,30,0.3068169839500961,0.0020317960491288297,0,Ellipsometry
531,31,0.3068169839500961,0.0020317960491288297,0,Ellipsometry
532,32,0.3068169839500961,0.0020317960491288297,0,Ellipsometry
533,33,0.3068169839500961,0.0020317960491288297,0,Ellipsometry
534,34,0.3068169839500961,0.0020317960491288297,0,Ellipsometry
535,35,0.3068169839500961,0.0020317960491288297,0,Ellipsometry
536,36,0.3068169839500961,0.0020317960491288297,0,Ellipsometry
537,37,0.3068169839500961,0.0020317960491288297,0,Ellipsometry
538,38,0.3068169839500961,0.0020317960491288297,0,Ellipsometry
539,39,0.3068169839500961,0.0020317960491288297,0,Ellipsometry
540,40,0.3068169839500961,0.0020317960491288297,0,Ellipsometry
541,41,0.3068169839500961,0.0020317960491288297,0,Ellipsometry
542,42,0.3068169839500961,0.0020317960491288297,0,Ellipsometry
543,43,0.3068169839500961,0.0020317960491288297,0,Ellipsometry
544,44,0.3068169839500961,0.0020317960491288297,0,Ellipsometry
545,45,0.3068169839500961,0.0020317960491288297,0,Ellipsometry
546,46,0.3068169839500961,0.0020317960491288297,0,Ellipsometry
547,47,0.3068169839500961,0.0020317960491288297,0,Ellipsometry
548,48,0.3068169839500961,0.0020317960491288297,0,Ellipsometry
549,49,0.3068169839500961,0.0020317960491288297,0,Ellipsometry
550,50,0.3068169839500961,0.0020317960491288297,0,Ellipsometry
551,51,0.3068169839500961,0.0020317960491288297,0,Ellipsometry
552,52,0.3068169839500961,0.0020317960491288297,0,Ellipsometry
553,53,0.3068169839500961,0.0020317960491288297,0,Ellipsometry
554,54,0.3068169839500961,0.0020317960491288297,0,Ellipsometry
555,55,0.3068169839500961,0.0020317960491288297,0,Ellipsometry
556,56,0.3068169839500961,0.0020317960491288297,0,Ellipsometry
557,57,0.3068169839500961,0.0020317960491288297,0,Ellipsometry
558,58,0.3068169839500961,0.0020317960491288297,0,Ellipsometry
559,59,0.3068169839500961,0.0020317960491288297,0,Ellipsometry
560,60,0.3068169839500961,0.0020317960491288297,0,Ellipsometry
561,61,0.3068169839500961,0.0020317960491288297,0,Ellipsometry
562,62,0.3068169839500961,0.0020317960491288297,0,Ellipsometry
563,63,0.3068169839500961,0.0020317960491288297,0,Ellipsometry
564,64,0.3068169839500961,0.0020317960491288297,0,Ellipsometry
565,65,0.3068169839500961,0.0012983138453677536,0,Ellipsometry
566,66,0.3068169839500961,0.0012983138453677536,0,Ellipsometry
567,67,0.3068169839500961,0.0012983138453677536,0,Ellipsometry
568,68,0.3068169839500961,0.0012983138453677536,0,Ellipsometry
569,69,0.3068169839500961,0.0012983138453677536,0,Ellipsometry
570,70,0.3068169839500961,0.0012983138453677536,0,Ellipsometry
571,71,0.3068169839500961,0.0012983138453677536,0,Ellipsometry
572,72,0.3068169839500961,0.0012983138453677536,0,Ellipsometry
573,73,0.3068169839500961,0.0012983138453677536,0,Ellipsometry
574,74,0.3068169839500961,0.0012983138453677536,0,Ellipsometry
575,75,0.3068169839500961,0.0012983138453677536,0,Ellipsometry
576,76,0.3068169839500961,0.0012983138453677536,0,Ellipsometry
577,77,0.3068169839500961,0.0012983138453677536,0,Ellipsometry
578,78,0.3068169839500961,0.0012983138453677536,0,Ellipsometry
579,79,0.3068169839500961,0.0012983138453677536,0,Ellipsometry
580,80,0.3068169839500961,0.0012983138453677536,0,Ellipsometry
581,81,0.3068169839500961,0.0012983138453677536,0,Ellipsometry
582,82,0.3068169839500961,0.0012983138453677536,0,Ellipsometry
583,83,0.3068169839500961,0.0012983138453677536,0,Ellipsometry
584,84,0.3068169839500961,0.0012983138453677536,0,Ellipsometry
585,85,0.3068169839500961,0.0012983138453677536,0,Ellipsometry
586,86,0.3068169839500961,0.0012983138453677536,0,Ellipsometry
587,87,0.3068169839500961,0.0012983138453677536,0,Ellipsometry
588,88,0.3068169839500961,0.0012983138453677536,0,Ellipsometry
589,89,0.3068169839500961,0.0012983138453677536,0,Ellipsometry
590,90,0.3068169839500961,0.0012983138453677536,0,Ellipsometry
591,91,0.3068169839500961,0.0012983138453677536,0,Ellipsometry
592,92,0.3068169839500961,0.0012983138453677536,0,Ellipsometry
593,93,0.3068169839500961,0.0012983138453677536,0,Ellipsometry
594,94,0.3068169839500961,0.0012983138453677536,0,Ellipsometry
595,95,0.3068169839500961,0.0012983138453677536,0,Ellipsometry
596,96,0.3068169839500961,0.0012983138453677536,0,Ellipsometry
597,97,0.3068169839500961,0.0012983138453677536,0,Ellipsometry
598,98,0.3068169839500961,0.0012983138453677536,0,Ellipsometry
599,99,0.3068169839500961,0.0012983138453677536,0,Ellipsometry
600,0,-inf,,1,Ellipsometry
601,1,0.26916892040494184,0.019863704315889557,1,Ellipsometry
602,2,0.26916892040494184,0.019863704315889557,1,Ellipsometry
603,3,0.2965060615648228,0.009578161054152207,1,Ellipsometry
604,4,0.2965060615648228,0.009578161054152207,1,Ellipsometry
605,5,0.2965060615648228,0.009578161054152207,1,Ellipsometry
606,6,0.3053217835431475,0.007831223289377007,1,Ellipsometry
607,7,0.30771883920440674,0.007831223289377007,1,Ellipsometry
608,8,0.30771883920440674,0.007495981022248285,1,Ellipsometry
609,9,0.30771883920440674,0.007495981022248285,1,Ellipsometry
610,10,0.30771883920440674,0.007495981022248285,1,Ellipsometry
611,11,0.30771883920440674,0.007495981022248285,1,Ellipsometry
612,12,0.30979066928148635,0.00640842941742352,1,Ellipsometry
613,13,0.30979066928148635,0.00640842941742352,1,Ellipsometry
614,14,0.32671534682563075,0.0032976112455060345,1,Ellipsometry
615,15,0.32671534682563075,0.0032976112455060345,1,Ellipsometry
616,16,0.32671534682563075,0.0032976112455060345,1,Ellipsometry
617,17,0.32671534682563075,0.0032976112455060345,1,Ellipsometry
618,18,0.32671534682563075,0.0032976112455060345,1,Ellipsometry
619,19,0.32671534682563075,0.0032976112455060345,1,Ellipsometry
620,20,0.32671534682563075,0.0032976112455060345,1,Ellipsometry
621,21,0.32671534682563075,0.0032976112455060345,1,Ellipsometry
622,22,0.3601846334234571,0.0006470626406536688,1,Ellipsometry
623,23,0.3601846334234571,0.0006470626406536688,1,Ellipsometry
624,24,0.3601846334234571,0.0006470626406536688,1,Ellipsometry
625,25,0.3601846334234571,0.0006470626406536688,1,Ellipsometry
626,26,0.3601846334234571,0.0006470626406536688,1,Ellipsometry
627,27,0.3601846334234571,0.0006470626406536688,1,Ellipsometry
628,28,0.3601846334234571,0.0006470626406536688,1,Ellipsometry
629,29,0.3601846334234571,0.0006470626406536688,1,Ellipsometry
630,30,0.3601846334234571,0.0006470626406536688,1,Ellipsometry
631,31,0.3601846334234571,0.0006470626406536688,1,Ellipsometry
632,32,0.3601846334234571,0.0006470626406536688,1,Ellipsometry
633,33,0.3601846334234571,0.0006470626406536688,1,Ellipsometry
634,34,0.3601846334234571,0.0006470626406536688,1,Ellipsometry
635,35,0.3601846334234571,0.0006470626406536688,1,Ellipsometry
636,36,0.3601846334234571,0.0006470626406536688,1,Ellipsometry
637,37,0.3601846334234571,0.0006470626406536688,1,Ellipsometry
638,38,0.3601846334234571,0.0006470626406536688,1,Ellipsometry
639,39,0.3601846334234571,0.0006470626406536688,1,Ellipsometry
640,40,0.3601846334234571,0.0006470626406536688,1,Ellipsometry
641,41,0.3601846334234571,0.0006470626406536688,1,Ellipsometry
642,42,0.3601846334234571,0.0006470626406536688,1,Ellipsometry
643,43,0.3601846334234571,0.0006470626406536688,1,Ellipsometry
644,44,0.38839025352544826,0.0002827386521755538,1,Ellipsometry
645,45,0.41074878838028034,9.152297920063608e-05,1,Ellipsometry
646,46,0.41074878838028034,9.152297920063608e-05,1,Ellipsometry
647,47,0.41074878838028034,9.152297920063608e-05,1,Ellipsometry
648,48,0.41074878838028034,9.152297920063608e-05,1,Ellipsometry
649,49,0.41074878838028034,9.152297920063608e-05,1,Ellipsometry
650,50,0.41074878838028034,9.152297920063608e-05,1,Ellipsometry
651,51,0.41074878838028034,9.152297920063608e-05,1,Ellipsometry
652,52,0.41074878838028034,9.152297920063608e-05,1,Ellipsometry
653,53,0.41074878838028034,9.152297920063608e-05,1,Ellipsometry
654,54,0.41074878838028034,9.152297920063608e-05,1,Ellipsometry
655,55,0.41074878838028034,9.152297920063608e-05,1,Ellipsometry
656,56,0.4241774402612279,6.169525086589219e-05,1,Ellipsometry
657,57,0.4241774402612279,6.169525086589219e-05,1,Ellipsometry
658,58,0.4241774402612279,6.169525086589219e-05,1,Ellipsometry
659,59,0.4241774402612279,6.169525086589219e-05,1,Ellipsometry
660,60,0.4241774402612279,6.169525086589219e-05,1,Ellipsometry
661,61,0.4241774402612279,6.169525086589219e-05,1,Ellipsometry
662,62,0.4241774402612279,6.169525086589219e-05,1,Ellipsometry
663,63,0.4241774402612279,6.169525086589219e-05,1,Ellipsometry
664,64,0.4241774402612279,6.169525086589219e-05,1,Ellipsometry
665,65,0.4241774402612279,6.169525086589219e-05,1,Ellipsometry
666,66,0.4241774402612279,6.169525086589219e-05,1,Ellipsometry
667,67,0.4241774402612279,6.169525086589219e-05,1,Ellipsometry
668,68,0.4241774402612279,6.169525086589219e-05,1,Ellipsometry
669,69,0.4241774402612279,6.169525086589219e-05,1,Ellipsometry
670,70,0.4241774402612279,6.169525086589219e-05,1,Ellipsometry
671,71,0.4241774402612279,6.169525086589219e-05,1,Ellipsometry
672,72,0.4241774402612279,6.169525086589219e-05,1,Ellipsometry
673,73,0.4241774402612279,6.169525086589219e-05,1,Ellipsometry
674,74,0.4241774402612279,6.169525086589219e-05,1,Ellipsometry
675,75,0.4241774402612279,6.169525086589219e-05,1,Ellipsometry
676,76,0.4241774402612279,6.169525086589219e-05,1,Ellipsometry
677,77,0.4241774402612279,6.169525086589219e-05,1,Ellipsometry
678,78,0.4241774402612279,6.169525086589219e-05,1,Ellipsometry
679,79,0.4241774402612279,6.169525086589219e-05,1,Ellipsometry
680,80,0.4345736466112912,3.252997767208597e-05,1,Ellipsometry
681,81,0.4345736466112912,3.252997767208597e-05,1,Ellipsometry
682,82,0.4345736466112912,3.252997767208597e-05,1,Ellipsometry
683,83,0.4345736466112912,3.252997767208597e-05,1,Ellipsometry
684,84,0.4345736466112912,3.252997767208597e-05,1,Ellipsometry
685,85,0.4345736466112912,3.252997767208597e-05,1,Ellipsometry
686,86,0.4345736466112912,3.252997767208597e-05,1,Ellipsometry
687,87,0.4345736466112912,3.252997767208597e-05,1,Ellipsometry
688,88,0.4345736466112912,3.252997767208597e-05,1,Ellipsometry
689,89,0.4345736466112912,3.252997767208597e-05,1,Ellipsometry
690,90,0.4345736466112912,3.252997767208597e-05,1,Ellipsometry
691,91,0.4345736466112912,3.252997767208597e-05,1,Ellipsometry
692,92,0.4345736466112912,3.252997767208597e-05,1,Ellipsometry
693,93,0.4345736466112912,3.252997767208597e-05,1,Ellipsometry
694,94,0.4345736466112912,3.252997767208597e-05,1,Ellipsometry
695,95,0.4345736466112912,3.252997767208597e-05,1,Ellipsometry
696,96,0.4345736466112912,3.252997767208597e-05,1,Ellipsometry
697,97,0.4345736466112912,3.252997767208597e-05,1,Ellipsometry
698,98,0.4345736466112912,3.252997767208597e-05,1,Ellipsometry
699,99,0.4345736466112912,3.252997767208597e-05,1,Ellipsometry
700,0,0.2347265745590966,0.043043607390065595,2,Ellipsometry
701,1,0.2723896251107047,0.006928266142886279,2,Ellipsometry
702,2,0.2898099902133548,0.005146306872269337,2,Ellipsometry
703,3,0.2898099902133548,0.005146306872269337,2,Ellipsometry
704,4,0.29281434761142194,0.005146306872269337,2,Ellipsometry
705,5,0.3036699653715404,0.0023868378631990398,2,Ellipsometry
706,6,0.3036699653715404,0.0023868378631990398,2,Ellipsometry
707,7,0.3138063641648448,0.0023868378631990398,2,Ellipsometry
708,8,0.3138063641648448,0.0023868378631990398,2,Ellipsometry
709,9,0.3138063641648448,0.0023868378631990398,2,Ellipsometry
710,10,0.3138063641648448,0.0023868378631990398,2,Ellipsometry
711,11,0.3138063641648448,0.0023868378631990398,2,Ellipsometry
712,12,0.42605192907990536,1.2193611682807741e-05,2,Ellipsometry
713,13,0.42605192907990536,1.2193611682807741e-05,2,Ellipsometry
714,14,0.42605192907990536,1.2193611682807741e-05,2,Ellipsometry
715,15,0.42605192907990536,1.2193611682807741e-05,2,Ellipsometry
716,16,0.42605192907990536,1.2193611682807741e-05,2,Ellipsometry
717,17,0.42605192907990536,1.2193611682807741e-05,2,Ellipsometry
718,18,0.42605192907990536,1.2193611682807741e-05,2,Ellipsometry
719,19,0.42605192907990536,1.2193611682807741e-05,2,Ellipsometry
720,20,0.42605192907990536,1.2193611682807741e-05,2,Ellipsometry
721,21,0.42605192907990536,1.2193611682807741e-05,2,Ellipsometry
722,22,0.42605192907990536,1.2193611682807741e-05,2,Ellipsometry
723,23,0.42605192907990536,1.2193611682807741e-05,2,Ellipsometry
724,24,0.42605192907990536,1.2193611682807741e-05,2,Ellipsometry
725,25,0.42605192907990536,1.2193611682807741e-05,2,Ellipsometry
726,26,0.42605192907990536,1.2193611682807741e-05,2,Ellipsometry
727,27,0.42605192907990536,1.2193611682807741e-05,2,Ellipsometry
728,28,0.45992381973361524,1.2193611682807741e-05,2,Ellipsometry
729,29,0.45992381973361524,1.2193611682807741e-05,2,Ellipsometry
730,30,0.45992381973361524,1.2193611682807741e-05,2,Ellipsometry
731,31,0.45992381973361524,1.2193611682807741e-05,2,Ellipsometry
732,32,0.45992381973361524,1.2193611682807741e-05,2,Ellipsometry
733,33,0.5394479975150176,1.4094734444038368e-06,2,Ellipsometry
734,34,0.5394479975150176,7.983830774724765e-07,2,Ellipsometry
735,35,0.5394479975150176,7.983830774724765e-07,2,Ellipsometry
736,36,0.6428081738469278,1.4538975199218662e-09,2,Ellipsometry
737,37,0.6428081738469278,1.4538975199218662e-09,2,Ellipsometry
738,38,0.6428081738469278,1.4538975199218662e-09,2,Ellipsometry
739,39,0.6428081738469278,1.4538975199218662e-09,2,Ellipsometry
740,40,0.6428081738469278,1.4538975199218662e-09,2,Ellipsometry
741,41,0.6428081738469278,1.4538975199218662e-09,2,Ellipsometry
742,42,0.6428081738469278,1.4538975199218662e-09,2,Ellipsometry
743,43,0.6428081738469278,1.4538975199218662e-09,2,Ellipsometry
744,44,0.6428081738469278,1.4538975199218662e-09,2,Ellipsometry
745,45,0.6428081738469278,1.4538975199218662e-09,2,Ellipsometry
746,46,0.6428081738469278,1.4538975199218662e-09,2,Ellipsometry
747,47,0.6428081738469278,1.4538975199218662e-09,2,Ellipsometry
748,48,0.6428081738469278,1.4538975199218662e-09,2,Ellipsometry
749,49,0.6428081738469278,1.4538975199218662e-09,2,Ellipsometry
750,50,0.6428081738469278,1.4538975199218662e-09,2,Ellipsometry
751,51,0.6428081738469278,1.4538975199218662e-09,2,Ellipsometry
752,52,0.6428081738469278,1.4538975199218662e-09,2,Ellipsometry
753,53,0.6428081738469278,1.4538975199218662e-09,2,Ellipsometry
754,54,0.6428081738469278,1.4538975199218662e-09,2,Ellipsometry
755,55,0.6428081738469278,1.4538975199218662e-09,2,Ellipsometry
756,56,0.6428081738469278,1.4538975199218662e-09,2,Ellipsometry
757,57,0.6428081738469278,1.4538975199218662e-09,2,Ellipsometry
758,58,0.6428081738469278,1.4538975199218662e-09,2,Ellipsometry
759,59,0.6428081738469278,1.4538975199218662e-09,2,Ellipsometry
760,60,0.6428081738469278,1.4538975199218662e-09,2,Ellipsometry
761,61,0.6428081738469278,1.4538975199218662e-09,2,Ellipsometry
762,62,0.6428081738469278,1.4538975199218662e-09,2,Ellipsometry
763,63,0.6428081738469278,1.4538975199218662e-09,2,Ellipsometry
764,64,0.6428081738469278,1.4538975199218662e-09,2,Ellipsometry
765,65,0.6428081738469278,1.4538975199218662e-09,2,Ellipsometry
766,66,0.6428081738469278,1.4538975199218662e-09,2,Ellipsometry
767,67,0.6428081738469278,1.4538975199218662e-09,2,Ellipsometry
768,68,0.6428081738469278,1.4538975199218662e-09,2,Ellipsometry
769,69,0.6428081738469278,1.4538975199218662e-09,2,Ellipsometry
770,70,0.6428081738469278,1.4538975199218662e-09,2,Ellipsometry
771,71,0.6428081738469278,1.4538975199218662e-09,2,Ellipsometry
772,72,0.6428081738469278,1.4538975199218662e-09,2,Ellipsometry
773,73,0.6428081738469278,1.4538975199218662e-09,2,Ellipsometry
774,74,0.6428081738469278,1.4538975199218662e-09,2,Ellipsometry
775,75,0.6428081738469278,1.4538975199218662e-09,2,Ellipsometry
776,76,0.6428081738469278,1.4538975199218662e-09,2,Ellipsometry
777,77,0.6428081738469278,1.4538975199218662e-09,2,Ellipsometry
778,78,0.6428081738469278,1.4538975199218662e-09,2,Ellipsometry
779,79,0.6428081738469278,1.4538975199218662e-09,2,Ellipsometry
780,80,0.6428081738469278,1.4538975199218662e-09,2,Ellipsometry
781,81,0.6428081738469278,1.4538975199218662e-09,2,Ellipsometry
782,82,0.6428081738469278,1.4538975199218662e-09,2,Ellipsometry
783,83,0.6428081738469278,1.4538975199218662e-09,2,Ellipsometry
784,84,0.6428081738469278,1.4538975199218662e-09,2,Ellipsometry
785,85,0.6428081738469278,1.4538975199218662e-09,2,Ellipsometry
786,86,0.6428081738469278,1.4538975199218662e-09,2,Ellipsometry
787,87,0.6428081738469278,1.4538975199218662e-09,2,Ellipsometry
788,88,0.6428081738469278,1.4538975199218662e-09,2,Ellipsometry
789,89,0.6428081738469278,1.4538975199218662e-09,2,Ellipsometry
790,90,0.6428081738469278,1.4538975199218662e-09,2,Ellipsometry
791,91,0.6428081738469278,1.4538975199218662e-09,2,Ellipsometry
792,92,0.6428081738469278,1.4538975199218662e-09,2,Ellipsometry
793,93,0.6428081738469278,1.4538975199218662e-09,2,Ellipsometry
794,94,0.6428081738469278,1.4538975199218662e-09,2,Ellipsometry
795,95,0.6428081738469278,1.4538975199218662e-09,2,Ellipsometry
796,96,0.6428081738469278,1.4538975199218662e-09,2,Ellipsometry
797,97,0.6428081738469278,1.4538975199218662e-09,2,Ellipsometry
798,98,0.6428081738469278,1.4538975199218662e-09,2,Ellipsometry
799,99,0.6428081738469278,1.4538975199218662e-09,2,Ellipsometry
800,0,0.2791565694119104,0.007602611376750434,3,Ellipsometry
801,1,0.28507932459878393,0.007602611376750434,3,Ellipsometry
802,2,0.28507932459878393,0.007602611376750434,3,Ellipsometry
803,3,0.28507932459878393,0.007602611376750434,3,Ellipsometry
804,4,0.286466277080299,0.007602611376750434,3,Ellipsometry
805,5,0.286466277080299,0.007602611376750434,3,Ellipsometry
806,6,0.286466277080299,0.007602611376750434,3,Ellipsometry
807,7,0.286466277080299,0.007602611376750434,3,Ellipsometry
808,8,0.29240210996487803,0.007602611376750434,3,Ellipsometry
809,9,0.29240210996487803,0.007602611376750434,3,Ellipsometry
810,10,0.29797472826141724,0.0029727216240561737,3,Ellipsometry
811,11,0.3247685780894312,0.0017387728634379212,3,Ellipsometry
812,12,0.3247685780894312,0.0017387728634379212,3,Ellipsometry
813,13,0.3247685780894312,0.0017387728634379212,3,Ellipsometry
814,14,0.3568323581074999,0.00015061059306132455,3,Ellipsometry
815,15,0.3935423550901569,7.1219580680418e-05,3,Ellipsometry
816,16,0.3935423550901569,5.2442151249660274e-05,3,Ellipsometry
817,17,0.3935423550901569,5.2442151249660274e-05,3,Ellipsometry
818,18,0.3935423550901569,5.2442151249660274e-05,3,Ellipsometry
819,19,0.3935423550901569,5.2442151249660274e-05,3,Ellipsometry
820,20,0.3935423550901569,5.2442151249660274e-05,3,Ellipsometry
821,21,0.3935423550901569,5.2442151249660274e-05,3,Ellipsometry
822,22,0.4269745559848237,9.137290702014976e-06,3,Ellipsometry
823,23,0.4269745559848237,9.137290702014976e-06,3,Ellipsometry
824,24,0.4269745559848237,9.137290702014976e-06,3,Ellipsometry
825,25,0.4269745559848237,9.137290702014976e-06,3,Ellipsometry
826,26,0.4269745559848237,9.137290702014976e-06,3,Ellipsometry
827,27,0.4269745559848237,9.137290702014976e-06,3,Ellipsometry
828,28,0.4269745559848237,9.137290702014976e-06,3,Ellipsometry
829,29,0.4269745559848237,9.137290702014976e-06,3,Ellipsometry
830,30,0.4269745559848237,9.137290702014976e-06,3,Ellipsometry
831,31,0.4269745559848237,9.137290702014976e-06,3,Ellipsometry
832,32,0.4269745559848237,9.137290702014976e-06,3,Ellipsometry
833,33,0.4269745559848237,9.137290702014976e-06,3,Ellipsometry
834,34,0.47326624265543754,2.251405419711523e-06,3,Ellipsometry
835,35,0.47326624265543754,2.251405419711523e-06,3,Ellipsometry
836,36,0.47326624265543754,4.1097808956611785e-07,3,Ellipsometry
837,37,0.47326624265543754,4.1097808956611785e-07,3,Ellipsometry
838,38,0.47326624265543754,4.1097808956611785e-07,3,Ellipsometry
839,39,0.47326624265543754,4.1097808956611785e-07,3,Ellipsometry
840,40,0.47326624265543754,4.1097808956611785e-07,3,Ellipsometry
841,41,0.47326624265543754,4.1097808956611785e-07,3,Ellipsometry
842,42,0.47326624265543754,4.1097808956611785e-07,3,Ellipsometry
843,43,0.47326624265543754,4.1097808956611785e-07,3,Ellipsometry
844,44,0.47326624265543754,4.1097808956611785e-07,3,Ellipsometry
845,45,0.47326624265543754,4.1097808956611785e-07,3,Ellipsometry
846,46,0.47326624265543754,4.1097808956611785e-07,3,Ellipsometry
847,47,0.47326624265543754,4.1097808956611785e-07,3,Ellipsometry
848,48,0.47326624265543754,4.1097808956611785e-07,3,Ellipsometry
849,49,0.47326624265543754,4.1097808956611785e-07,3,Ellipsometry
850,50,0.47326624265543754,4.1097808956611785e-07,3,Ellipsometry
851,51,0.47326624265543754,4.1097808956611785e-07,3,Ellipsometry
852,52,0.47326624265543754,4.1097808956611785e-07,3,Ellipsometry
853,53,0.47326624265543754,4.1097808956611785e-07,3,Ellipsometry
854,54,0.47326624265543754,4.1097808956611785e-07,3,Ellipsometry
855,55,0.47326624265543754,4.1097808956611785e-07,3,Ellipsometry
856,56,0.47326624265543754,4.1097808956611785e-07,3,Ellipsometry
857,57,0.47326624265543754,4.1097808956611785e-07,3,Ellipsometry
858,58,0.47326624265543754,4.1097808956611785e-07,3,Ellipsometry
859,59,0.47326624265543754,4.1097808956611785e-07,3,Ellipsometry
860,60,0.47326624265543754,4.1097808956611785e-07,3,Ellipsometry
861,61,0.47326624265543754,4.1097808956611785e-07,3,Ellipsometry
862,62,0.47326624265543754,4.1097808956611785e-07,3,Ellipsometry
863,63,0.47326624265543754,4.1097808956611785e-07,3,Ellipsometry
864,64,0.47326624265543754,4.1097808956611785e-07,3,Ellipsometry
865,65,0.47326624265543754,4.1097808956611785e-07,3,Ellipsometry
866,66,0.47326624265543754,4.1097808956611785e-07,3,Ellipsometry
867,67,0.47326624265543754,4.1097808956611785e-07,3,Ellipsometry
868,68,0.47326624265543754,4.1097808956611785e-07,3,Ellipsometry
869,69,0.47326624265543754,4.1097808956611785e-07,3,Ellipsometry
870,70,0.47326624265543754,4.1097808956611785e-07,3,Ellipsometry
871,71,0.47326624265543754,4.1097808956611785e-07,3,Ellipsometry
872,72,0.47326624265543754,4.1097808956611785e-07,3,Ellipsometry
873,73,0.47326624265543754,4.1097808956611785e-07,3,Ellipsometry
874,74,0.47326624265543754,4.1097808956611785e-07,3,Ellipsometry
875,75,0.47326624265543754,4.1097808956611785e-07,3,Ellipsometry
876,76,0.47326624265543754,4.1097808956611785e-07,3,Ellipsometry
877,77,0.47326624265543754,4.1097808956611785e-07,3,Ellipsometry
878,78,0.47326624265543754,4.1097808956611785e-07,3,Ellipsometry
879,79,0.47326624265543754,4.1097808956611785e-07,3,Ellipsometry
880,80,0.47326624265543754,4.1097808956611785e-07,3,Ellipsometry
881,81,0.47326624265543754,4.1097808956611785e-07,3,Ellipsometry
882,82,0.47326624265543754,4.1097808956611785e-07,3,Ellipsometry
883,83,0.47326624265543754,4.1097808956611785e-07,3,Ellipsometry
884,84,0.47326624265543754,4.1097808956611785e-07,3,Ellipsometry
885,85,0.47326624265543754,4.1097808956611785e-07,3,Ellipsometry
886,86,0.47326624265543754,4.1097808956611785e-07,3,Ellipsometry
887,87,0.47326624265543754,4.1097808956611785e-07,3,Ellipsometry
888,88,0.47326624265543754,4.1097808956611785e-07,3,Ellipsometry
889,89,0.47326624265543754,4.1097808956611785e-07,3,Ellipsometry
890,90,0.47326624265543754,4.1097808956611785e-07,3,Ellipsometry
891,91,0.47326624265543754,4.1097808956611785e-07,3,Ellipsometry
892,92,0.47326624265543754,4.1097808956611785e-07,3,Ellipsometry
893,93,0.47326624265543754,4.1097808956611785e-07,3,Ellipsometry
894,94,0.47326624265543754,4.1097808956611785e-07,3,Ellipsometry
895,95,0.47326624265543754,4.1097808956611785e-07,3,Ellipsometry
896,96,0.47326624265543754,4.1097808956611785e-07,3,Ellipsometry
897,97,0.47326624265543754,4.1097808956611785e-07,3,Ellipsometry
898,98,0.47326624265543754,4.1097808956611785e-07,3,Ellipsometry
899,99,0.47326624265543754,4.1097808956611785e-07,3,Ellipsometry
900,0,0.20542106691557246,0.42184842362346603,4,Ellipsometry
901,1,0.20542106691557246,0.42184842362346603,4,Ellipsometry
902,2,0.20542106691557246,0.42184842362346603,4,Ellipsometry
903,3,0.20542106691557246,0.42184842362346603,4,Ellipsometry
904,4,0.20542106691557246,0.42184842362346603,4,Ellipsometry
905,5,0.20542106691557246,0.42184842362346603,4,Ellipsometry
906,6,0.20542106691557246,0.42184842362346603,4,Ellipsometry
907,7,0.20542106691557246,0.42184842362346603,4,Ellipsometry
908,8,0.20542106691557246,0.42184842362346603,4,Ellipsometry
909,9,0.20542106691557246,0.42184842362346603,4,Ellipsometry
910,10,0.20542106691557246,0.42184842362346603,4,Ellipsometry
911,11,0.20542106691557246,0.42184842362346603,4,Ellipsometry
912,12,0.20542106691557246,0.42184842362346603,4,Ellipsometry
913,13,0.20542106691557246,0.42184842362346603,4,Ellipsometry
914,14,0.20542106691557246,0.42184842362346603,4,Ellipsometry
915,15,0.20542106691557246,0.42184842362346603,4,Ellipsometry
916,16,0.20542106691557246,0.42184842362346603,4,Ellipsometry
917,17,0.20542106691557246,0.42184842362346603,4,Ellipsometry
918,18,0.20542106691557246,0.42184842362346603,4,Ellipsometry
919,19,0.20542106691557246,0.42184842362346603,4,Ellipsometry
920,20,0.20542106691557246,0.42184842362346603,4,Ellipsometry
921,21,0.20542106691557246,0.42184842362346603,4,Ellipsometry
922,22,0.2153739277732856,0.2653632568036293,4,Ellipsometry
923,23,0.2153739277732856,0.2653632568036293,4,Ellipsometry
924,24,0.2153739277732856,0.2653632568036293,4,Ellipsometry
925,25,0.2153739277732856,0.2653632568036293,4,Ellipsometry
926,26,0.2153739277732856,0.2653632568036293,4,Ellipsometry
927,27,0.2153739277732856,0.2653632568036293,4,Ellipsometry
928,28,0.2153739277732856,0.2653632568036293,4,Ellipsometry
929,29,0.2153739277732856,0.2653632568036293,4,Ellipsometry
930,30,0.2153739277732856,0.2653632568036293,4,Ellipsometry
931,31,0.2153739277732856,0.2653632568036293,4,Ellipsometry
932,32,0.2153739277732856,0.2653632568036293,4,Ellipsometry
933,33,0.2153739277732856,0.2653632568036293,4,Ellipsometry
934,34,0.2153739277732856,0.2653632568036293,4,Ellipsometry
935,35,0.2153739277732856,0.2653632568036293,4,Ellipsometry
936,36,0.2153739277732856,0.2653632568036293,4,Ellipsometry
937,37,0.2153739277732856,0.2653632568036293,4,Ellipsometry
938,38,0.2153739277732856,0.2653632568036293,4,Ellipsometry
939,39,0.2153739277732856,0.2653632568036293,4,Ellipsometry
940,40,0.2153739277732856,0.2653632568036293,4,Ellipsometry
941,41,0.2153739277732856,0.2653632568036293,4,Ellipsometry
942,42,0.2153739277732856,0.2653632568036293,4,Ellipsometry
943,43,0.2333086442356936,0.16978962150470778,4,Ellipsometry
944,44,0.2333086442356936,0.16978962150470778,4,Ellipsometry
945,45,0.2333086442356936,0.16978962150470778,4,Ellipsometry
946,46,0.2333086442356936,0.16978962150470778,4,Ellipsometry
947,47,0.2333086442356936,0.16978962150470778,4,Ellipsometry
948,48,0.2333086442356936,0.16978962150470778,4,Ellipsometry
949,49,0.2333086442356936,0.16978962150470778,4,Ellipsometry
950,50,0.2333086442356936,0.16978962150470778,4,Ellipsometry
951,51,0.2333086442356936,0.16978962150470778,4,Ellipsometry
952,52,0.2333086442356936,0.16978962150470778,4,Ellipsometry
953,53,0.2333086442356936,0.16978962150470778,4,Ellipsometry
954,54,0.2333086442356936,0.16978962150470778,4,Ellipsometry
955,55,0.2333086442356936,0.16978962150470778,4,Ellipsometry
956,56,0.2333086442356936,0.16978962150470778,4,Ellipsometry
957,57,0.2333086442356936,0.16978962150470778,4,Ellipsometry
958,58,0.2333086442356936,0.16978962150470778,4,Ellipsometry
959,59,0.2333086442356936,0.16978962150470778,4,Ellipsometry
960,60,0.2333086442356936,0.16978962150470778,4,Ellipsometry
961,61,0.2333086442356936,0.16978962150470778,4,Ellipsometry
962,62,0.2333086442356936,0.16978962150470778,4,Ellipsometry
963,63,0.2333086442356936,0.16978962150470778,4,Ellipsometry
964,64,0.2333086442356936,0.16978962150470778,4,Ellipsometry
965,65,0.2333086442356936,0.16978962150470778,4,Ellipsometry
966,66,0.2333086442356936,0.16978962150470778,4,Ellipsometry
967,67,0.2333086442356936,0.16978962150470778,4,Ellipsometry
968,68,0.2333086442356936,0.16978962150470778,4,Ellipsometry
969,69,0.2333086442356936,0.16978962150470778,4,Ellipsometry
970,70,0.2333086442356936,0.16978962150470778,4,Ellipsometry
971,71,0.2333086442356936,0.16978962150470778,4,Ellipsometry
972,72,0.2333086442356936,0.16978962150470778,4,Ellipsometry
973,73,0.2333086442356936,0.16978962150470778,4,Ellipsometry
974,74,0.2333086442356936,0.16978962150470778,4,Ellipsometry
975,75,0.2333086442356936,0.16978962150470778,4,Ellipsometry
976,76,0.2333086442356936,0.16978962150470778,4,Ellipsometry
977,77,0.2333086442356936,0.16978962150470778,4,Ellipsometry
978,78,0.2333086442356936,0.16978962150470778,4,Ellipsometry
979,79,0.2333086442356936,0.16978962150470778,4,Ellipsometry
980,80,0.2333086442356936,0.16978962150470778,4,Ellipsometry
981,81,0.2333086442356936,0.16978962150470778,4,Ellipsometry
982,82,0.2333086442356936,0.16978962150470778,4,Ellipsometry
983,83,0.2333086442356936,0.16978962150470778,4,Ellipsometry
984,84,0.2333086442356936,0.16978962150470778,4,Ellipsometry
985,85,0.2333086442356936,0.16978962150470778,4,Ellipsometry
986,86,0.2333086442356936,0.16978962150470778,4,Ellipsometry
987,87,0.2333086442356936,0.16978962150470778,4,Ellipsometry
988,88,0.2333086442356936,0.16978962150470778,4,Ellipsometry
989,89,0.2333086442356936,0.16978962150470778,4,Ellipsometry
990,90,0.2333086442356936,0.16978962150470778,4,Ellipsometry
991,91,0.2333086442356936,0.16978962150470778,4,Ellipsometry
992,92,0.2333086442356936,0.16978962150470778,4,Ellipsometry
993,93,0.2333086442356936,0.16978962150470778,4,Ellipsometry
994,94,0.2333086442356936,0.16978962150470778,4,Ellipsometry
995,95,0.2333086442356936,0.16978962150470778,4,Ellipsometry
996,96,0.2333086442356936,0.16978962150470778,4,Ellipsometry
997,97,0.2333086442356936,0.16978962150470778,4,Ellipsometry
998,98,0.2333086442356936,0.16978962150470778,4,Ellipsometry
999,99,0.2333086442356936,0.16978962150470778,4,Ellipsometry
1000,0,0.11121633870258814,0.12159416784666299,0,Photovoltaics
1001,1,0.11121633870258814,0.12131392076215908,0,Photovoltaics
1002,2,0.11121633870258814,0.12131392076215908,0,Photovoltaics
1003,3,0.11121633870258814,0.12131392076215908,0,Photovoltaics
1004,4,0.11121633870258814,0.12131392076215908,0,Photovoltaics
1005,5,0.11121633870258814,0.12131392076215908,0,Photovoltaics
1006,6,0.11121633870258814,0.12131392076215908,0,Photovoltaics
1007,7,0.11121633870258814,0.12131392076215908,0,Photovoltaics
1008,8,0.11121633870258814,0.12131392076215908,0,Photovoltaics
1009,9,0.11121633870258814,0.12131392076215908,0,Photovoltaics
1010,10,0.11121633870258814,0.12131392076215908,0,Photovoltaics
1011,11,0.11121633870258814,0.12131392076215908,0,Photovoltaics
1012,12,0.11308619286545656,0.11871919246378597,0,Photovoltaics
1013,13,0.11308619286545656,0.11871919246378597,0,Photovoltaics
1014,14,0.11308619286545656,0.11871919246378597,0,Photovoltaics
1015,15,0.11308619286545656,0.11871919246378597,0,Photovoltaics
1016,16,0.11308619286545656,0.11871919246378597,0,Photovoltaics
1017,17,0.11308619286545656,0.11871919246378597,0,Photovoltaics
1018,18,0.11308619286545656,0.11871919246378597,0,Photovoltaics
1019,19,0.11308619286545656,0.11871919246378597,0,Photovoltaics
1020,20,0.11308619286545656,0.11871919246378597,0,Photovoltaics
1021,21,0.11308619286545656,0.11871919246378597,0,Photovoltaics
1022,22,0.11308619286545656,0.11871919246378597,0,Photovoltaics
1023,23,0.11308619286545656,0.11871919246378597,0,Photovoltaics
1024,24,0.11308619286545656,0.11871919246378597,0,Photovoltaics
1025,25,0.11308619286545656,0.11871919246378597,0,Photovoltaics
1026,26,0.11308619286545656,0.11871919246378597,0,Photovoltaics
1027,27,0.11422441158007568,0.11432404186949068,0,Photovoltaics
1028,28,0.11422441158007568,0.11432404186949068,0,Photovoltaics
1029,29,0.11422441158007568,0.11432404186949068,0,Photovoltaics
1030,30,0.11422441158007568,0.11432404186949068,0,Photovoltaics
1031,31,0.11422441158007568,0.11432404186949068,0,Photovoltaics
1032,32,0.11422441158007568,0.11432404186949068,0,Photovoltaics
1033,33,0.11422441158007568,0.11432404186949068,0,Photovoltaics
1034,34,0.11422441158007568,0.11432404186949068,0,Photovoltaics
1035,35,0.11422441158007568,0.11432404186949068,0,Photovoltaics
1036,36,0.11422441158007568,0.11432404186949068,0,Photovoltaics
1037,37,0.11422441158007568,0.11432404186949068,0,Photovoltaics
1038,38,0.11422441158007568,0.11432404186949068,0,Photovoltaics
1039,39,0.11422441158007568,0.11432404186949068,0,Photovoltaics
1040,40,0.11422441158007568,0.11432404186949068,0,Photovoltaics
1041,41,0.11422441158007568,0.11432404186949068,0,Photovoltaics
1042,42,0.11422441158007568,0.11432404186949068,0,Photovoltaics
1043,43,0.11422441158007568,0.11432404186949068,0,Photovoltaics
1044,44,0.11422441158007568,0.11432404186949068,0,Photovoltaics
1045,45,0.11422441158007568,0.11432404186949068,0,Photovoltaics
1046,46,0.11422441158007568,0.11432404186949068,0,Photovoltaics
1047,47,0.11422441158007568,0.11432404186949068,0,Photovoltaics
1048,48,0.11422441158007568,0.11432404186949068,0,Photovoltaics
1049,49,0.11422441158007568,0.11432404186949068,0,Photovoltaics
1050,50,0.11422441158007568,0.11432404186949068,0,Photovoltaics
1051,51,0.11422441158007568,0.11432404186949068,0,Photovoltaics
1052,52,0.11422441158007568,0.11432404186949068,0,Photovoltaics
1053,53,0.11422441158007568,0.11432404186949068,0,Photovoltaics
1054,54,0.11422441158007568,0.11432404186949068,0,Photovoltaics
1055,55,0.11422441158007568,0.11432404186949068,0,Photovoltaics
1056,56,0.11422441158007568,0.11432404186949068,0,Photovoltaics
1057,57,0.11422441158007568,0.11432404186949068,0,Photovoltaics
1058,58,0.11422441158007568,0.11432404186949068,0,Photovoltaics
1059,59,0.11422441158007568,0.11432404186949068,0,Photovoltaics
1060,60,0.11422441158007568,0.11432404186949068,0,Photovoltaics
1061,61,0.11422441158007568,0.11432404186949068,0,Photovoltaics
1062,62,0.11422441158007568,0.11432404186949068,0,Photovoltaics
1063,63,0.11422441158007568,0.11432404186949068,0,Photovoltaics
1064,64,0.11422441158007568,0.11432404186949068,0,Photovoltaics
1065,65,0.11422441158007568,0.11432404186949068,0,Photovoltaics
1066,66,0.11422441158007568,0.11432404186949068,0,Photovoltaics
1067,67,0.11422441158007568,0.11432404186949068,0,Photovoltaics
1068,68,0.11422441158007568,0.11432404186949068,0,Photovoltaics
1069,69,0.11422441158007568,0.11432404186949068,0,Photovoltaics
1070,70,0.11422441158007568,0.11432404186949068,0,Photovoltaics
1071,71,0.11422441158007568,0.11432404186949068,0,Photovoltaics
1072,72,0.11422441158007568,0.11432404186949068,0,Photovoltaics
1073,73,0.11422441158007568,0.11432404186949068,0,Photovoltaics
1074,74,0.11422441158007568,0.11432404186949068,0,Photovoltaics
1075,75,0.11422441158007568,0.11432404186949068,0,Photovoltaics
1076,76,0.11422441158007568,0.11432404186949068,0,Photovoltaics
1077,77,0.11422441158007568,0.11432404186949068,0,Photovoltaics
1078,78,0.11422441158007568,0.11432404186949068,0,Photovoltaics
1079,79,0.11422441158007568,0.11432404186949068,0,Photovoltaics
1080,80,0.11422441158007568,0.11432404186949068,0,Photovoltaics
1081,81,0.11422441158007568,0.11432404186949068,0,Photovoltaics
1082,82,0.11422441158007568,0.11432404186949068,0,Photovoltaics
1083,83,0.11422441158007568,0.11432404186949068,0,Photovoltaics
1084,84,0.11422441158007568,0.11432404186949068,0,Photovoltaics
1085,85,0.11422441158007568,0.11432404186949068,0,Photovoltaics
1086,86,0.11422441158007568,0.11432404186949068,0,Photovoltaics
1087,87,0.11422441158007568,0.11432404186949068,0,Photovoltaics
1088,88,0.11422441158007568,0.11432404186949068,0,Photovoltaics
1089,89,0.11422441158007568,0.11432404186949068,0,Photovoltaics
1090,90,0.11422441158007568,0.11432404186949068,0,Photovoltaics
1091,91,0.11422441158007568,0.11432404186949068,0,Photovoltaics
1092,92,0.11422441158007568,0.11432404186949068,0,Photovoltaics
1093,93,0.11422441158007568,0.11432404186949068,0,Photovoltaics
1094,94,0.11422441158007568,0.11432404186949068,0,Photovoltaics
1095,95,0.11422441158007568,0.11432404186949068,0,Photovoltaics
1096,96,0.11422441158007568,0.11432404186949068,0,Photovoltaics
1097,97,0.11422441158007568,0.11432404186949068,0,Photovoltaics
1098,98,0.11422441158007568,0.11432404186949068,0,Photovoltaics
1099,99,0.11422441158007568,0.11432404186949068,0,Photovoltaics
1100,0,0.10840299103585782,0.12975722491989616,1,Photovoltaics
1101,1,0.10840299103585782,0.12783394478254997,1,Photovoltaics
1102,2,0.10996961943364907,0.12175668289482411,1,Photovoltaics
1103,3,0.111235113942394,0.1200994071465481,1,Photovoltaics
1104,4,0.111235113942394,0.1200994071465481,1,Photovoltaics
1105,5,0.111235113942394,0.1200994071465481,1,Photovoltaics
1106,6,0.111235113942394,0.1200994071465481,1,Photovoltaics
1107,7,0.111235113942394,0.1200994071465481,1,Photovoltaics
1108,8,0.111235113942394,0.1200994071465481,1,Photovoltaics
1109,9,0.111235113942394,0.1200994071465481,1,Photovoltaics
1110,10,0.111235113942394,0.1200994071465481,1,Photovoltaics
1111,11,0.111235113942394,0.1200994071465481,1,Photovoltaics
1112,12,0.111235113942394,0.1200994071465481,1,Photovoltaics
1113,13,0.111235113942394,0.1200994071465481,1,Photovoltaics
1114,14,0.111235113942394,0.1200994071465481,1,Photovoltaics
1115,15,0.111235113942394,0.1200994071465481,1,Photovoltaics
1116,16,0.111235113942394,0.1192701717508952,1,Photovoltaics
1117,17,0.1120781774235294,0.11857143181093037,1,Photovoltaics
1118,18,0.1120781774235294,0.11857143181093037,1,Photovoltaics
1119,19,0.11335562484740118,0.11448851656996635,1,Photovoltaics
1120,20,0.11335562484740118,0.11448851656996635,1,Photovoltaics
1121,21,0.11353716695371674,0.11424667064690504,1,Photovoltaics
1122,22,0.11487791364169216,0.112693731084985,1,Photovoltaics
1123,23,0.11487791364169216,0.112693731084985,1,Photovoltaics
1124,24,0.11487791364169216,0.112693731084985,1,Photovoltaics
1125,25,0.11487791364169216,0.112693731084985,1,Photovoltaics
1126,26,0.11487791364169216,0.112693731084985,1,Photovoltaics
1127,27,0.11487791364169216,0.112693731084985,1,Photovoltaics
1128,28,0.11487791364169216,0.112693731084985,1,Photovoltaics
1129,29,0.11487791364169216,0.112693731084985,1,Photovoltaics
1130,30,0.11487791364169216,0.112693731084985,1,Photovoltaics
1131,31,0.11487791364169216,0.112693731084985,1,Photovoltaics
1132,32,0.11487791364169216,0.112693731084985,1,Photovoltaics
1133,33,0.11487791364169216,0.112693731084985,1,Photovoltaics
1134,34,0.11487791364169216,0.112693731084985,1,Photovoltaics
1135,35,0.11487791364169216,0.112693731084985,1,Photovoltaics
1136,36,0.11487791364169216,0.112693731084985,1,Photovoltaics
1137,37,0.11487791364169216,0.112693731084985,1,Photovoltaics
1138,38,0.11487791364169216,0.112693731084985,1,Photovoltaics
1139,39,0.11487791364169216,0.112693731084985,1,Photovoltaics
1140,40,0.11487791364169216,0.112693731084985,1,Photovoltaics
1141,41,0.11487791364169216,0.112693731084985,1,Photovoltaics
1142,42,0.11487791364169216,0.112693731084985,1,Photovoltaics
1143,43,0.11487791364169216,0.112693731084985,1,Photovoltaics
1144,44,0.11487791364169216,0.112693731084985,1,Photovoltaics
1145,45,0.11487791364169216,0.112693731084985,1,Photovoltaics
1146,46,0.11487791364169216,0.112693731084985,1,Photovoltaics
1147,47,0.11487791364169216,0.112693731084985,1,Photovoltaics
1148,48,0.11487791364169216,0.112693731084985,1,Photovoltaics
1149,49,0.11487791364169216,0.112693731084985,1,Photovoltaics
1150,50,0.11487791364169216,0.112693731084985,1,Photovoltaics
1151,51,0.11487791364169216,0.112693731084985,1,Photovoltaics
1152,52,0.11487791364169216,0.112693731084985,1,Photovoltaics
1153,53,0.11488351251857161,0.112693731084985,1,Photovoltaics
1154,54,0.11488351251857161,0.112693731084985,1,Photovoltaics
1155,55,0.11488351251857161,0.112693731084985,1,Photovoltaics
1156,56,0.11488351251857161,0.112693731084985,1,Photovoltaics
1157,57,0.11488351251857161,0.112693731084985,1,Photovoltaics
1158,58,0.11488852190813263,0.112693731084985,1,Photovoltaics
1159,59,0.11488852190813263,0.112693731084985,1,Photovoltaics
1160,60,0.11488852190813263,0.112693731084985,1,Photovoltaics
1161,61,0.11488852190813263,0.112693731084985,1,Photovoltaics
1162,62,0.11488852190813263,0.112693731084985,1,Photovoltaics
1163,63,0.11488852190813263,0.112693731084985,1,Photovoltaics
1164,64,0.11488852190813263,0.112693731084985,1,Photovoltaics
1165,65,0.11488852190813263,0.112693731084985,1,Photovoltaics
1166,66,0.11488852190813263,0.112693731084985,1,Photovoltaics
1167,67,0.11488852190813263,0.112693731084985,1,Photovoltaics
1168,68,0.11488852190813263,0.112693731084985,1,Photovoltaics
1169,69,0.11488852190813263,0.112693731084985,1,Photovoltaics
1170,70,0.11488852190813263,0.112693731084985,1,Photovoltaics
1171,71,0.11488852190813263,0.112693731084985,1,Photovoltaics
1172,72,0.11488852190813263,0.112693731084985,1,Photovoltaics
1173,73,0.11488852190813263,0.112693731084985,1,Photovoltaics
1174,74,0.11488852190813263,0.112693731084985,1,Photovoltaics
1175,75,0.11488852190813263,0.112693731084985,1,Photovoltaics
1176,76,0.11488852190813263,0.112693731084985,1,Photovoltaics
1177,77,0.11488852190813263,0.112693731084985,1,Photovoltaics
1178,78,0.11488852190813263,0.112693731084985,1,Photovoltaics
1179,79,0.11488852190813263,0.112693731084985,1,Photovoltaics
1180,80,0.11488852190813263,0.112693731084985,1,Photovoltaics
1181,81,0.11488852190813263,0.112693731084985,1,Photovoltaics
1182,82,0.11488852190813263,0.112693731084985,1,Photovoltaics
1183,83,0.11488852190813263,0.112693731084985,1,Photovoltaics
1184,84,0.11488852190813263,0.112693731084985,1,Photovoltaics
1185,85,0.11488852190813263,0.112693731084985,1,Photovoltaics
1186,86,0.11488852190813263,0.112693731084985,1,Photovoltaics
1187,87,0.11488852190813263,0.112693731084985,1,Photovoltaics
1188,88,0.11489992847791035,0.112693731084985,1,Photovoltaics
1189,89,0.11489992847791035,0.112693731084985,1,Photovoltaics
1190,90,0.11489992847791035,0.112693731084985,1,Photovoltaics
1191,91,0.11489992847791035,0.112693731084985,1,Photovoltaics
1192,92,0.11489992847791035,0.112693731084985,1,Photovoltaics
1193,93,0.11489992847791035,0.112693731084985,1,Photovoltaics
1194,94,0.11489992847791035,0.112693731084985,1,Photovoltaics
1195,95,0.11489992847791035,0.112693731084985,1,Photovoltaics
1196,96,0.11489992847791035,0.112693731084985,1,Photovoltaics
1197,97,0.11489992847791035,0.112693731084985,1,Photovoltaics
1198,98,0.11489992847791035,0.112693731084985,1,Photovoltaics
1199,99,0.11489992847791035,0.112693731084985,1,Photovoltaics
1200,0,-inf,,2,Photovoltaics
1201,1,0.10037023434192271,0.1461293987381441,2,Photovoltaics
1202,2,0.10354999879787037,0.13351002637057005,2,Photovoltaics
1203,3,0.10393251784193631,0.13351002637057005,2,Photovoltaics
1204,4,0.10399898516364259,0.13351002637057005,2,Photovoltaics
1205,5,0.11183469063682679,0.11801377019111303,2,Photovoltaics
1206,6,0.11183469063682679,0.11801377019111303,2,Photovoltaics
1207,7,0.11183469063682679,0.11500341834801668,2,Photovoltaics
1208,8,0.11217754007937981,0.11500341834801668,2,Photovoltaics
1209,9,0.11217754007937981,0.11500341834801668,2,Photovoltaics
1210,10,0.11217754007937981,0.11500341834801668,2,Photovoltaics
1211,11,0.11280739276548186,0.11500341834801668,2,Photovoltaics
1212,12,0.11280739276548186,0.11500341834801668,2,Photovoltaics
1213,13,0.11280739276548186,0.11500341834801668,2,Photovoltaics
1214,14,0.11280739276548186,0.11500341834801668,2,Photovoltaics
1215,15,0.11280739276548186,0.11500341834801668,2,Photovoltaics
1216,16,0.11288843693253521,0.11478460732913871,2,Photovoltaics
1217,17,0.11293178636700278,0.11419831171496986,2,Photovoltaics
1218,18,0.11293178636700278,0.11419831171496986,2,Photovoltaics
1219,19,0.11320653523660766,0.11419831171496986,2,Photovoltaics
1220,20,0.11320653523660766,0.11419831171496986,2,Photovoltaics
1221,21,0.11320653523660766,0.11419831171496986,2,Photovoltaics
1222,22,0.11320653523660766,0.11419831171496986,2,Photovoltaics
1223,23,0.11320653523660766,0.11419831171496986,2,Photovoltaics
1224,24,0.11320653523660766,0.11419831171496986,2,Photovoltaics
1225,25,0.11320653523660766,0.11419831171496986,2,Photovoltaics
1226,26,0.11320653523660766,0.11419831171496986,2,Photovoltaics
1227,27,0.11320653523660766,0.11419831171496986,2,Photovoltaics
1228,28,0.11320653523660766,0.11419831171496986,2,Photovoltaics
1229,29,0.11320653523660766,0.11419831171496986,2,Photovoltaics
1230,30,0.11320653523660766,0.11419831171496986,2,Photovoltaics
1231,31,0.11320653523660766,0.11419831171496986,2,Photovoltaics
1232,32,0.11320653523660766,0.11419831171496986,2,Photovoltaics
1233,33,0.11320653523660766,0.11419831171496986,2,Photovoltaics
1234,34,0.11320653523660766,0.11419831171496986,2,Photovoltaics
1235,35,0.11320653523660766,0.11419831171496986,2,Photovoltaics
1236,36,0.11320653523660766,0.11419831171496986,2,Photovoltaics
1237,37,0.11320653523660766,0.11419831171496986,2,Photovoltaics
1238,38,0.11320653523660766,0.11419831171496986,2,Photovoltaics
1239,39,0.11320653523660766,0.11419831171496986,2,Photovoltaics
1240,40,0.11320653523660766,0.11419831171496986,2,Photovoltaics
1241,41,0.11320653523660766,0.11419831171496986,2,Photovoltaics
1242,42,0.11320653523660766,0.11370448146365435,2,Photovoltaics
1243,43,0.11320653523660766,0.11370448146365435,2,Photovoltaics
1244,44,0.11320653523660766,0.11370448146365435,2,Photovoltaics
1245,45,0.11320653523660766,0.11370448146365435,2,Photovoltaics
1246,46,0.11320653523660766,0.11370448146365435,2,Photovoltaics
1247,47,0.11320653523660766,0.11370448146365435,2,Photovoltaics
1248,48,0.11320653523660766,0.11370448146365435,2,Photovoltaics
1249,49,0.11320653523660766,0.11370448146365435,2,Photovoltaics
1250,50,0.11320653523660766,0.11370448146365435,2,Photovoltaics
1251,51,0.11320653523660766,0.11370448146365435,2,Photovoltaics
1252,52,0.11320653523660766,0.11370448146365435,2,Photovoltaics
1253,53,0.11320653523660766,0.11370448146365435,2,Photovoltaics
1254,54,0.11320653523660766,0.11370448146365435,2,Photovoltaics
1255,55,0.11320653523660766,0.11370448146365435,2,Photovoltaics
1256,56,0.11320653523660766,0.11370448146365435,2,Photovoltaics
1257,57,0.11320653523660766,0.11370448146365435,2,Photovoltaics
1258,58,0.11320653523660766,0.11370448146365435,2,Photovoltaics
1259,59,0.1134174342911038,0.11370448146365435,2,Photovoltaics
1260,60,0.11382898204512475,0.11370448146365435,2,Photovoltaics
1261,61,0.11382898204512475,0.11370448146365435,2,Photovoltaics
1262,62,0.11424276397539346,0.11370448146365435,2,Photovoltaics
1263,63,0.11446238378030027,0.11370448146365435,2,Photovoltaics
1264,64,0.11446238378030027,0.11370448146365435,2,Photovoltaics
1265,65,0.11446238378030027,0.11370448146365435,2,Photovoltaics
1266,66,0.11446238378030027,0.11370448146365435,2,Photovoltaics
1267,67,0.1145547712045651,0.11370448146365435,2,Photovoltaics
1268,68,0.1145547712045651,0.11370448146365435,2,Photovoltaics
1269,69,0.1145547712045651,0.11370448146365435,2,Photovoltaics
1270,70,0.1145547712045651,0.11370448146365435,2,Photovoltaics
1271,71,0.1145547712045651,0.11370448146365435,2,Photovoltaics
1272,72,0.1145547712045651,0.11370448146365435,2,Photovoltaics
1273,73,0.1145547712045651,0.11370448146365435,2,Photovoltaics
1274,74,0.1145547712045651,0.11370448146365435,2,Photovoltaics
1275,75,0.1145547712045651,0.11370448146365435,2,Photovoltaics
1276,76,0.1145547712045651,0.11370448146365435,2,Photovoltaics
1277,77,0.1145547712045651,0.11370448146365435,2,Photovoltaics
1278,78,0.1145547712045651,0.11370448146365435,2,Photovoltaics
1279,79,0.11456801836861226,0.11370448146365435,2,Photovoltaics
1280,80,0.11456801836861226,0.11370448146365435,2,Photovoltaics
1281,81,0.11456801836861226,0.11370448146365435,2,Photovoltaics
1282,82,0.11457001212758777,0.11370448146365435,2,Photovoltaics
1283,83,0.11457001212758777,0.11370448146365435,2,Photovoltaics
1284,84,0.11457001212758777,0.11370448146365435,2,Photovoltaics
1285,85,0.11457001212758777,0.11370448146365435,2,Photovoltaics
1286,86,0.11457001212758777,0.11370448146365435,2,Photovoltaics
1287,87,0.11457001212758777,0.11370448146365435,2,Photovoltaics
1288,88,0.11459573576044935,0.11370448146365435,2,Photovoltaics
1289,89,0.11459573576044935,0.11370448146365435,2,Photovoltaics
1290,90,0.11459573576044935,0.11370448146365435,2,Photovoltaics
1291,91,0.11459573576044935,0.11370448146365435,2,Photovoltaics
1292,92,0.11459573576044935,0.11370448146365435,2,Photovoltaics
1293,93,0.11459573576044935,0.11370448146365435,2,Photovoltaics
1294,94,0.11459573576044935,0.11370448146365435,2,Photovoltaics
1295,95,0.11459573576044935,0.11370448146365435,2,Photovoltaics
1296,96,0.11459573576044935,0.11370448146365435,2,Photovoltaics
1297,97,0.11459573576044935,0.11370448146365435,2,Photovoltaics
1298,98,0.11459573576044935,0.11370448146365435,2,Photovoltaics
1299,99,0.11459573576044935,0.11370448146365435,2,Photovoltaics
1300,0,0.0963727438525513,0.15944254688681894,3,Photovoltaics
1301,1,0.09641155278047797,0.15944254688681894,3,Photovoltaics
1302,2,0.09641155278047797,0.15944254688681894,3,Photovoltaics
1303,3,0.09641155278047797,0.15944254688681894,3,Photovoltaics
1304,4,0.09641155278047797,0.15944254688681894,3,Photovoltaics
1305,5,0.09641155278047797,0.15944254688681894,3,Photovoltaics
1306,6,0.09789241523996066,0.15521777517163707,3,Photovoltaics
1307,7,0.09789241523996066,0.15521777517163707,3,Photovoltaics
1308,8,0.09789241523996066,0.15521777517163707,3,Photovoltaics
1309,9,0.09789241523996066,0.15521777517163707,3,Photovoltaics
1310,10,0.09799811300789296,0.15521777517163707,3,Photovoltaics
1311,11,0.10263878636913908,0.1473229060847667,3,Photovoltaics
1312,12,0.10263878636913908,0.1395563863372907,3,Photovoltaics
1313,13,0.10263878636913908,0.1395563863372907,3,Photovoltaics
1314,14,0.10263878636913908,0.1395563863372907,3,Photovoltaics
1315,15,0.10379841145612245,0.1395563863372907,3,Photovoltaics
1316,16,0.10406559792461552,0.1395563863372907,3,Photovoltaics
1317,17,0.10406559792461552,0.1395563863372907,3,Photovoltaics
1318,18,0.10684566665804152,0.13341143145641468,3,Photovoltaics
1319,19,0.1085010649250893,0.12978994755612638,3,Photovoltaics
1320,20,0.1085010649250893,0.12978994755612638,3,Photovoltaics
1321,21,0.1085010649250893,0.12978994755612638,3,Photovoltaics
1322,22,0.1085010649250893,0.12978994755612638,3,Photovoltaics
1323,23,0.1085010649250893,0.12978994755612638,3,Photovoltaics
1324,24,0.1085010649250893,0.12973938202232793,3,Photovoltaics
1325,25,0.1085010649250893,0.12973938202232793,3,Photovoltaics
1326,26,0.10946144624055709,0.12973938202232793,3,Photovoltaics
1327,27,0.10946144624055709,0.12973938202232793,3,Photovoltaics
1328,28,0.1098204452473281,0.12882346661100277,3,Photovoltaics
1329,29,0.1098204452473281,0.12882346661100277,3,Photovoltaics
1330,30,0.1098521927022758,0.12842140661288215,3,Photovoltaics
1331,31,0.1098521927022758,0.12842140661288215,3,Photovoltaics
1332,32,0.11166072975387457,0.12424678818926005,3,Photovoltaics
1333,33,0.11166072975387457,0.12424678818926005,3,Photovoltaics
1334,34,0.11166072975387457,0.12424678818926005,3,Photovoltaics
1335,35,0.11166072975387457,0.12424678818926005,3,Photovoltaics
1336,36,0.11166072975387457,0.12424678818926005,3,Photovoltaics
1337,37,0.11265586519880603,0.12202728985659717,3,Photovoltaics
1338,38,0.11265586519880603,0.12202728985659717,3,Photovoltaics
1339,39,0.11265586519880603,0.12202728985659717,3,Photovoltaics
1340,40,0.11265586519880603,0.12202728985659717,3,Photovoltaics
1341,41,0.11265586519880603,0.12202728985659717,3,Photovoltaics
1342,42,0.11265586519880603,0.12202728985659717,3,Photovoltaics
1343,43,0.11265586519880603,0.12202728985659717,3,Photovoltaics
1344,44,0.11265586519880603,0.12202728985659717,3,Photovoltaics
1345,45,0.11265586519880603,0.12202728985659717,3,Photovoltaics
1346,46,0.11265586519880603,0.12202728985659717,3,Photovoltaics
1347,47,0.11265586519880603,0.12202728985659717,3,Photovoltaics
1348,48,0.11265586519880603,0.12202728985659717,3,Photovoltaics
1349,49,0.11265586519880603,0.12202728985659717,3,Photovoltaics
1350,50,0.11265586519880603,0.12202728985659717,3,Photovoltaics
1351,51,0.11265586539579812,0.12202728943743439,3,Photovoltaics
1352,52,0.11265586539579812,0.12202728943743439,3,Photovoltaics
1353,53,0.11265586539579812,0.12202728943743439,3,Photovoltaics
1354,54,0.11265586539579812,0.12202728943743439,3,Photovoltaics
1355,55,0.11265586539579812,0.12202728943743439,3,Photovoltaics
1356,56,0.11265586539579812,0.12202728943743439,3,Photovoltaics
1357,57,0.11265586539579812,0.12202728943743439,3,Photovoltaics
1358,58,0.11265586539579812,0.12202728943743439,3,Photovoltaics
1359,59,0.11265587093032665,0.12202726898315996,3,Photovoltaics
1360,60,0.11265587093032665,0.12202726898315996,3,Photovoltaics
1361,61,0.11265587093032665,0.12202726898315996,3,Photovoltaics
1362,62,0.11265587093032665,0.12202726898315996,3,Photovoltaics
1363,63,0.11265587093032665,0.12202726898315996,3,Photovoltaics
1364,64,0.11268564912270236,0.12193931449360706,3,Photovoltaics
1365,65,0.11268564912270236,0.12193931449360706,3,Photovoltaics
1366,66,0.11268564912270236,0.12193931449360706,3,Photovoltaics
1367,67,0.11268564912270236,0.12193931449360706,3,Photovoltaics
1368,68,0.11268564912270236,0.12193931449360706,3,Photovoltaics
1369,69,0.11268564912270236,0.12193931449360706,3,Photovoltaics
1370,70,0.11268564912270236,0.12193931449360706,3,Photovoltaics
1371,71,0.11268564912270236,0.12193931449360706,3,Photovoltaics
1372,72,0.11268564912270236,0.12193931449360706,3,Photovoltaics
1373,73,0.11268564912270236,0.12193931449360706,3,Photovoltaics
1374,74,0.11268564912270236,0.12193931449360706,3,Photovoltaics
1375,75,0.11268564912270236,0.12193931449360706,3,Photovoltaics
1376,76,0.11268564912270236,0.12193931449360706,3,Photovoltaics
1377,77,0.11268564912270236,0.12193931449360706,3,Photovoltaics
1378,78,0.11268564912270236,0.12193931449360706,3,Photovoltaics
1379,79,0.11268564912270236,0.12193931449360706,3,Photovoltaics
1380,80,0.11268564912270236,0.12193931449360706,3,Photovoltaics
1381,81,0.11268564912270236,0.12193931449360706,3,Photovoltaics
1382,82,0.11268564912270236,0.12193931449360706,3,Photovoltaics
1383,83,0.11268564912270236,0.12193931449360706,3,Photovoltaics
1384,84,0.11268564912270236,0.12193931449360706,3,Photovoltaics
1385,85,0.11268564912270236,0.12193931449360706,3,Photovoltaics
1386,86,0.11268564912270236,0.12193931449360706,3,Photovoltaics
1387,87,0.11268564912270236,0.12193931449360706,3,Photovoltaics
1388,88,0.11268564912270236,0.12193931449360706,3,Photovoltaics
1389,89,0.11268564912270236,0.12193931449360706,3,Photovoltaics
1390,90,0.11268564912270236,0.12193931449360706,3,Photovoltaics
1391,91,0.11268564912270236,0.12193931449360706,3,Photovoltaics
1392,92,0.11268564912270236,0.12193931449360706,3,Photovoltaics
1393,93,0.11268565635027905,0.12193928614064331,3,Photovoltaics
1394,94,0.11268565635027905,0.12193928614064331,3,Photovoltaics
1395,95,0.11268565635027905,0.12193928614064331,3,Photovoltaics
1396,96,0.11268565635027905,0.12193928614064331,3,Photovoltaics
1397,97,0.11268565635027905,0.12193928614064331,3,Photovoltaics
1398,98,0.11268565635027905,0.12193928614064331,3,Photovoltaics
1399,99,0.11268565635027905,0.12193928614064331,3,Photovoltaics
1400,0,0.1102351117687429,0.1269518621186876,4,Photovoltaics
1401,1,0.11245014432614364,0.12092281385234434,4,Photovoltaics
1402,2,0.11245014432614364,0.12092281385234434,4,Photovoltaics
1403,3,0.11245014432614364,0.12092281385234434,4,Photovoltaics
1404,4,0.11245014432614364,0.12092281385234434,4,Photovoltaics
1405,5,0.11385260254947416,0.11540863949231661,4,Photovoltaics
1406,6,0.11385260254947416,0.11540863949231661,4,Photovoltaics
1407,7,0.11611010202464833,0.11135018491414302,4,Photovoltaics
1408,8,0.11611010202464833,0.11135018491414302,4,Photovoltaics
1409,9,0.11611010202464833,0.11135018491414302,4,Photovoltaics
1410,10,0.11611010202464833,0.11135018491414302,4,Photovoltaics
1411,11,0.11611010202464833,0.11135018491414302,4,Photovoltaics
1412,12,0.11611010202464833,0.11135018491414302,4,Photovoltaics
1413,13,0.11611010202464833,0.11135018491414302,4,Photovoltaics
1414,14,0.11611010202464833,0.11135018491414302,4,Photovoltaics
1415,15,0.11611010202464833,0.11135018491414302,4,Photovoltaics
1416,16,0.11611010202464833,0.11135018491414302,4,Photovoltaics
1417,17,0.11611010202464833,0.11135018491414302,4,Photovoltaics
1418,18,0.11611010202464833,0.11135018491414302,4,Photovoltaics
1419,19,0.11611010202464833,0.11135018491414302,4,Photovoltaics
1420,20,0.11611010202464833,0.11135018491414302,4,Photovoltaics
1421,21,0.11611010202464833,0.11135018491414302,4,Photovoltaics
1422,22,0.11611010202464833,0.11135018491414302,4,Photovoltaics
1423,23,0.11611010202464833,0.11135018491414302,4,Photovoltaics
1424,24,0.11611010202464833,0.11135018491414302,4,Photovoltaics
1425,25,0.11611010202464833,0.11135018491414302,4,Photovoltaics
1426,26,0.11618724252179857,0.1112312551235181,4,Photovoltaics
1427,27,0.11618724252179857,0.1112312551235181,4,Photovoltaics
1428,28,0.11618724252179857,0.1112312551235181,4,Photovoltaics
1429,29,0.11618724252179857,0.1112312551235181,4,Photovoltaics
1430,30,0.11618738108393893,0.1112312551235181,4,Photovoltaics
1431,31,0.11618738108393893,0.1112312551235181,4,Photovoltaics
1432,32,0.11618738108393893,0.1112312551235181,4,Photovoltaics
1433,33,0.11618738108393893,0.1112312551235181,4,Photovoltaics
1434,34,0.1167320779849554,0.110977308543509,4,Photovoltaics
1435,35,0.1167320779849554,0.110977308543509,4,Photovoltaics
1436,36,0.1167320779849554,0.110977308543509,4,Photovoltaics
1437,37,0.1167320779849554,0.11085331050254417,4,Photovoltaics
1438,38,0.1167320779849554,0.11085331050254417,4,Photovoltaics
1439,39,0.1167320779849554,0.11085331050254417,4,Photovoltaics
1440,40,0.1167320779849554,0.11085331050254417,4,Photovoltaics
1441,41,0.1167320779849554,0.11085331050254417,4,Photovoltaics
1442,42,0.1167320779849554,0.11085331050254417,4,Photovoltaics
1443,43,0.1167320779849554,0.11085331050254417,4,Photovoltaics
1444,44,0.1167320779849554,0.11085331050254417,4,Photovoltaics
1445,45,0.1167320779849554,0.11085331050254417,4,Photovoltaics
1446,46,0.1167320779849554,0.11085331050254417,4,Photovoltaics
1447,47,0.1167320779849554,0.11085331050254417,4,Photovoltaics
1448,48,0.1167320779849554,0.11085331050254417,4,Photovoltaics
1449,49,0.1167320779849554,0.11085331050254417,4,Photovoltaics
1450,50,0.1167320779849554,0.11085331050254417,4,Photovoltaics
1451,51,0.1167320779849554,0.11085331050254417,4,Photovoltaics
1452,52,0.1167320779849554,0.11085331050254417,4,Photovoltaics
1453,53,0.1167320779849554,0.11085331050254417,4,Photovoltaics
1454,54,0.1167320779849554,0.11085331050254417,4,Photovoltaics
1455,55,0.1167320779849554,0.11085331050254417,4,Photovoltaics
1456,56,0.1167320779849554,0.11085331050254417,4,Photovoltaics
1457,57,0.1167320779849554,0.11085331050254417,4,Photovoltaics
1458,58,0.1167320779849554,0.11085331050254417,4,Photovoltaics
1459,59,0.1167320779849554,0.11085331050254417,4,Photovoltaics
1460,60,0.1167320779849554,0.11085331050254417,4,Photovoltaics
1461,61,0.1167320779849554,0.11085331050254417,4,Photovoltaics
1462,62,0.1167320779849554,0.11085331050254417,4,Photovoltaics
1463,63,0.1167320779849554,0.11085331050254417,4,Photovoltaics
1464,64,0.1167320779849554,0.11085331050254417,4,Photovoltaics
1465,65,0.1167320779849554,0.11085331050254417,4,Photovoltaics
1466,66,0.1167320779849554,0.11085331050254417,4,Photovoltaics
1467,67,0.1167320779849554,0.11085331050254417,4,Photovoltaics
1468,68,0.1167320779849554,0.11085331050254417,4,Photovoltaics
1469,69,0.1167320779849554,0.11085331050254417,4,Photovoltaics
1470,70,0.1167320779849554,0.11085331050254417,4,Photovoltaics
1471,71,0.1167320779849554,0.11085331050254417,4,Photovoltaics
1472,72,0.1167320779849554,0.11085331050254417,4,Photovoltaics
1473,73,0.1167320779849554,0.11085331050254417,4,Photovoltaics
1474,74,0.11674402553337648,0.11085331050254417,4,Photovoltaics
1475,75,0.11674402553337648,0.11085331050254417,4,Photovoltaics
1476,76,0.11674402553337648,0.11083993905347218,4,Photovoltaics
1477,77,0.11674402553337648,0.11083993905347218,4,Photovoltaics
1478,78,0.11674402553337648,0.11083993905347218,4,Photovoltaics
1479,79,0.11674402553337648,0.11083993905347218,4,Photovoltaics
1480,80,0.11674402553337648,0.11083993905347218,4,Photovoltaics
1481,81,0.11674402553337648,0.11083993905347218,4,Photovoltaics
1482,82,0.11674402553337648,0.11040083216652286,4,Photovoltaics
1483,83,0.11674402553337648,0.11040083216652286,4,Photovoltaics
1484,84,0.11674402553337648,0.11040083216652286,4,Photovoltaics
1485,85,0.11674402553337648,0.11040083216652286,4,Photovoltaics
1486,86,0.11674402553337648,0.11040083216652286,4,Photovoltaics
1487,87,0.11674402553337648,0.11040083216652286,4,Photovoltaics
1488,88,0.11674402553337648,0.11040083216652286,4,Photovoltaics
1489,89,0.11674402553337648,0.11040083216652286,4,Photovoltaics
1490,90,0.11674402553337648,0.11040083216652286,4,Photovoltaics
1491,91,0.11674402553337648,0.11040083216652286,4,Photovoltaics
1492,92,0.11674402553337648,0.11040083216652286,4,Photovoltaics
1493,93,0.11674402553337648,0.11040083216652286,4,Photovoltaics
1494,94,0.11674402553337648,0.11040083216652286,4,Photovoltaics
1495,95,0.11675740283706741,0.11040083216652286,4,Photovoltaics
1496,96,0.11675740283706741,0.11040083216652286,4,Photovoltaics
1497,97,0.11675740283706741,0.11040083216652286,4,Photovoltaics
1498,98,0.11675740283706741,0.11040083216652286,4,Photovoltaics
1499,99,0.11675740283706741,0.11040083216652286,4,Photovoltaics
