problem_name,dim,disp.ratio_mean_02,disp.ratio_mean_05,disp.ratio_mean_10,disp.ratio_mean_25,disp.ratio_median_02,disp.ratio_median_05,disp.ratio_median_10,disp.ratio_median_25,disp.diff_mean_02,disp.diff_mean_05,disp.diff_mean_10,disp.diff_mean_25,disp.diff_median_02,disp.diff_median_05,disp.diff_median_10,disp.diff_median_25,ela_distr.skewness,ela_distr.kurtosis,ela_distr.number_of_peaks,ela_level.mmce_lda_10,ela_level.mmce_qda_10,ela_level.lda_qda_10,ela_level.mmce_lda_25,ela_level.mmce_qda_25,ela_level.lda_qda_25,ela_level.mmce_lda_50,ela_level.mmce_qda_50,ela_level.lda_qda_50,ela_meta.lin_simple.adj_r2,ela_meta.lin_simple.intercept,ela_meta.lin_simple.coef.min,ela_meta.lin_simple.coef.max,ela_meta.lin_simple.coef.max_by_min,ela_meta.lin_w_interact.adj_r2,ela_meta.quad_simple.adj_r2,ela_meta.quad_simple.cond,ela_meta.quad_w_interact.adj_r2,ic.h_max,ic.eps_s,ic.eps_max,ic.eps_ratio,ic.m0,nbc.nn_nb.sd_ratio,nbc.nn_nb.mean_ratio,nbc.nn_nb.cor,nbc.dist_ratio.coeff_var,nbc.nb_fitness.cor,pca.expl_var.cov_x,pca.expl_var.cor_x,pca.expl_var.cov_init,pca.expl_var.cor_init,pca.expl_var_PC1.cov_x,pca.expl_var_PC1.cor_x,pca.expl_var_PC1.cov_init,pca.expl_var_PC1.cor_init
ellipsometry,2,0.33322352404020544,0.216459093858568,0.20621920101431007,0.4409678383000781,0.37768812982209365,0.27376568778492,0.21091665388112912,0.4211604221350901,-22.444474894041807,-26.374901980505012,-26.719588732583055,-18.81767544389552,-18.481600655618063,-21.567919854926576,-23.4344289187328,-17.190547753343502,-0.09064148653028758,-1.5181278317184441,2,0.1,0.04,2.5,0.09,0.07999999999999999,1.1250000000000002,0.07,0.05,1.4000000000000001,0.8585301553878666,-12.505002348955928,0.11158540614775202,5.374884426293781,48.168345770743635,0.8653698695491336,0.8830414501438857,247.90732167043018,0.9920532065298772,0.831896290187204,1.0460460460460457,1.8418966807997108,0.46546546546546536,0.7346938775510204,0.09204819728795506,0.43071176453903304,0.0709742012582867,0.45933671477924987,-0.44301171657287575,0.5,1.0,0.3333333333333333,0.6666666666666666,0.9996492485467816,0.5895345588710477,0.9858595008025179,0.7003221255497424
ellipsometry,2,0.19840640100199924,0.267053128798847,0.3043852908107608,0.44811944534076514,0.22559150958911017,0.2783401217893759,0.31737539356350836,0.4384741552878518,-27.028201876073506,-24.713565607340406,-23.454796559546644,-18.60835598170292,-22.964973477787773,-21.400720896405975,-20.24313547205771,-16.65196894221128,0.08528511573983466,-1.321705434546037,2,0.10000000000000002,0.05,2.0000000000000004,0.05,0.030000000000000006,1.6666666666666665,0.06999999999999999,0.04,1.7499999999999998,0.8547889086352303,-14.257207837301916,0.11784853084960949,5.712697961703914,48.47491878362134,0.8585013080039666,0.8978322744038796,856.9074655299548,0.9930518631981652,0.8717717244159315,0.9659659659659656,1.3653704040138992,0.4854854854854853,0.6428571428571429,0.1406771077882063,0.43676071199681116,0.14513497489326288,0.4729321065687878,-0.4519159358376234,0.5,1.0,0.3333333333333333,0.6666666666666666,0.9996429561981458,0.5465264508941434,0.9847267553913576,0.6123851910790392
ellipsometry,2,0.032255448082133514,0.17542637355928614,0.26799913522835733,0.5069883371894728,0.03659051898957342,0.1677167480247257,0.26709342149806564,0.5160968770287884,-32.605372405346294,-27.781639392797302,-24.662666144299383,-16.61061158573233,-28.61368920808242,-24.719182003622933,-21.767650691810502,-14.372137539062567,-0.04504388452746463,-1.573557651944798,2,0.1,0.030000000000000006,3.333333333333333,0.09,0.06,1.5,0.02,0.04,0.5,0.8806389260577523,-14.87164894030232,0.12561217093621158,5.757089646559054,45.832259753576125,0.8869042946092722,0.9006971918565697,422.07967996798004,0.9928672124092857,0.8146865955226013,0.9059059059059056,2.1150728248687947,0.4254254254254253,0.6428571428571429,0.1355160181416616,0.4866535369158276,0.2287372326272117,0.4392020535811635,-0.42934718234629354,0.5,1.0,0.3333333333333333,0.6666666666666666,0.9996422807736286,0.5470723770846242,0.9845927076854002,0.6768488332383789
ellipsometry,2,0.12432343749261847,0.12572485447091694,0.25083565618133363,0.5696679834457017,0.1412184415040066,0.1489418513220433,0.23925691283338182,0.5509075051833467,-29.464400797768317,-29.4172465021056,-25.20757027739248,-14.479632725993888,-25.438892070968276,-25.210108643055612,-22.534789081939863,-13.303051739409263,-0.11610069993474562,-1.2548710591669958,3,0.13,0.04,3.25,0.06999999999999999,0.06999999999999999,1.0,0.08,0.05,1.5999999999999999,0.8309388061282741,-12.42367882563381,0.10812527723104204,5.398624724345913,49.929349201206065,0.8358123755596367,0.8557676519254607,901.4419820806198,0.9896442466068932,0.8886064320770735,1.0060060060060056,2.0197857568198785,0.6056056056056054,0.5612244897959183,0.16033362219741143,0.4670385286133019,0.2462334636499076,0.4541515917408875,-0.5433576207578975,0.5,1.0,0.3333333333333333,0.6666666666666666,0.9996391662812287,0.5331480544066802,0.9850403100640533,0.6589635769650535
ellipsometry,2,0.05107941100042215,0.16998426781847173,0.23811153064855914,0.46062890588317595,0.058064043234466824,0.18797917969331868,0.2483189122957797,0.4133534928030784,-31.908719024692115,-27.910384800667728,-25.619514824015155,-18.13707162825841,-27.86374469616012,-24.020678542398965,-22.235747314120086,-17.35380031521397,0.07171849680096513,-1.4412179630566957,2,0.12000000000000002,0.030000000000000006,4.0,0.04,0.04,1.0,0.06,0.06,1.0,0.8530936350047905,-12.962128605819112,0.10423690817207287,5.79845282593975,55.62763638737003,0.8610538844729758,0.8682360701423505,627.1436519904854,0.9910212789524487,0.8249702825253762,0.9659659659659656,1.60400310705682,0.46546546546546536,0.5918367346938775,0.155777356525973,0.4862818001537579,0.24226505012168353,0.43708990991167596,-0.4667382910568673,0.5,1.0,0.3333333333333333,0.6666666666666666,0.9996475577747748,0.5824921638065491,0.9840328251295634,0.6948010564092241
ellipsometry,2,0.31658413838600924,0.1488004282957552,0.2626989607557886,0.44638258428260486,0.35954076943382873,0.14743771108823095,0.2548925933603151,0.42657413990648,-23.04129190010986,-28.698101549132222,-24.858024839165438,-18.665151327339096,-19.013158526980398,-25.30981080384311,-22.119823660819076,-17.0231550442175,-0.05501089692089229,-1.4221983944128331,2,0.12000000000000002,0.05,2.4000000000000004,0.05,0.06,0.8333333333333334,0.06999999999999999,0.06999999999999999,1.0,0.8633587406095276,-12.457335235433494,0.10982971673910306,5.425555927132565,49.39970791348572,0.870452724128017,0.8868051943947742,383.5731301238914,0.990638458645539,0.8841095302079354,0.9459459459459456,1.1890234632329348,0.46546546546546536,0.6020408163265306,0.09669403988614661,0.40568378822484363,0.19867897308288943,0.4706689947084654,-0.4321108744239574,0.5,1.0,0.3333333333333333,0.6666666666666666,0.9996472803426386,0.5712517534655255,0.9859091716089404,0.6894645579425613
ellipsometry,2,0.14146656050821962,0.08834829575795754,0.2104355555344561,0.44945445384199534,0.16046044788295274,0.09102822355072004,0.20513469399552128,0.42102726503304255,-28.909944615605905,-30.69862985646992,-26.587507614686288,-18.53887165678513,-24.923957388567732,-26.985237046311333,-23.59768395252977,-17.188340607741992,-0.02323546671347453,-1.3831122269370888,2,0.12000000000000002,0.030000000000000006,4.0,0.06000000000000001,0.030000000000000006,2.0,0.06999999999999999,0.05,1.3999999999999997,0.8587310302013788,-15.518861453482,0.12117261809742348,6.21145893245959,51.2612422673375,0.872612088984249,0.9018426633750174,380.95910811541563,0.9932338950830175,0.9340339325659556,1.0060060060060056,1.679674872092653,0.5255255255255254,0.6326530612244898,0.11621965663456513,0.43613184553278334,0.01680891368637153,0.4626988932396724,-0.4513204674828044,0.5,1.0,0.3333333333333333,0.6666666666666666,0.9996456250651696,0.5705006053369087,0.9827083023504133,0.5975857441919189
ellipsometry,2,0.3724552943172704,0.25331539743436066,0.22098310725007575,0.46106965146399564,0.4227929607080095,0.30429386091793154,0.25839620350416964,0.43052898021227815,-21.11031492637615,-25.118126195786758,-26.20576954916135,-18.12936875724138,-17.1051964045834,-20.616848615481405,-21.976999118038822,-16.875943945755946,-0.00862674855308135,-1.4307677106336472,2,0.13000000000000003,0.05,2.6000000000000005,0.1,0.06000000000000001,1.6666666666666665,0.07,0.04,1.7500000000000002,0.8232061237010442,-10.975285933000277,0.09998549459443742,5.155510368662755,51.56258304841727,0.8310438347727971,0.8399644063151019,1319.637832126438,0.9889824936882021,0.8886844305417645,0.9459459459459456,1.7192957312101929,0.5255255255255254,0.6530612244897959,0.1033868874479211,0.40040756051580983,-0.01159643470006655,0.48191318069754135,-0.455194559560806,0.5,1.0,0.3333333333333333,0.6666666666666666,0.999654710370795,0.6065617341875227,0.9861019223830649,0.7045629163542434
ellipsometry,2,0.09320196086231838,0.10649297236897182,0.188885437370315,0.40086542763289224,0.10600744867140172,0.09783643621617114,0.1757667615049712,0.36350763422444515,-30.541240449027043,-30.09359504099164,-27.318591152378247,-20.1790390431254,-26.47272616957251,-26.714684533693127,-24.407027541909283,-18.84768288411201,-0.12275667094365442,-1.3489625107585936,2,0.13000000000000003,0.02,6.500000000000002,0.05,0.030000000000000006,1.6666666666666665,0.08,0.08,1.0,0.8304599654831486,-12.93524071470817,0.11138043421833255,5.5021745256452235,49.39983008918454,0.834058225713502,0.8545088842832461,967.9986375653216,0.9925175796768834,0.8493084487119149,0.9659659659659656,0.880937190447399,0.5255255255255254,0.6326530612244898,0.14167805071223924,0.4548335474271662,0.15782022642689245,0.4657186138019811,-0.4771015888165173,0.5,1.0,0.3333333333333333,0.6666666666666666,0.9996402181292946,0.5380842687779429,0.9844382328110118,0.6620196118042971
ellipsometry,2,0.023817583240418144,0.22572795817504998,0.3027464431313259,0.4421971929586811,0.02705135740249383,0.2385246371377999,0.2875900846903609,0.4100830933388556,-32.86248468802931,-26.065315951197046,-23.47254359726293,-18.778033583296647,-28.838187544915,-22.570121755271995,-21.115822405289457,-17.485130915844092,-0.18463168250455783,-1.4770811229115026,2,0.13,0.06,2.166666666666667,0.05,0.06,0.8333333333333334,0.030000000000000006,0.02,1.5000000000000002,0.8909009796892883,-13.01073099973474,0.11189710980018235,5.689649184303071,50.84715051589115,0.8936486172002865,0.9117138116743162,152.6967168527277,0.9943463374005148,0.8681633599204546,0.8858858858858856,1.679674872092653,0.5055055055055053,0.5510204081632653,0.10592062439297757,0.42593746313480607,0.24039946778367044,0.45604604834932155,-0.46880441044238225,0.5,1.0,0.3333333333333333,0.6666666666666666,0.9996443330645568,0.5686860779644523,0.9855158547515717,0.6929494792461152
ellipsometry,2,0.002581744400545072,0.07440932347253178,0.18676232757503816,0.6921316277448128,0.002938824896324634,0.07867672726494698,0.17066636572413937,0.6194816411150372,-33.5606342046905,-31.143815489461897,-27.36341739536833,-10.359002120168803,-29.47231059219036,-27.233560314929864,-24.514422047761144,-11.247810604923075,-0.2173102192536356,-1.0748731578158346,1,0.13,0.030000000000000006,4.333333333333333,0.02,0.030000000000000006,0.6666666666666665,0.09,0.06999999999999999,1.2857142857142858,0.8321955117819323,-15.032359988031885,0.11791475323811547,6.2587651649429015,53.07872842937673,0.8685332579386233,0.8565419092180387,1343.7133301343626,0.9902657430917564,0.894676947623575,1.0060060060060056,1.5317404637020797,0.5255255255255254,0.5816326530612245,0.09958431104588217,0.43619033709726196,0.08462737163701992,0.44390496976270555,-0.5174050800523154,0.5,1.0,0.3333333333333333,0.6666666666666666,0.9996510415859059,0.5935281180740007,0.9821458920926244,0.5786560487421958
ellipsometry,2,0.22941193445210095,0.1414441741466826,0.21263084562299717,0.6055023819951447,0.2595053960315543,0.1302805158234147,0.20819710582372974,0.5786706668627586,-25.929244625919175,-28.88924060578377,-26.493905534636646,-13.274310489505606,-22.02719004313228,-25.87118968795209,-23.55343676139208,-12.533111304286667,-0.03739542083878316,-1.308326822786268,2,0.13,0.030000000000000006,4.333333333333333,0.0,0.02,0.0,0.06999999999999999,0.05,1.3999999999999997,0.8719309243486618,-14.640177961223547,0.11348235461829638,6.228080549452379,54.881488583849375,0.8740525934643033,0.9006375681504172,65.13006361449929,0.9903155034018578,0.8619017395922369,0.9259259259259256,2.0197857568198785,0.5055055055055053,0.6632653061224489,0.1377901445810093,0.45571416760753664,0.05264324272730572,0.46650359357910104,-0.5264784590059524,0.5,1.0,0.3333333333333333,0.6666666666666666,0.9996403796064883,0.5084201143987548,0.9826512458628424,0.6396271589390807
ellipsometry,2,0.08465858993668487,0.3347431849579621,0.3330217826384351,0.6068852616298683,0.09620494071054551,0.2652796870200587,0.3493733058819554,0.5960103451648419,-30.84458507996177,-22.417395526953346,-22.475402233213714,-13.246927168962788,-26.800286666945116,-21.786703529194448,-19.293070631785717,-11.979528377345243,0.17312755948892444,-1.3237751547416032,2,0.09,0.09000000000000001,0.9999999999999999,0.09,0.11000000000000001,0.818181818181818,0.1,0.1,1.0,0.8587261873569354,-13.925825775216403,0.12031563930740176,5.455150734178381,45.340329533059986,0.8672907427502906,0.9034167517233997,96.68731485968634,0.9922042349985628,0.9055191382029064,0.9059059059059056,1.8418966807997108,0.4454454454454453,0.673469387755102,0.08775448155122625,0.422780954951966,0.10800874295989196,0.44684048008423377,-0.5072516378172538,0.5,1.0,0.3333333333333333,0.6666666666666666,0.9996438405890068,0.5558533908991352,0.9859755074526354,0.6075684418511283
ellipsometry,2,0.07388608995867398,0.28071508741979,0.25493311284515746,0.45673786903155694,0.08395057894022685,0.3450296198423964,0.2821187919452369,0.4490521734639825,-31.20780791919091,-24.238168920250374,-25.1069593590709,-18.30662518855479,-27.1679425682202,-19.42493195555007,-21.29072404049227,-16.339859581047193,-0.13449175999277035,-1.5241805785579468,2,0.13,0.06999999999999999,1.8571428571428574,0.06000000000000001,0.08,0.7500000000000001,0.04,0.04,1.0,0.8814831665615094,-13.812883236189741,0.12064018339778429,5.58804701455258,46.319947940788786,0.889689756968003,0.8948617730631047,379.3782877590234,0.9908576205165421,0.8940250971702308,0.8858858858858856,1.3339056900390587,0.4454454454454453,0.6530612244897959,0.1256643547097171,0.43334546993256745,0.3450500688580482,0.4833735315737706,-0.43270756514349246,0.5,1.0,0.3333333333333333,0.6666666666666666,0.9996401299939338,0.5352049608256546,0.9854693836677454,0.669370738189195
ellipsometry,2,0.22992954343626715,0.2682344277250727,0.31311950611625,0.4146911899724024,0.26128240591276614,0.2877091106358047,0.31739656117638354,0.414516535845303,-25.936649711698998,-24.646507546683104,-23.134738661652822,-19.713715088615093,-21.895076543841476,-21.111807365817675,-20.23189194593298,-17.353323334149206,0.05806021732202371,-1.5868695208321215,2,0.13999999999999999,0.06000000000000001,2.3333333333333326,0.07999999999999999,0.08,0.9999999999999998,0.06,0.04,1.5,0.8368624600090308,-12.320187884138353,0.10753040585231896,5.433634084315025,50.53114085496447,0.8469234426450788,0.8433357033717062,15.5844821324828,0.9916257117001893,0.8548857877039859,0.9259259259259256,1.8418966807997108,0.46546546546546536,0.5714285714285714,0.12048779872369393,0.439616179424024,0.22021158722994016,0.4641438785246003,-0.4560926856091756,0.5,1.0,0.3333333333333333,0.6666666666666666,0.9996456134230978,0.5685884563728839,0.9850522073956348,0.6827931341359194
ellipsometry,2,0.11806302573307959,0.17760260122654153,0.3367886583750278,0.5491752627312351,0.13431038523339944,0.17768439167239508,0.3131686140063893,0.5601825989441437,-29.723028031141656,-27.71642605958304,-22.351539705062905,-15.193689224912877,-25.64614082579538,-24.36118157673087,-20.347448032534672,-13.029634193029942,0.09240130728362228,-1.4467890940884174,2,0.1,0.08,1.25,0.09000000000000001,0.11000000000000001,0.8181818181818181,0.07999999999999999,0.06,1.3333333333333333,0.8810966829068103,-12.48617881209077,0.11491592819522221,5.19648074819574,45.219847499015295,0.8993007315948207,0.8975178687353804,1205.2778122294235,0.9941318921636073,0.8561751903836115,0.9459459459459456,1.2738113231864785,0.4254254254254253,0.5918367346938775,0.13048837081208373,0.45493884703534876,0.15818450581219184,0.45607776740597616,-0.4602498958381838,0.5,1.0,0.3333333333333333,0.6666666666666666,0.9996407626421087,0.5318303191926781,0.9872660702969037,0.6670688803172325
ellipsometry,2,0.08225101067121146,0.14318571496280647,0.2597778327369451,0.48503814640522835,0.09341174753827781,0.15318484611349642,0.27226496128601374,0.4498280193669286,-30.873851982539552,-28.823957008234615,-24.90169958453291,-17.323752169062136,-26.854479314682674,-25.083912097531943,-21.556583697889554,-16.2969043921652,-0.13531011018974987,-1.4706314952179844,2,0.14000000000000004,0.030000000000000006,4.666666666666667,0.05,0.04,1.25,0.05,0.05,1.0,0.8486470381618245,-13.756409886230227,0.11365927804983397,5.879840274953355,51.73216279251163,0.8653280979136644,0.8723958376894144,947.2167518878898,0.9925066412206147,0.8953916813735927,0.9059059059059056,1.4972369099516047,0.5455455455455454,0.6836734693877551,0.12095178457409318,0.4433972544644213,0.1797843148595935,0.4634295437496042,-0.45937032917555537,0.5,1.0,0.3333333333333333,0.6666666666666666,0.9996384817772265,0.5123509814411839,0.9833458079175281,0.6488790848739964
ellipsometry,2,0.07932212859241848,0.15424080285920522,0.3101784867892491,0.5513996509525454,0.08996522933245406,0.17991763760627252,0.3011869040962454,0.5330867260010134,-31.02491140675076,-28.500309367294015,-23.24553679248781,-15.116889976899838,-27.03836956600923,-24.36576129140895,-20.7626866067466,-13.872627799044768,0.027443019006907206,-1.4361982476419322,2,0.12000000000000002,0.030000000000000006,4.0,0.08,0.06999999999999999,1.142857142857143,0.05,0.05,1.0,0.8509095401543311,-12.229563388283276,0.11003673608290382,5.226218751189504,47.49521784481111,0.8551002168056796,0.8589143069236183,25.308908531731916,0.9909610682548277,0.8645438954579224,0.9859859859859856,1.7192957312101929,0.46546546546546536,0.6836734693877551,0.15721217068295926,0.5181745311822968,0.13457927416310592,0.41561502327333444,-0.49048109548151436,0.5,1.0,0.3333333333333333,0.6666666666666666,0.9996458674551192,0.567837836369868,0.9863226861904535,0.6848461874465567
ellipsometry,2,0.09890756312926909,0.12651665680407365,0.2756641582978382,0.44941319675620023,0.1125037950890835,0.0964096074376201,0.2772623528082637,0.4147483360252492,-30.327729687434047,-29.39850079190328,-24.378699355585198,-18.53089323026009,-26.260282257652253,-26.73649602408461,-21.385212137770836,-17.317115050965516,-0.08421010440715362,-1.4231450881725198,2,0.12000000000000002,0.04,3.0000000000000004,0.030000000000000006,0.02,1.5000000000000002,0.02,0.02,1.0,0.8507270711773567,-14.051279788547212,0.1150452356673891,5.8593762982030775,50.931064326238634,0.8548732938018451,0.8692589009674722,23.78873448655096,0.9922372828527196,0.9036799169176544,0.9459459459459456,1.3038585066127686,0.4854854854854853,0.6020408163265306,0.11484621717012085,0.44298825163414685,0.1667521060443955,0.46795112986274434,-0.42511855743567567,0.5,1.0,0.3333333333333333,0.6666666666666666,0.9996385678769697,0.5011193062887358,0.9835618584263646,0.6406098878427439
ellipsometry,2,0.13237684642772513,0.21221522021268008,0.23148504469647713,0.44688689368583834,0.15017772888278397,0.2136919966496568,0.2202934932444594,0.4415372861070886,-29.233305512629627,-26.543267144154154,-25.89399831817801,-18.636344999954567,-25.239537885670465,-23.35317785244242,-23.157114829538113,-16.586221971453032,0.025296631110664394,-1.4612629702538036,2,0.13,0.05,2.6,0.05,0.07,0.7142857142857143,0.1,0.04,2.5,0.8470395399395055,-13.372365108433696,0.10929950015722675,5.792916166812149,53.00039028979153,0.8563329704149244,0.8674131377120327,592.5990356113401,0.9919932511464776,0.878778142291955,0.9259259259259256,1.679674872092653,0.5055055055055053,0.6836734693877551,0.10034492957874286,0.45303678436125405,0.1461124355217541,0.4359127692631069,-0.5024645197608307,0.5,1.0,0.3333333333333333,0.6666666666666666,0.9996390377110076,0.5019720733144017,0.9839231708010485,0.6419384501492574
ellipsometry,2,0.20736034805604867,0.14279540876783414,0.2407259843487721,0.45575196265014317,0.23573191444549854,0.21962896900132176,0.242725162214349,0.46560019757066284,-26.741466166796677,-28.919708367149227,-25.61580202437424,-18.361421159593746,-22.68101444475338,-23.15889798473852,-22.47347738196218,-15.85926439592092,-0.05225799182168414,-1.4415730238390858,2,0.1,0.02,5.0,0.07,0.06,1.1666666666666667,0.05,0.04,1.25,0.8537062818885889,-15.63334075411609,0.12651752617043177,6.058205015433365,47.88431451996901,0.8732259466250296,0.8958804509948484,984.4697506557997,0.9954642090511824,0.861696629075648,0.9259259259259256,1.1616226326085017,0.5455455455455454,0.6020408163265306,0.10392343798785521,0.46732407929796826,-0.04945733809220589,0.4179002121915833,-0.45010209516133726,0.5,1.0,0.3333333333333333,0.6666666666666666,0.9996410198775548,0.5307123945091362,0.9826830809204419,0.6222814320704182
ellipsometry,2,0.05098863608002799,0.1594863276782573,0.2678918045157119,0.5320333295769012,0.05780897924758242,0.1308193946069676,0.3233920251383431,0.4769845265513048,-31.9198126219101,-28.270513870185866,-24.624316744002492,-15.739967929893105,-27.95155511727936,-25.785588127460667,-20.07262294543348,-15.516063633907914,0.055788991196517056,-1.417116997847652,2,0.12000000000000002,0.04,3.0000000000000004,0.11000000000000001,0.1,1.1,0.06,0.04,1.5,0.8670615036778215,-15.139010666090702,0.124552963947676,5.870036279165408,47.12883654564316,0.8721135397272347,0.9068093406641542,90.67633458228785,0.9912812247982906,0.9071306638811747,0.9259259259259256,1.1890234632329348,0.4254254254254253,0.6938775510204082,0.11990634234297745,0.44652564598132605,0.09770755942550739,0.4757971615711866,-0.4294123353004673,0.5,1.0,0.3333333333333333,0.6666666666666666,0.9996393661657917,0.5224233635813408,0.983940450613507,0.6298721103125648
ellipsometry,2,0.14213349876851464,0.1520707284240221,0.20660374538735377,0.4925350762320997,0.16157525113573676,0.16124038665570636,0.20835372026935634,0.4812797783957032,-28.884871222844968,-28.550278837550607,-26.71411998285952,-17.08664337878293,-24.833413664213797,-24.84333205959193,-23.447875992350653,-15.364042934731664,0.01414049663749786,-1.3383255457563985,2,0.12000000000000002,0.02,6.000000000000001,0.030000000000000006,0.04,0.7500000000000001,0.06,0.05,1.2,0.8860036080040099,-15.989349404054257,0.12277626322635322,6.304086180711175,51.34613169557712,0.8907071405881004,0.91303685661836,1.5010516401701828,0.9932947492286428,0.8816569611799369,0.9659659659659656,1.3038585066127686,0.5255255255255254,0.6632653061224489,0.13184268017691206,0.4531433766879909,0.12817641942725286,0.45791062538705185,-0.4628138079102924,0.5,1.0,0.3333333333333333,0.6666666666666666,0.9996432959145957,0.5530166056907312,0.982880422834692,0.6132472936932453
ellipsometry,2,0.2279075712941159,0.13879047734668298,0.19563139629417256,0.7027500596498085,0.258647440392477,0.17725006907458543,0.20774869153999273,0.5851124415716119,-26.006019032230434,-29.007707373066182,-27.09316195725952,-10.012127199632424,-22.002900855284704,-24.418726183973824,-23.513545298533327,-12.313614751696242,0.1002630778938952,-1.0559663854006875,2,0.11000000000000001,0.04,2.7500000000000004,0.05,0.06,0.8333333333333334,0.12000000000000002,0.09,1.3333333333333337,0.8655404574265464,-15.375584316149876,0.11890740032903914,6.179131957528923,51.965915833918686,0.8706578853666386,0.9164731076135992,343.90682143346254,0.992655619324907,0.9008359385418929,0.9659659659659656,1.9287915080207778,0.5455455455455454,0.6224489795918368,0.10685666547250627,0.4526127082084386,0.09146430365183346,0.44216463134790984,-0.522822230117316,0.5,1.0,0.3333333333333333,0.6666666666666666,0.999652700569382,0.6011312974921519,0.9835796185654583,0.5790907414586476
ellipsometry,2,0.26641881803949574,0.22155428225239296,0.266770805256216,0.5009060634045015,0.30324565410684357,0.2516812786859725,0.2963755644011766,0.5126666621637136,-24.700477504729626,-26.211115296729496,-24.688625711714277,-16.80503652053576,-20.61138448731152,-22.136761650600324,-20.814615455615424,-14.416293000300662,-0.03278208683173665,-1.4907665430303298,2,0.1,0.030000000000000006,3.333333333333333,0.06,0.08,0.75,0.06,0.02,3.0,0.8622529311484459,-12.999109644010314,0.11818365935078136,5.241777601234088,44.35281180180712,0.8659111338527308,0.8825401231733937,301.6435707971764,0.992910910751914,0.8597586163120976,0.9459459459459456,1.2451178085219232,0.5255255255255254,0.5918367346938775,0.12150774524929453,0.43507904984608925,0.11821142940223141,0.4646450557084132,-0.4746844680340287,0.5,1.0,0.3333333333333333,0.6666666666666666,0.9996402978777059,0.532856049152718,0.9864040233296815,0.6642868314783174
ellipsometry,2,0.05283285757245721,0.1945644716035481,0.31889652604429736,0.4217524413089866,0.05994180729406365,0.21082118903094663,0.29510402453388185,0.43490810001865543,-31.9243913205107,-27.147308896367946,-22.95668088379079,-19.489908926178863,-27.927046516536127,-23.444754308621484,-20.940897966642524,-16.787628573791306,-0.02017948973053221,-1.382765408259819,2,0.14,0.030000000000000006,4.666666666666666,0.02,0.02,1.0,0.1,0.06000000000000001,1.6666666666666665,0.8630982355710222,-15.050377276410446,0.12075272111545633,6.099375925558488,50.51129174742687,0.8862625852766884,0.8863734689054958,446.01097897263935,0.9924204636735133,0.8889578519023235,0.9259259259259256,2.6633327251749805,0.4854854854854853,0.673469387755102,0.10476700850821005,0.44182439037365545,0.17994837899358765,0.45774707331580144,-0.510534565737123,0.5,1.0,0.3333333333333333,0.6666666666666666,0.9996401707784964,0.5189907734868193,0.9828546720215392,0.6313067251111372
ellipsometry,2,0.16304008251884017,0.13413529495783788,0.25145208153265736,0.5549330064142409,0.18554727889269906,0.17438471136341227,0.23034079590390227,0.5280101684488757,-28.186289536809518,-29.159715735815897,-25.208839660558226,-14.98851603579682,-24.101214301357956,-24.43153603177216,-22.775688430033252,-13.967082168759566,-0.11921264024806677,-1.342707745382203,2,0.12000000000000002,0.04,3.0000000000000004,0.05,0.05,1.0,0.05,0.04,1.25,0.8825334409429078,-16.1236182300938,0.12925003373493427,6.181603482021646,47.82670691366214,0.892554399559922,0.9221931221554734,32.231648613642825,0.9925353077482175,0.8750063337961473,0.8858858858858856,1.1092898648952227,0.4454454454454453,0.673469387755102,0.09209738833655731,0.4866434307803467,0.14680378335119534,0.40016981690772196,-0.4751826839340311,0.5,1.0,0.3333333333333333,0.6666666666666666,0.9996431114900897,0.5525589723374443,0.983207700416129,0.6132026398181526
ellipsometry,2,0.11250484974648994,0.17301405376941814,0.22232001321086856,0.4586078179551166,0.12786215220027772,0.17452093805489832,0.2254321861815988,0.45878348081469655,-29.894326121105408,-27.856138219038318,-26.19531964348252,-18.236217341405805,-25.848607198757186,-24.465724170610038,-22.956805760354616,-16.04069041286709,-0.09775407131069273,-1.4212610963527612,2,0.09,0.05,1.7999999999999998,0.04,0.030000000000000006,1.333333333333333,0.05,0.030000000000000006,1.6666666666666665,0.8946969932715865,-14.904406857591262,0.12283579187967135,5.906082878563501,48.08112349166957,0.8958117014553921,0.9211672035167108,489.4237957200637,0.9942783662239583,0.850215982973045,0.9059059059059056,1.679674872092653,0.4854854854854853,0.6224489795918368,0.12074137628342693,0.4702923870579788,0.13412386501467727,0.42973623640095693,-0.4311570533018804,0.5,1.0,0.3333333333333333,0.6666666666666666,0.9996390420752401,0.5101648536333685,0.9846217052581779,0.6424365926172443
ellipsometry,2,0.06808382526562344,0.13106811724360248,0.34548170769912556,0.5018763148850691,0.07752161976124612,0.1432814643644556,0.33325701786068707,0.5219914703149395,-31.431592886735494,-29.307263813602503,-22.075539687232286,-16.800675106036856,-27.325420111638923,-25.377498709086684,-19.75009114980915,-14.159447170144496,0.06996753551134154,-1.347280140812448,2,0.11000000000000001,0.06,1.8333333333333337,0.06,0.06999999999999999,0.8571428571428572,0.1,0.09,1.1111111111111112,0.8650595831893644,-13.453537328155425,0.11997819149198197,5.316014438254899,44.30817277830166,0.8745223015751151,0.889377377246422,219.9275980162792,0.9922923056722813,0.8645010013393839,0.8858858858858856,1.3038585066127686,0.4254254254254253,0.6938775510204082,0.09607077548870847,0.4251150216116373,0.17681169285599924,0.46274552211972647,-0.4575150950084414,0.5,1.0,0.3333333333333333,0.6666666666666666,0.9996395453533787,0.5087324566028887,0.9863463971924785,0.638318329713878
ellipsometry,2,0.08228542583315081,0.1635633505714481,0.2969398666948313,0.4214390777986179,0.09346274137624751,0.09532903499970573,0.3186701845346188,0.41141317831505203,-30.948609202235005,-28.207627637484457,-23.709695720030016,-19.511138195828465,-26.915569432828484,-26.860158190624833,-20.22904164209958,-17.475453232181106,-0.03518147397203704,-1.5326193762776743,2,0.11000000000000001,0.05,2.2,0.030000000000000006,0.06000000000000001,0.5,0.04,0.030000000000000006,1.333333333333333,0.8841922226963459,-13.97491565550837,0.11749090780709548,5.74716340646594,48.91581411475704,0.8877441490255085,0.9022581510096238,24.238982526718097,0.9909382060736228,0.8764767584076695,0.9659659659659656,1.2451178085219232,0.46546546546546536,0.6530612244897959,0.14772526778688122,0.47004077642130965,0.18942648818039343,0.45892564745607745,-0.43625567146590216,0.5,1.0,0.3333333333333333,0.6666666666666666,0.9996448988195178,0.5652089969668672,0.9849565371300967,0.6894013344770407
ellipsometry,2,0.22886046141825728,0.1582089106226106,0.4013185538423368,0.5409008101877467,0.2599268565094719,0.2307185048957782,0.3678086285578969,0.5316585844890629,-25.97307293479059,-28.3527173311165,-20.164439881214307,-15.463111596154949,-21.94747802399893,-22.813675724587398,-18.748155305631464,-13.889050041965751,-0.01978332621499489,-1.2694136578323971,2,0.11000000000000001,0.04,2.7500000000000004,0.04,0.05,0.7999999999999999,0.11000000000000001,0.08,1.3750000000000002,0.8638189807468123,-13.896408085674208,0.11840837515189442,5.598083682596376,47.27776794010683,0.8763469750444285,0.9013552291084235,467.4828007356041,0.993415461372301,0.8324728865716988,1.0060060060060056,2.4287643824604506,0.4254254254254253,0.6530612244897959,0.12203311123967774,0.46366608569866746,0.07333442619667191,0.42869160205995693,-0.46242403477850846,0.5,1.0,0.3333333333333333,0.6666666666666666,0.9996381724322335,0.5304801463649836,0.9852204645207814,0.6241744230699202
ellipsometry,2,0.030924632666554527,0.23035705510970453,0.3093193170808813,0.47642948772988997,0.03495406743761818,0.22757068977913109,0.34472837711018134,0.4376626487976792,-32.65237530713163,-25.93262726117445,-23.27204429735658,-17.641373873151355,-28.768156961801974,-23.026227963396934,-19.533740585648722,-16.76335668491779,-0.0734222509453539,-1.2288678854269897,2,0.13,0.030000000000000006,4.333333333333333,0.02,0.02,1.0,0.06,0.02,3.0,0.8234421409728345,-12.784637803787376,0.10843403231406783,5.581560662457057,51.4742516103307,0.8330694754256251,0.8589985225354857,1132.3754720042236,0.991727481073511,0.8969099067641857,0.9659659659659656,1.46273335620113,0.4254254254254253,0.6836734693877551,0.10092074129492318,0.4263838703119533,0.13701137224919674,0.46445190965398797,-0.46952218089997066,0.5,1.0,0.3333333333333333,0.6666666666666666,0.9996405093086224,0.5015747032149378,0.984277414616559,0.6354649061776992
ellipsometry,2,0.22125237864114417,0.26165116119988646,0.35444487919345846,0.5024697882622651,0.2513814119336036,0.24351363845672974,0.3247569518013174,0.5142678084821617,-26.267343963145862,-24.904683342351717,-21.774728988329862,-16.781813318373683,-22.22464443263827,-22.458219274069478,-20.046305142633653,-14.420193965331599,0.09497689719190254,-1.4090361413001815,2,0.1,0.06,1.6666666666666667,0.05,0.05,1.0,0.08,0.09,0.888888888888889,0.8637925709163585,-12.621128791520288,0.1104788234083188,5.39925992059299,48.87144661776366,0.8765067242513429,0.8813038823346471,184.73466726235816,0.9928041771685103,0.8619480975780341,0.9659659659659656,1.9287915080207778,0.5655655655655654,0.6122448979591837,0.12898741292307836,0.4625899650402426,0.0983073627920074,0.4425088934881986,-0.5396520276561186,0.5,1.0,0.3333333333333333,0.6666666666666666,0.999640091757851,0.5129993186255278,0.9861152001635517,0.6519773724578305
ellipsometry,2,0.24229947197714202,0.20032384632590552,0.279068833828152,0.5793189930778827,0.2749687431358879,0.18991219647232532,0.2838040272001952,0.5349711942192122,-25.53718299194138,-26.951909778860703,-24.29792567673752,-14.178435222999049,-21.532837733596608,-24.05894788422402,-21.270436993923923,-13.810976728969715,0.08782484431957031,-1.3106962014167094,2,0.13,0.05,2.6,0.02,0.04,0.5,0.10000000000000002,0.09,1.1111111111111114,0.8535745953094779,-13.967147026745847,0.11154273286709968,5.942495137289134,53.275502442364086,0.879486835722087,0.8642093514077399,605.2445405881617,0.9940200854904013,0.8920491807707561,0.9259259259259256,2.9205555121827453,0.5455455455455454,0.7040816326530612,0.13141573876795384,0.4588731089275284,0.22606994920800957,0.44411148304607667,-0.5165912354113892,0.5,1.0,0.3333333333333333,0.6666666666666666,0.999640409678008,0.5294634783199886,0.9836103841028546,0.6229445160878224
ellipsometry,2,0.13884959190659993,0.189337320535695,0.29424786172737494,0.4709748831987458,0.1578472828631996,0.20457355390926826,0.27203009398384664,0.46046551946103453,-29.01286010182734,-27.311887317272742,-23.777365558710116,-17.823287964398155,-24.958005927332792,-23.573227933983986,-21.574088475356312,-15.9896233655499,-0.026556556009411876,-1.473295106785397,2,0.11000000000000001,0.02,5.500000000000001,0.09000000000000001,0.06,1.5000000000000002,0.06,0.06000000000000001,0.9999999999999998,0.8611166831914685,-13.183950713951916,0.11380963100293304,5.458074717558139,47.95793351985718,0.8615651050087789,0.8862026552480544,656.9027601198435,0.9910783537349179,0.8848120336236531,0.9459459459459456,2.0197857568198785,0.5255255255255254,0.673469387755102,0.10325648045872116,0.4530554571530937,0.10110286124046249,0.4384668971763947,-0.4929624828358079,0.5,1.0,0.3333333333333333,0.6666666666666666,0.9996495983807137,0.5842978720030837,0.9855707710922691,0.6974114889516038
ellipsometry,2,0.090707382908955,0.29094831446711783,0.44997308430630784,0.5230676317434318,0.10319196003417484,0.29798966334108384,0.4924465703312599,0.5085102339994932,-30.643508314965874,-23.895312480241877,-18.53611702956021,-16.072802877363696,-26.566300992608614,-20.795774650184853,-15.035343776494676,-14.559487065764717,-0.05630469153749035,-1.2789107530588608,2,0.16000000000000003,0.05,3.2000000000000006,0.06,0.06,1.0,0.06000000000000001,0.06,1.0000000000000002,0.8405474805386342,-12.875837941303889,0.10870183823472207,5.712914362355809,52.55582108942627,0.8705106170361366,0.8565510251327036,750.6884576418859,0.9928108257786389,0.9075377966666057,0.9459459459459456,1.3968351179887397,0.5855855855855854,0.6020408163265306,0.11651144340363813,0.42346677201387795,0.11210729061005856,0.4764758759431007,-0.5542658656035322,0.5,1.0,0.3333333333333333,0.6666666666666666,0.9996416057955274,0.5366995540557379,0.984462574502248,0.6160924525795092
ellipsometry,2,0.10002177258410924,0.23288954891165248,0.33261007261660336,0.6145669244033207,0.11363672182734984,0.20402121770653428,0.33593380595222455,0.5552892416893455,-30.304170357464432,-25.830231315173933,-22.472430374625265,-12.978346840479354,-26.269874673287195,-23.591075316831994,-19.681473862914103,-13.180257095903553,0.08919231861212497,-1.3699114548589921,2,0.1,0.06999999999999999,1.4285714285714288,0.05,0.06000000000000001,0.8333333333333333,0.06999999999999999,0.05,1.3999999999999997,0.8472831777254674,-13.326837669572658,0.11048194739511599,5.705364628401894,51.64069572378037,0.8633438243936677,0.8649877024125772,241.18054724160848,0.9903187522569835,0.8717618696150156,1.0060060060060056,2.1150728248687947,0.5055055055055053,0.6428571428571429,0.1141580464909738,0.4548794248297037,0.20067109084304058,0.4409921167102423,-0.4998717296305466,0.5,1.0,0.3333333333333333,0.6666666666666666,0.9996386006810696,0.5113383387167756,0.9843687794078432,0.6334582002016738
ellipsometry,2,0.12379456070181129,0.1570767442572932,0.22104610024395477,0.5243659258402364,0.14073064538762778,0.156916268548274,0.2286748486259273,0.47229531773818373,-29.505045358553797,-28.38431237586112,-26.230229936638096,-16.016340806327353,-25.452623221897134,-24.973185004173914,-22.847606928043433,-15.631266701115004,0.04332467372948324,-1.2981177830090378,2,0.11000000000000001,0.04,2.7500000000000004,0.02,0.02,1.0,0.05,0.06,0.8333333333333334,0.8362287297263107,-12.87237460576806,0.11561651807939022,5.303044265368562,45.86753133083569,0.8709869114300324,0.87539862427901,2568.7102915977016,0.9958006140554809,0.8607659344746855,0.9059059059059056,1.216424293857368,0.5855855855855854,0.6020408163265306,0.09830839329578338,0.4170183783759074,0.19680706560642064,0.46145097786136335,-0.4795176616207088,0.5,1.0,0.3333333333333333,0.6666666666666666,0.9996386080044111,0.5080733877141423,0.9855216185392165,0.6438682503537352
ellipsometry,2,0.21379350873515643,0.20872369291470752,0.221142495705477,0.4977106636659367,0.2426775265639023,0.20913110098964835,0.22269212405671907,0.45582630437686217,-26.48008616118585,-26.650841759414057,-26.232566189863242,-16.91752109878009,-22.47131917457968,-23.466710784741572,-23.06432727129405,-16.146755483534342,-0.15114171838930462,-1.4441807966412277,2,0.13000000000000003,0.04,3.250000000000001,0.030000000000000006,0.05,0.6000000000000001,0.030000000000000006,0.030000000000000006,1.0,0.8481219711232884,-13.093338788242965,0.11352200712562117,5.521603104967484,48.63905461834717,0.8516912577792501,0.867372158808697,154.49733571689595,0.9925798586633697,0.8933561696839576,0.9659659659659656,1.5317404637020797,0.4454454454454453,0.6122448979591837,0.12897598913770314,0.4429476111440707,0.2920265923578829,0.47552988432217336,-0.4358705265541326,0.5,1.0,0.3333333333333333,0.6666666666666666,0.9996407560153657,0.5330109269946566,0.9849133044094996,0.6619999733170417
ellipsometry,2,0.07599069811996194,0.18344950922027975,0.31547831994005504,0.561629344431464,0.08642605196874587,0.18750873812945265,0.3336432420836355,0.5503647282793981,-31.129024953176867,-27.508836276099245,-23.06090687206416,-14.768304873304288,-27.061299060407887,-24.06709283778182,-19.738390686116254,-13.318806411194533,-0.06966354140975801,-1.320993202118094,3,0.13000000000000003,0.04,3.250000000000001,0.05,0.06999999999999999,0.7142857142857144,0.08,0.06000000000000001,1.333333333333333,0.8635512128283742,-15.376908964998732,0.1235529992473903,6.186828468306639,50.07428800590058,0.9085519061275323,0.8879072824957295,1283.1822233834673,0.991917687488055,0.8803533706311807,0.9459459459459456,2.543345761304648,0.5255255255255254,0.7040816326530612,0.0937924762255715,0.4506118575018695,-0.04825230289135206,0.439831580181313,-0.486412790725063,0.5,1.0,0.3333333333333333,0.6666666666666666,0.9996485123588742,0.5773821032098199,0.9830761786387552,0.5940691494505962
ellipsometry,2,0.010674313472767497,0.13514858778566585,0.2916722931272294,0.5270672118709122,0.01211350094401438,0.13293606249252837,0.32149200285320084,0.5401798550015263,-33.34105107562548,-29.146170467566463,-23.871198913297036,-15.938205647626074,-29.337109849276473,-25.749061258869688,-20.14954518047334,-13.655206461087552,0.0741268957247663,-1.4617672944533897,2,0.14,0.05,2.8000000000000003,0.04,0.05,0.7999999999999999,0.08,0.09,0.888888888888889,0.8676357231287692,-14.194245913770636,0.1111480892919269,6.0280282489294414,54.23420490024815,0.8676568668783482,0.8910030387348032,734.7560436067329,0.9906174556225767,0.8630021540356563,0.9059059059059056,1.8004066355637218,0.5855855855855854,0.5816326530612245,0.145788255349241,0.5072423899491716,0.32032370584644315,0.4105626516964228,-0.527893909816736,0.5,1.0,0.3333333333333333,0.6666666666666666,0.9996385502729433,0.5003028778234951,0.9834048361705404,0.6441062614240316
ellipsometry,2,0.3098464087667515,0.411650904549323,0.39777297175647286,0.5057673156105372,0.35205852303960866,0.4331993550215135,0.45022450944125253,0.5009380936617899,-23.269254226597308,-19.83680857411269,-20.304717674925186,-16.663574784276225,-19.22667113900634,-16.818941200524844,-16.313745813659477,-14.808897859392491,-0.06637589560278198,-1.5565142873675795,2,0.12000000000000002,0.07,1.7142857142857144,0.08,0.09,0.888888888888889,0.06,0.04,1.5,0.865035032033405,-11.79200901815297,0.10832864030282119,5.274368557509234,48.68858819574674,0.8747177461641207,0.8793639204402897,972.9006487342047,0.9912642188844526,0.8870306547654412,0.8658658658658656,1.46273335620113,0.40540540540540526,0.7448979591836735,0.09092026836767232,0.3930925184725305,0.2048404736096367,0.4858654922164376,-0.4037914188443884,0.5,1.0,0.3333333333333333,0.6666666666666666,0.9996530123238525,0.5952280550742196,0.9866758538123437,0.7052611851600893
ellipsometry,2,0.14909845666756913,0.13715358584866924,0.26698544258918894,0.6165997329028494,0.1695920136893296,0.14288088593408718,0.20130781838440154,0.5766958803267074,-28.67814093281168,-29.080721808887034,-24.704967276122478,-12.921832119881476,-24.60542958315626,-25.396894482221455,-23.66567344886762,-12.54272584149317,0.06868055280252407,-1.2646300368057903,2,0.1,0.030000000000000006,3.333333333333333,0.030000000000000006,0.030000000000000006,1.0,0.06,0.06,1.0,0.8687349017115011,-15.912765393534867,0.12315057445200896,6.2632807332991005,50.858721213191444,0.8754375415280928,0.9186477143497253,380.5743366910329,0.9932451399465538,0.8709162263598931,0.9459459459459456,2.067429290844337,0.5455455455455454,0.6224489795918368,0.1170373169638884,0.43537378727210957,0.15364361949572725,0.4588912668960544,-0.5025682113279654,0.5,1.0,0.3333333333333333,0.6666666666666666,0.9996504087234581,0.5897065499740838,0.9830307783987505,0.586957300825828
ellipsometry,2,0.31449940976948026,0.17416405329172577,0.30328098391862496,0.5013915865761992,0.35706481103012644,0.18584062842915988,0.31579167822255655,0.5008138101830618,-23.088823430000474,-27.8155564377889,-23.46667905452422,-16.793977689185464,-19.073656100188202,-24.15328345765066,-20.29808673465122,-14.809122097962653,-0.02899921987640941,-1.5446666269538258,2,0.11000000000000001,0.06,1.8333333333333337,0.05,0.06000000000000001,0.8333333333333333,0.04,0.04,1.0,0.8567523080227858,-12.355962959852356,0.11245247100902143,5.235648116850439,46.55876451510267,0.8609445458724291,0.8741959561505463,560.7621641224789,0.9922978898306078,0.8063934738457867,0.9259259259259256,1.679674872092653,0.4454454454454453,0.5714285714285714,0.14233273626886778,0.4589477186799523,0.02005971674135162,0.45661110623140583,-0.4514572666853484,0.5,1.0,0.3333333333333333,0.6666666666666666,0.9996445112966723,0.5633210477643603,0.9863764111726723,0.6829781707448108
ellipsometry,2,0.058640629890891874,0.14494786709477497,0.2264775342583554,0.42140458227463606,0.06656907650325454,0.12790435495184665,0.260593621022208,0.4106869655216018,-31.68994557258809,-28.784496563040868,-26.039879791801184,-19.477850732117812,-27.680524972190543,-25.861651540815057,-21.92680381877569,-17.475845032225962,-0.05608015809925036,-1.4836553083964281,2,0.1,0.02,5.0,0.04,0.04,1.0,0.05,0.030000000000000006,1.6666666666666665,0.8772947894812784,-13.62319064468422,0.11732612474567332,5.543678605193801,47.25016373983866,0.8805068872878621,0.9040073188380683,245.50660009271485,0.9935811122483745,0.8666686656292811,0.9659659659659656,2.0197857568198785,0.4854854854854853,0.6326530612244898,0.1162195949292251,0.44124653187444335,0.1062073632220842,0.46502418784663785,-0.43263234296455877,0.5,1.0,0.3333333333333333,0.6666666666666666,0.9996509978985841,0.5874058674555679,0.9856889170983928,0.702428858706782
ellipsometry,2,0.05150392965159653,0.18965069467087126,0.2555482662497706,0.5131127215689432,0.05851447567908612,0.19544119898691623,0.25390959962190096,0.4533784083611372,-31.9641528491536,-27.30863085941019,-25.087894141373745,-16.408016727325077,-27.926618873319946,-23.865058374927305,-22.130751581582246,-16.214049460438375,-0.10069356734905321,-1.483597500704057,2,0.12000000000000002,0.030000000000000006,4.0,0.04,0.08,0.5,0.05,0.04,1.25,0.8500180396858963,-12.855015297107316,0.11336292937287158,5.433724100088771,47.93210734892224,0.8560170112285401,0.8632195053530691,1350.0583126369938,0.9927489923657893,0.9016244841094596,0.9459459459459456,1.46273335620113,0.4454454454454453,0.6224489795918368,0.10694922557817535,0.45266741035274605,0.2482513253528892,0.4600052495880082,-0.44601446296787095,0.5,1.0,0.3333333333333333,0.6666666666666666,0.9996465412489146,0.5644471686326129,0.9853468830116427,0.6825152644376847
ellipsometry,2,0.2966857713274459,0.1900375231963703,0.3542244127786053,0.6090280685988664,0.33667883619797073,0.22488965598177932,0.34937971018910874,0.5248517729324176,-23.70032526704209,-27.294164360326654,-21.761384659527252,-13.174995708503761,-19.69743418652245,-23.017032806672777,-19.32027958449256,-14.109606993181687,0.045314201320308854,-1.3369531639869727,2,0.13,0.06,2.166666666666667,0.02,0.05,0.39999999999999997,0.11000000000000001,0.09,1.2222222222222223,0.8433609290674187,-11.871631904645026,0.10235262111343696,5.448698096862754,53.23457316079855,0.8518139690578705,0.858708497988151,676.2630239260873,0.9914169682764576,0.8913310991848161,0.9059059059059056,0.6530255362150948,0.36536536536536524,0.6632653061224489,0.10570771558522304,0.4307849354107115,0.19913290541735315,0.4689967357790209,-0.4575879006958263,0.5,1.0,0.3333333333333333,0.6666666666666666,0.9996416013881942,0.5430922911382636,0.9854094301269304,0.6676509041021738
ellipsometry,2,0.1231071797720769,0.23408091508445525,0.2931648373441579,0.6251239838810286,0.13980755165626593,0.23021617537416292,0.29792692232589923,0.6194308830264782,-29.52609595891628,-25.78946922168174,-23.800038452006042,-12.622552003274496,-25.503975951022703,-22.82343699778498,-20.81587082441537,-11.283551286323437,0.009183013217146773,-1.2872430878495702,2,0.12000000000000002,0.05,2.4000000000000004,0.08,0.06000000000000001,1.333333333333333,0.09,0.07,1.2857142857142856,0.8553152045558294,-13.569937802304628,0.11351428197502673,5.729695562925406,50.47554777456061,0.8666902008627393,0.8718557522256232,525.3567284395486,0.9903472320921349,0.9020301529416975,0.9459459459459456,1.8853440944102444,0.6056056056056054,0.6122448979591837,0.10315197776511557,0.4127768109401978,0.2209219490241302,0.47627426573756704,-0.5284049481823422,0.5,1.0,0.3333333333333333,0.6666666666666666,0.9996388153826394,0.5265835505029337,0.9845130427249251,0.6251024535271555
ellipsometry,2,0.16308422172764112,0.22974729916273326,0.3442417530989971,0.559399184378161,0.18598467721511017,0.25864746293920776,0.3655543322183999,0.46514622294940056,-28.174769356421525,-25.930556879987897,-22.076101131880506,-14.832826289907356,-24.029568596888055,-21.884577777766104,-18.728708499981327,-15.788775917598269,0.017663620322341044,-1.2843147761950393,2,0.14000000000000004,0.06,2.333333333333334,0.06000000000000001,0.06999999999999999,0.8571428571428574,0.09000000000000001,0.06,1.5000000000000002,0.8306823120661577,-11.860808302757595,0.10445094429559255,5.3414902878902355,51.138745790310935,0.8421742652129781,0.8529424348893551,819.4273036837351,0.9924662351684185,0.8667392094348059,0.9659659659659656,1.60400310705682,0.46546546546546536,0.6530612244897959,0.10710300445855864,0.42572240493469843,0.02129101850306532,0.47218874054824606,-0.48981388819530747,0.5,1.0,0.3333333333333333,0.6666666666666666,0.9996404958605584,0.5292553030786228,0.9854910795450759,0.6564410855245433
ellipsometry,2,0.038505003683167775,0.2420454860478482,0.3505915500671309,0.46268268078285174,0.043722595091770594,0.2982048541241285,0.3477789242747688,0.4712479836579444,-32.33812180123854,-25.49241076227757,-21.841662861615667,-18.07168314065092,-28.324542027989754,-20.78688255350752,-19.31851905744115,-15.66141648061018,-0.08102964348489954,-1.4208044392458734,2,0.12,0.06,2.0,0.05,0.07,0.7142857142857143,0.09,0.02,4.5,0.8211711375505915,-13.092552492653212,0.11457106695504621,5.482676738642574,47.85393803475523,0.8483497781490276,0.855059556243073,667.0061196570572,0.9935738864029783,0.8936833695934456,0.9059059059059056,1.3339056900390587,0.5455455455455454,0.5816326530612245,0.11758884341279366,0.4454075485053097,0.23088056712900482,0.4562319219803722,-0.4636039404961981,0.5,1.0,0.3333333333333333,0.6666666666666666,0.9996417245938126,0.5454166825901259,0.9848101178776261,0.6074323335128907
ellipsometry,2,0.3084054835890526,0.25969819528388577,0.2674968881021665,0.5223040104149566,0.350036942322287,0.3243586268368287,0.22976224772617015,0.4875158352965686,-23.31701835374899,-24.959178186459514,-24.696246281616226,-16.10545759453108,-19.30715825716897,-20.069932841045535,-22.879919101757388,-15.223346550764251,0.161872157917802,-1.3651543393462815,2,0.12000000000000002,0.05,2.4000000000000004,0.05,0.06,0.8333333333333334,0.06999999999999999,0.05,1.3999999999999997,0.853053640538932,-14.797081707830618,0.11616902980922697,6.0019792511665555,51.66591527038677,0.858598889987841,0.8845917984817993,665.2528853393426,0.9932887023206487,0.8755450713835475,0.9259259259259256,1.9742886324203281,0.5855855855855854,0.5714285714285714,0.13866057321175562,0.4599423283614805,0.025916615145399332,0.4579542350535348,-0.5126354764025756,0.5,1.0,0.3333333333333333,0.6666666666666666,0.9996426149069506,0.5395568461917611,0.9833412577780684,0.6164026574554974
ellipsometry,2,0.07343710034726583,0.1859433856954154,0.26577607533136394,0.4759733675146729,0.08348819383139452,0.1968286610940945,0.25852600701374284,0.4760273853995962,-31.220426828106092,-27.429540909049358,-24.73958791589135,-17.657015127217672,-27.163920328977134,-23.80469309147591,-21.97608403506147,-15.529696684510377,0.02665619322683738,-1.536287961080962,2,0.12000000000000002,0.06,2.0000000000000004,0.04,0.05,0.7999999999999999,0.06999999999999999,0.06999999999999999,1.0,0.8704167823372135,-13.531127937406028,0.11843141170635874,5.4482793166140695,46.00366776107208,0.874304962131026,0.8950894480166368,465.09985438769644,0.9932315938826466,0.817990739660935,0.9459459459459456,0.9224970052592174,0.36536536536536524,0.5816326530612245,0.11177793182621522,0.44775509044756384,0.24046394263086668,0.45888935616429677,-0.45414074048557185,0.5,1.0,0.3333333333333333,0.6666666666666666,0.9996440234960865,0.555176341008467,0.9857818988610721,0.6802197575230368
ellipsometry,2,0.13061817057001268,0.3176065528528061,0.34032596843550383,0.4927627429568992,0.1484158189716051,0.4346325354042693,0.3936642273282239,0.5007376952045741,-29.260541458880358,-22.967125692758387,-22.202464666871833,-17.07194271466385,-25.224512911366816,-16.746575650500738,-17.960085294107657,-14.788495059011737,-0.0933876811078478,-1.3532755697347476,2,0.12,0.05,2.4,0.02,0.030000000000000006,0.6666666666666665,0.08,0.05,1.5999999999999999,0.8180251012316284,-13.352593619291447,0.11164988823062444,5.760295382671908,51.592486781298156,0.8371410343716467,0.8566543026750787,412.44152483351274,0.990744484340892,0.9011456759771456,0.9859859859859856,1.2738113231864785,0.5055055055055053,0.673469387755102,0.11450683745776065,0.44417162124854326,0.05417733255598735,0.4639248744840978,-0.5084456928781502,0.5,1.0,0.3333333333333333,0.6666666666666666,0.9996420515800185,0.5484742924519456,0.9835852316860025,0.604777162852661
ellipsometry,2,0.2894211501228305,0.23477225567346877,0.1897191451207696,0.3968312493606737,0.328824970560225,0.2511226179683946,0.1929629627767486,0.38974472349399814,-23.96396620037503,-25.80697666951402,-27.32637345242315,-20.341606784302428,-19.922676694880156,-22.229137426011285,-23.955506787571153,-18.114378577704088,-0.1420285499567951,-1.5361071016585612,2,0.08,0.06,1.3333333333333335,0.08,0.05,1.5999999999999999,0.05,0.05,1.0,0.8703905753095345,-13.772007410133492,0.11623514836586091,5.718590391771519,49.1984608112834,0.8690406665052384,0.9093639302417481,465.44096716473535,0.990221298657198,0.8315592414175124,0.9259259259259256,1.8004066355637218,0.4254254254254253,0.6632653061224489,0.13983361459380259,0.4322774412215648,0.19496579529374258,0.48654497347457026,-0.3681776000283334,0.5,1.0,0.3333333333333333,0.6666666666666666,0.9996494870116324,0.5793956887170428,0.9847226671292736,0.6960417971482388
ellipsometry,2,0.06708965527438335,0.13615252587072357,0.276502783639276,0.41661400870269705,0.07628945649734033,0.12604028084740088,0.2741874342767261,0.40456967700109553,-31.418585820811913,-29.092684152843024,-24.365963473192643,-19.647292944987797,-27.35732719092106,-25.883868227681745,-21.496227340308934,-17.634725813465757,-0.04365419300396865,-1.4145691940601337,2,0.12000000000000002,0.07,1.7142857142857144,0.06,0.05,1.2,0.07,0.06,1.1666666666666667,0.8622839216258864,-13.430353839723127,0.11305027819899284,5.649705241910134,49.97515558489326,0.8643622840301637,0.8921148891342886,325.1886161031215,0.9925316437037464,0.9111458967491735,0.9459459459459456,1.5317404637020797,0.4254254254254253,0.6326530612244898,0.15257306935135065,0.4516949188511525,0.19260919927987272,0.4766259206361639,-0.45312877803388,0.5,1.0,0.3333333333333333,0.6666666666666666,0.9996428543222661,0.551901818512539,0.9847732432688954,0.67678720336782
ellipsometry,2,0.02038194156635788,0.17187809208540003,0.32641517897144695,0.39029692771143154,0.02313084995636019,0.18035093720651435,0.30507495122009914,0.39434411313598583,-33.046350428067804,-27.935792455544778,-22.722651799956303,-20.5676704410022,-29.03735651520751,-24.3640021313263,-20.65659089742828,-18.00307227597362,0.005038553612946354,-1.3841026122663338,2,0.11000000000000001,0.030000000000000006,3.6666666666666665,0.02,0.02,1.0,0.05,0.05,1.0,0.8619972963372733,-13.02139700178602,0.11389466766045653,5.423327967672471,47.61704897230596,0.8676209439710858,0.8976531368860204,1209.042689701451,0.9919436865492898,0.8325468287416689,0.9259259259259256,2.067429290844337,0.5055055055055053,0.6224489795918368,0.10134491861998293,0.446126296971975,0.15057841824891594,0.45003106684234867,-0.4550336753579441,0.5,1.0,0.3333333333333333,0.6666666666666666,0.9996464815540225,0.5690028008742694,0.9857399632295203,0.6876793076954285
ellipsometry,2,0.1901741069113736,0.17179193682736546,0.20845986529711744,0.4101355191971637,0.21585696636868792,0.19539977475950607,0.21421891965298112,0.3856236776804526,-27.30800793005267,-27.927870113652588,-26.691396829732774,-19.890724730948325,-23.29587172964826,-23.903628339395055,-23.34453597142512,-18.25232308984412,-0.018496909572284535,-1.4686623858951995,2,0.09,0.02,4.5,0.06,0.05,1.2,0.06000000000000001,0.030000000000000006,2.0,0.8822344143868264,-15.324976307331694,0.1252999180484706,5.948717190176117,47.47582666315021,0.8900824503429693,0.9252858692583964,19.410740173542262,0.9953057284043496,0.8819819316459964,0.8658658658658656,1.216424293857368,0.5255255255255254,0.6938775510204082,0.12710847652046958,0.4459332683120679,0.1881669402700345,0.45674564739562773,-0.4443681887181801,0.5,1.0,0.3333333333333333,0.6666666666666666,0.9996398124976055,0.5086906674866092,0.9839134638623191,0.6524412242697158
ellipsometry,2,0.08284316634095684,0.10416791351415539,0.19869572513585124,0.5364196078508751,0.09415157632438602,0.10152988776665647,0.20261453779133476,0.4918744711492863,-30.875229159204533,-30.157351440180342,-26.97516085005607,-15.606001412228597,-26.83188663681212,-26.61333570597671,-23.619135131913257,-15.051046324141868,0.01784531696767897,-1.3337378517002123,2,0.11000000000000001,0.04,2.7500000000000004,0.04,0.05,0.7999999999999999,0.09,0.02,4.5,0.8525221079545331,-15.292899845450455,0.11859699048122763,6.301103959824729,53.13038665025916,0.8796414557470595,0.8855318317475188,471.09672808518565,0.9933688919131751,0.9116276396899509,0.9659659659659656,1.46273335620113,0.5255255255255254,0.673469387755102,0.11596923657162488,0.44434990290789267,0.06283466167307104,0.46013993506186696,-0.46427521460290616,0.5,1.0,0.3333333333333333,0.6666666666666666,0.9996476030996762,0.5858827271388092,0.9823317741041475,0.5867578690134195
ellipsometry,2,0.18262689534366652,0.2322591026681422,0.2690745039638532,0.5444755898428155,0.20726549935981836,0.25186444381342565,0.2795734529162768,0.5329833390669402,-27.542615509490247,-25.87018367213477,-24.629633381283583,-15.349579785135948,-23.53695704807756,-22.212776708825977,-21.390072819223697,-13.866119211717411,-0.031234032097035867,-1.4080644750438538,2,0.14,0.06000000000000001,2.333333333333333,0.06,0.08,0.75,0.08,0.06,1.3333333333333335,0.8672848381909641,-14.858594315758797,0.11928595051301434,6.0381876842438675,50.619437228570256,0.8827516978668455,0.8907696102811865,505.9207920998667,0.9932157437935331,0.863433076762021,0.9459459459459456,2.214855233726359,0.5055055055055053,0.6428571428571429,0.10374824028414935,0.42305750379990126,0.2423717408923962,0.4659794004034752,-0.5126952207871375,0.5,1.0,0.3333333333333333,0.6666666666666666,0.999639854861482,0.5097200931395943,0.9832510453543636,0.6379854018251043
ellipsometry,2,0.1440059095011673,0.22846725083638794,0.42660713478150764,0.5492060132017437,0.1632120175029655,0.2943131764938278,0.41549403241060834,0.5449484657607427,-28.833860798291255,-25.98881013038593,-19.314537614165847,-15.184837381848016,-24.869992060960747,-20.973563274357023,-17.37197363919345,-13.524486824114305,0.04209589539875178,-1.2506995462554247,2,0.12000000000000002,0.06999999999999999,1.7142857142857149,0.04,0.05,0.7999999999999999,0.06,0.05,1.2,0.8246643029838838,-13.391261632824136,0.11312447067814904,5.58607820735234,49.379927913610466,0.8423881822316512,0.8502353971274949,336.7043764789776,0.9933615980023156,0.8825725407453753,0.9459459459459456,2.067429290844337,0.6056056056056054,0.5816326530612245,0.11620559109872447,0.4686771789787236,0.12495815811777569,0.44232412530080467,-0.521733885402372,0.5,1.0,0.3333333333333333,0.6666666666666666,0.9996513803324663,0.5946495438498245,0.9852000015226854,0.5770271601494203
ellipsometry,2,0.2083336752822397,0.25261357887798586,0.3363401022366667,0.5316064006706855,0.23678043952620156,0.2598252454347275,0.37277831933491457,0.5208520554569352,-26.694426331350755,-25.20133942391236,-22.378140507910416,-15.79389957736332,-22.64339621650953,-21.959696927414555,-18.608575783969464,-14.21548570882994,0.03309504313887317,-1.4099927955803815,2,0.11000000000000001,0.04,2.7500000000000004,0.07,0.08,0.8750000000000001,0.06000000000000001,0.05,1.2000000000000002,0.8534693294294966,-12.881072526454165,0.11424643149019598,5.332028679245916,46.67129300842523,0.8636700433983812,0.8786169976334833,352.9772247410719,0.9908262045182539,0.8350997654272608,0.8658658658658656,0.7325965428215231,0.3453453453453452,0.6326530612244898,0.07636964853949421,0.42853918664820856,-0.009694655727365142,0.44984401396998597,-0.42497040349586235,0.5,1.0,0.3333333333333333,0.6666666666666666,0.9996407289707088,0.5238532371348078,0.9859416843822602,0.657042848466328
ellipsometry,2,0.03477242568864432,0.2749285847440188,0.3079904547510636,0.5126277960325736,0.03950468336416924,0.3004418300693858,0.3369644268077143,0.5059622235235602,-32.489276896333834,-24.405691058582804,-23.292838216458158,-16.404805361648815,-28.457187759841112,-20.726241810707528,-19.644164287935354,-14.637162224680441,-0.19232876706777294,-1.3691370883352914,2,0.1,0.04,2.5,0.04,0.06000000000000001,0.6666666666666665,0.09,0.06,1.5,0.8286365414957364,-12.002713567835263,0.10782968975610395,5.3996337328791695,50.075575150892156,0.8438952573340969,0.8499517511159491,1457.141449325407,0.9906281017720767,0.8264823039011404,0.8858858858858856,2.486055071882549,0.5255255255255254,0.5306122448979592,0.09434465684501948,0.4269325268106005,0.056479208151745265,0.45194466417971585,-0.458906213647236,0.5,1.0,0.3333333333333333,0.6666666666666666,0.9996427927029162,0.5541995675457396,0.9849354342054704,0.6720032665872195
ellipsometry,2,0.024232394554796168,0.2808735984269795,0.3241453923049119,0.6124117755648686,0.02756255368038743,0.40417927195150116,0.41163245620489197,0.5300540834998752,-32.884710410107026,-24.235548845876426,-22.777229874575468,-13.06225626654361,-28.81284739418262,-17.65387766228593,-17.433043446875537,-13.924268370046923,-0.022251485141383184,-1.3516412592393368,2,0.14,0.04,3.5000000000000004,0.04,0.04,1.0,0.05,0.05,1.0,0.8365864874388884,-11.840398168511914,0.10980546280561243,5.047206207749532,45.96498278673579,0.8362155383868488,0.8695528626000092,70.06301631538211,0.9907740757437953,0.8648413753209083,0.9259259259259256,1.216424293857368,0.3453453453453452,0.6224489795918368,0.11292373321273286,0.436551203292084,0.2105797872865065,0.45338695851638455,-0.42278635401667575,0.5,1.0,0.3333333333333333,0.6666666666666666,0.99964262777815,0.5420783954456752,0.9867077332267651,0.6655691243512651
ellipsometry,2,0.06581103664263603,0.18463067551500148,0.2117815206296094,0.40704481079052784,0.0747975852942363,0.19513846399951656,0.2218031460162224,0.3722965624123995,-31.48187233985933,-27.477688123205247,-26.56271323766873,-19.982402171463832,-27.43302713180995,-23.864819204426084,-23.074189031397395,-18.611933086607134,-0.052155312639552594,-1.4238871135948692,2,0.11000000000000001,0.05,2.2,0.030000000000000006,0.030000000000000006,1.0,0.06,0.06,1.0,0.8713651509474138,-13.593234501149595,0.10830209107698723,5.95506638055108,54.985700842266134,0.8735178148015761,0.8923493707470521,52.42530038302587,0.9930033694974333,0.8446206021110383,0.9459459459459456,1.9742886324203281,0.46546546546546536,0.5714285714285714,0.14300357986649948,0.4891674044839283,0.2535626528943724,0.44042905294636353,-0.48694687987930263,0.5,1.0,0.3333333333333333,0.6666666666666666,0.9996474316543641,0.5714362173917794,0.9838824872911116,0.6911095852181363
ellipsometry,2,0.025059213067701137,0.12675052042444365,0.2316171379969432,0.5441449097173175,0.02850170206686078,0.11033810999644854,0.25601238122995607,0.5435244838333043,-32.87380936852549,-29.444903021299478,-25.908929102260018,-15.37087537877878,-28.801192480051622,-26.375057363118774,-22.056374835199154,-13.532745483464272,-0.0012589307540052117,-1.2957862241428282,2,0.11000000000000001,0.030000000000000006,3.6666666666666665,0.04,0.030000000000000006,1.333333333333333,0.14,0.12000000000000002,1.1666666666666665,0.8741294496984723,-14.85283002010335,0.1214544660541119,5.8639019902136615,48.28066172223838,0.8787798327831955,0.918996340584527,47.77360381239081,0.9940259245076275,0.9001799913105972,0.9259259259259256,1.8853440944102444,0.5655655655655654,0.6836734693877551,0.14579563146470975,0.47480446161533046,0.1781955019540975,0.458456333747344,-0.5365575615814159,0.5,1.0,0.3333333333333333,0.6666666666666666,0.9996388671290968,0.5082605572563272,0.9841763410098893,0.6401267210617245
ellipsometry,2,0.14753455018426934,0.16094141286359975,0.2767815899852275,0.5075692721742024,0.16736170997580865,0.15080980116390932,0.24766669920847287,0.5090294802624507,-28.694894191137873,-28.24360492645077,-24.34430129331666,-16.5757423183317,-24.70710452446972,-25.198253857853373,-22.324192536660217,-14.56870299495405,-0.0046877043775688295,-1.506216277007384,2,0.1,0.04,2.5,0.01,0.04,0.25,0.07,0.06000000000000001,1.1666666666666665,0.8798451095377904,-14.490387645279933,0.11794595197000038,5.923364411045967,50.221006419555444,0.879830746921158,0.91475737746297,884.604800401236,0.9923136280241849,0.8821001046117563,0.9459459459459456,1.3339056900390587,0.5055055055055053,0.673469387755102,0.14231202473803192,0.4715063988242504,0.3124995440898932,0.45638991629752945,-0.4922703837494843,0.5,1.0,0.3333333333333333,0.6666666666666666,0.9996381498245576,0.5105306876882818,0.9840452507001257,0.6532344509170861
ellipsometry,2,0.030583446316437442,0.22343776147263755,0.41645207981121746,0.5281072642670422,0.03474145227846989,0.20124833209672272,0.42194641750241446,0.5412386921459076,-32.65819390674659,-26.161220447615946,-19.658856720559715,-15.897360539381278,-28.626209252347884,-23.688194670779076,-17.143057526613116,-13.605263819223584,0.013450646113177022,-1.380902149507316,3,0.12,0.06,2.0,0.06,0.04,1.5,0.04,0.030000000000000006,1.333333333333333,0.8581069048372482,-14.130128608716852,0.1229315775770149,5.4652924889566705,44.45800335989947,0.861027179853954,0.8920280444244726,58.64424291702463,0.9942278431558761,0.8154729443601259,0.9059059059059056,1.429784237094935,0.4454454454454453,0.7346938775510204,0.10818816537526285,0.44821802882710265,0.31848752144773457,0.4430801272599254,-0.47646184241413525,0.5,1.0,0.3333333333333333,0.6666666666666666,0.9996400609507071,0.5238422930754991,0.9855254981411219,0.6275855327495036
ellipsometry,2,0.14410159652848709,0.23931504511905094,0.3010779190584934,0.48050198769987335,0.16357634302030843,0.1757170845332652,0.28567235638488264,0.44102765810609273,-28.827070922668643,-25.620236064489823,-23.54003268962816,-17.496943543790096,-24.817207149028206,-24.456983840474454,-21.19454292802719,-16.585055053859303,-0.03655560883516607,-1.3146267491197934,2,0.11000000000000001,0.08,1.3750000000000002,0.01,0.05,0.19999999999999998,0.09999999999999999,0.06999999999999999,1.4285714285714286,0.8733360762931285,-13.93858773443542,0.11177149349421625,6.072983016913253,54.333916699677154,0.9088132624854489,0.8855804278634611,514.4345061914972,0.9938161497554902,0.9123460959142389,0.9059059059059056,1.1092898648952227,0.5055055055055053,0.6530612244897959,0.10706994905798964,0.43202880219469875,0.17401212459765314,0.46242103735236295,-0.44525500389609496,0.5,1.0,0.3333333333333333,0.6666666666666666,0.9996409450528783,0.5226835014177363,0.9835663200448054,0.6306797109337086
ellipsometry,2,0.05472999887396536,0.15520182022684684,0.21781235980363778,0.4437059802730104,0.062191664738741645,0.12417128183828574,0.17728192164533046,0.42579833902416714,-31.83945364853948,-28.45526934655306,-26.346363562607117,-18.737606858313494,-27.79822571160634,-25.961044999012135,-24.38675577856843,-17.020308708749923,0.024929099227164967,-1.4879540553441166,2,0.11000000000000001,0.05,2.2,0.08,0.06999999999999999,1.142857142857143,0.05,0.04,1.25,0.8729347607284581,-15.238364070683929,0.11412312381107757,6.44446324685012,56.46939052876308,0.8823385696947854,0.9003404856284143,50.61792226247543,0.9928903789460722,0.9011493494249647,0.9459459459459456,2.1150728248687947,0.46546546546546536,0.673469387755102,0.10855623139925039,0.43804987762775655,0.2648283364784288,0.45148107159857936,-0.4669492354467033,0.5,1.0,0.3333333333333333,0.6666666666666666,0.9996385212187282,0.5098061429824148,0.9814279686513204,0.6515419333666899
ellipsometry,2,0.21496954832954518,0.24975751051498163,0.18854006144499186,0.47165620119747026,0.24429414097128072,0.26721671419982634,0.191989470118009,0.4775542487870083,-26.424938971308286,-25.253940093837688,-27.314582903567477,-17.78460008719109,-22.384333699540704,-21.705357187357244,-23.933620624388773,-15.475068633303259,0.11399589165264398,-1.459020511054493,2,0.1,0.030000000000000006,3.333333333333333,0.13000000000000003,0.08,1.6250000000000004,0.06,0.030000000000000006,1.9999999999999996,0.859641026654915,-14.321144798603747,0.11767348961644646,5.661637288850012,48.11310778072415,0.8590198868357435,0.8935798168603235,86.68819297986961,0.9903018748262891,0.8302224718574044,0.9859859859859856,1.8853440944102444,0.5055055055055053,0.6530612244897959,0.13090845969313347,0.43496282504849687,0.22173408534307595,0.47229409087621016,-0.4385115333755647,0.5,1.0,0.3333333333333333,0.6666666666666666,0.9996393290138322,0.5401894718324897,0.9844422149071401,0.668704199471638
ellipsometry,2,0.22064780036338272,0.29152489054423386,0.27945173570147885,0.437085726692894,0.2515267683331395,0.3182547519744943,0.2770625153717771,0.42048262619258664,-26.287870527363445,-23.89715709780076,-24.304389580766916,-18.98733017190655,-22.146918419657716,-20.17247344622531,-21.39132946534032,-17.147605896211413,-0.02901112680766812,-1.5584668559206072,2,0.13000000000000003,0.05,2.6000000000000005,0.08,0.06999999999999999,1.142857142857143,0.05,0.05,1.0,0.8748781459713662,-12.882811416832423,0.10883694394746321,5.695076139545738,52.32668185074007,0.8835991239520318,0.881735599803854,1083.6289967803325,0.9942149284712172,0.8517000817514393,0.9859859859859856,1.679674872092653,0.46546546546546536,0.6224489795918368,0.15203521559955535,0.46251917383636976,0.16611647805644067,0.4694651644562561,-0.40076296291252356,0.5,1.0,0.3333333333333333,0.6666666666666666,0.9996490910992101,0.582219382685531,0.9851471456111415,0.6987802630397754
ellipsometry,2,0.1443087934104833,0.18129648629127634,0.21851249045528912,0.592965004841095,0.16406467368757638,0.17584097420850142,0.20246570716822682,0.5345004276000231,-28.826762730793277,-27.580711072878373,-26.32696800112229,-13.712307825787928,-24.770182115544678,-24.421230349338693,-23.632294335473357,-13.793542179776445,0.02792154180989072,-1.311545680517525,2,0.08,0.06000000000000001,1.333333333333333,0.02,0.04,0.5,0.06999999999999999,0.06999999999999999,1.0,0.8509502192370655,-14.7519870602274,0.11901707609351578,5.904161738665649,49.60768599311369,0.8531379253305112,0.907980576154671,160.73877908791593,0.9920195417599202,0.8647614424449652,0.9459459459459456,2.0197857568198785,0.5255255255255254,0.6122448979591837,0.1563928071085998,0.43876991946724314,0.15643386980630758,0.4774397682010054,-0.5107677797882247,0.5,1.0,0.3333333333333333,0.6666666666666666,0.9996448573965983,0.5622491934916679,0.9838836201629254,0.6016734417713606
ellipsometry,2,0.04675297178051273,0.17008150222945345,0.2396279103833485,0.5549359877432254,0.053161090354598664,0.1727738419872699,0.22866635372700553,0.52011076187205,-32.11532342247963,-27.960329464633382,-25.617279526249686,-14.99440782315418,-28.054225146260713,-24.510176596414535,-22.854117585358683,-14.218808072379495,-0.04446936406085932,-1.3449925088236725,2,0.12,0.030000000000000006,3.999999999999999,0.08,0.08,1.0,0.04,0.04,1.0,0.831757747642184,-12.791002403768466,0.11368157597281506,5.2637007334793235,46.302144287109854,0.8319423384052217,0.8691021024033067,192.55167723573032,0.9922177019451625,0.8832302715467601,0.9059059059059056,1.46273335620113,0.46546546546546536,0.5714285714285714,0.13914498889055046,0.45816154787302976,0.15978719469188551,0.45299685794430156,-0.4725916105266677,0.5,1.0,0.3333333333333333,0.6666666666666666,0.9996386953080094,0.5267566113054412,0.9854863740300157,0.654938126803171
ellipsometry,2,0.1424342580181798,0.25592315884689903,0.3185935389612813,0.4736788711187537,0.16202277042874522,0.24861901837087233,0.310850172791418,0.44402599698880035,-28.926568199060004,-25.09847168243411,-22.98453576394668,-17.753349141496344,-24.848496178085508,-22.280662041199193,-20.435324783565164,-16.486268840511457,-0.07792903310714909,-1.457914806309764,2,0.12000000000000002,0.05,2.4000000000000004,0.07,0.04,1.7500000000000002,0.1,0.07,1.4285714285714286,0.8682991462594285,-14.464441411335946,0.11445725514682434,6.123943524954301,53.50419697815209,0.8761952587320884,0.8894211560876715,49.93612765244774,0.9924977741511021,0.9018463527524267,0.9259259259259256,1.46273335620113,0.5055055055055053,0.6836734693877551,0.08611238975734047,0.42682027279703066,0.18576725369008495,0.4623764237867689,-0.4497558496776906,0.5,1.0,0.3333333333333333,0.6666666666666666,0.9996391080314193,0.5098450862432509,0.9829666078823333,0.6380762851165601
ellipsometry,2,0.008363429395124336,0.20551610004562065,0.2903391387748336,0.5454024890462023,0.009498117820658802,0.21689736869966122,0.2751614466024019,0.5361793310359348,-33.4042176999585,-26.762943138532986,-23.905598688283128,-15.313547999240424,-29.379940918838567,-23.228132580999187,-21.49992267320298,-13.757696069307514,-0.11213599768973274,-1.3682740403182787,2,0.11000000000000001,0.05,2.2,0.09000000000000001,0.08,1.125,0.06999999999999999,0.05,1.3999999999999997,0.8453590931724755,-13.38657216823843,0.1144895022105328,5.612904161334203,49.025491883201035,0.8539157619661728,0.8765660100958851,131.46173587009508,0.9907150850752902,0.9030643397314795,0.9659659659659656,1.3968351179887397,0.4854854854854853,0.6632653061224489,0.1219900167963041,0.45370459938164065,0.05788329952300149,0.44084472934690044,-0.4451499211509158,0.5,1.0,0.3333333333333333,0.6666666666666666,0.9996393701512032,0.5139656152760478,0.984654068461273,0.6314645397974934
ellipsometry,2,0.2443602345207047,0.27320315341466117,0.3425380381622061,0.5435268685549969,0.27819097065155124,0.26532766503428834,0.3655562577002451,0.5594535272997053,-25.46375067294298,-24.491794287177903,-22.15532881936486,-15.38235352217124,-21.365712621057174,-21.7464694140601,-18.77968011073586,-13.040276512516495,0.014433827555613843,-1.2967322355510713,2,0.12000000000000002,0.030000000000000006,4.0,0.02,0.02,1.0,0.07,0.09,0.7777777777777779,0.8364991334607028,-12.185953060053045,0.11005255184031744,5.1973652495080955,47.22621295550964,0.8402826603630448,0.8634157181862825,45.81723451892909,0.9890132770781583,0.8699496905215409,1.0260260260260257,2.3193450592744274,0.5255255255255254,0.6326530612244898,0.12430415133673037,0.43743109121924184,0.04584471391431042,0.4651625394490175,-0.5068038800101308,0.5,1.0,0.3333333333333333,0.6666666666666666,0.9996397628997702,0.5005435959855195,0.9862651084736753,0.6391476109626573
ellipsometry,2,0.24398329486184892,0.2007391454538726,0.27121049817524057,0.5357285646462824,0.27808389275163214,0.2604584798072258,0.26454485426743823,0.521338841591068,-25.515305774386366,-26.974781057933356,-24.596396955042717,-15.66900249009533,-21.37668584548641,-21.898592631644206,-21.777590839045438,-14.173654122699974,0.05316043566706795,-1.454343786612942,2,0.1,0.04,2.5,0.04,0.04,1.0,0.08,0.06,1.3333333333333335,0.8828529895639259,-15.10521788131916,0.12067172685645741,6.02882278076484,49.960524621780735,0.8848297403529536,0.9190373939382066,1166.0720197844294,0.9909221022703127,0.8915755100394545,1.0060060060060056,2.543345761304648,0.5055055055055053,0.6938775510204082,0.1270367048219106,0.4694840517168375,-0.047155270578428346,0.4482865888940663,-0.5058340836640105,0.5,1.0,0.3333333333333333,0.6666666666666666,0.9996406792479533,0.513533007679834,0.9838158047185812,0.6382164396538286
ellipsometry,2,0.3277664786229558,0.1581958394057695,0.2489655318718238,0.3863979989183507,0.3723661754824819,0.1572946276569285,0.24688348559365098,0.37010923679547575,-22.65652862337849,-28.371628984989172,-25.31238532918381,-20.680449365855505,-18.61975043407041,-25.00018818224227,-22.34239296583962,-18.686706091103968,0.005463773005580209,-1.3859631489622517,2,0.11000000000000001,0.05,2.2,0.06000000000000001,0.030000000000000006,2.0,0.07,0.05,1.4000000000000001,0.8404923319738113,-12.896420869436923,0.11164655131062223,5.359749749315235,48.00640670398656,0.8396558419245373,0.8874463369212887,102.00118375402394,0.9930500727935658,0.8825725407453752,0.9859859859859856,1.60400310705682,0.6056056056056054,0.5918367346938775,0.11148617494721956,0.46125102740671486,0.16278902823738226,0.4236947670737434,-0.4874909757016213,0.5,1.0,0.3333333333333333,0.6666666666666666,0.9996411830515758,0.5171495456230428,0.9855677039869261,0.6504464761817824
ellipsometry,2,0.06659315908732061,0.16090792005938023,0.21026942991340658,0.5445763796236949,0.07564521356763056,0.19486236740760154,0.21617959157344435,0.525567940660329,-31.44867335380752,-28.270987075707687,-26.607881630570663,-15.34429366386306,-27.416891220620613,-23.880842306893676,-23.248561255657663,-14.071926010892657,-0.018785825509784252,-1.4393556404488042,2,0.12000000000000002,0.030000000000000006,4.0,0.05,0.06999999999999999,0.7142857142857144,0.06,0.06,1.0,0.8718623284667548,-13.542553709969548,0.11726044868375156,5.496008648531812,46.87009737916326,0.8756689411832089,0.8845445789757438,97.44672010786368,0.9907198446681271,0.8680619217856754,0.9659659659659656,1.8418966807997108,0.4854854854854853,0.673469387755102,0.10154408243523813,0.44684737301563476,0.1498734204635581,0.45050291516805285,-0.45868175373740183,0.5,1.0,0.3333333333333333,0.6666666666666666,0.9996414382931763,0.5455647646109674,0.9856274033946075,0.6743406847213572
ellipsometry,2,0.020716817033706904,0.24282556592772267,0.4423632444783131,0.5573672216193746,0.023594264562502593,0.1631415983803673,0.4649462769624165,0.5608956955968799,-33.03668288069754,-25.543716157819954,-18.81219750857821,-14.932472022718404,-28.922447770467432,-24.78886853452947,-15.84900907204806,-13.006858572165399,-0.050336838958442154,-1.358208853550834,2,0.14000000000000004,0.10000000000000002,1.4000000000000001,0.030000000000000006,0.05,0.6000000000000001,0.030000000000000006,0.030000000000000006,1.0,0.8610828624800752,-13.14072506028665,0.11450643910199128,5.539208122483041,48.374643084912016,0.8804953976221743,0.868427457773457,396.3357273309446,0.9924649423742562,0.8838933186849928,0.8858858858858856,1.679674872092653,0.5655655655655654,0.5918367346938775,0.11941912295154378,0.4605927347137204,0.10975834543325336,0.4406193608731935,-0.5064646382874767,0.5,1.0,0.3333333333333333,0.6666666666666666,0.9996406851690518,0.5254608641276386,0.985560221419947,0.6268666608715335
ellipsometry,2,0.06260239323632562,0.1980880323964881,0.2362527252284557,0.4884902233960472,0.07117724270938229,0.2220166066676103,0.23094835388958299,0.45544084988049216,-31.621329620648485,-27.050978657689576,-25.76356515972158,-17.25481176127604,-27.557442543654833,-23.08215694909687,-22.817159016012262,-16.156642775220504,-0.11343781864954866,-1.461177822764186,2,0.13000000000000003,0.04,3.250000000000001,0.05,0.030000000000000006,1.6666666666666665,0.04,0.030000000000000006,1.333333333333333,0.8690211747541613,-15.239437109000473,0.12000263745173344,6.232410668560988,51.935614090713145,0.8809425139460136,0.8965289051720813,496.6057482946211,0.9936129705087635,0.850022190038773,0.9459459459459456,1.9287915080207778,0.5255255255255254,0.6836734693877551,0.09801641512076965,0.44144872322796486,0.08933915649704897,0.44890299339492634,-0.48821764887204805,0.5,1.0,0.3333333333333333,0.6666666666666666,0.9996419815267902,0.5355314595027759,0.9826031570282648,0.6216755147264924
ellipsometry,2,0.032443900166656714,0.29760625226304027,0.31033774716336004,0.42054659795292254,0.03689522509915694,0.40127653200951496,0.3017258264774203,0.4134015849827156,-32.59687719945473,-23.663581620321715,-23.23465871248961,-19.521732530639085,-28.53226632844433,-17.737361386826386,-20.686580742237325,-17.378153074611888,-0.09197146251598033,-1.4299308321397033,2,0.11000000000000001,0.06,1.8333333333333337,0.05,0.05,1.0,0.09,0.05,1.7999999999999998,0.8490357037718975,-12.17165700792936,0.10543150770078442,5.484081491634569,52.015584441782266,0.8499235328148222,0.8814071785877808,121.39234360797964,0.9881791296247284,0.866515059897691,0.8658658658658656,1.5678717853794497,0.4854854854854853,0.5918367346938775,0.09917539797317235,0.3937323414615655,0.17705935986821944,0.4761412731386523,-0.43600248144626635,0.5,1.0,0.3333333333333333,0.6666666666666666,0.999644242780154,0.5584891061745543,0.9853176625768248,0.6786060151302977
ellipsometry,2,0.1979877102954289,0.2523268122060305,0.34701329313852675,0.533138789787781,0.22466792895986956,0.20632757217302947,0.39486432063230376,0.5107382906973719,-26.999344904627502,-25.17004606079998,-21.982472766326396,-15.716650478952957,-23.00155003538406,-23.545648041975436,-17.952383407150137,-14.514784190243367,0.08570080123765333,-1.4738804378304549,2,0.14,0.06999999999999999,2.0000000000000004,0.05,0.04,1.25,0.06999999999999999,0.06999999999999999,1.0,0.8584671020443951,-12.344497531002755,0.10649552225594996,5.427984873020141,50.96913708704665,0.8614364091639131,0.8769968458904969,2.9939283238202097,0.9908536310327809,0.8112241689656701,0.8458458458458455,1.3038585066127686,0.4854854854854853,0.5816326530612245,0.09560319196514268,0.4176547801261521,0.110347052817841,0.4658994691145735,-0.4689568947090859,0.5,1.0,0.3333333333333333,0.6666666666666666,0.9996442680248876,0.5642884212329973,0.985785550951568,0.6840946096072963
ellipsometry,2,0.13304385673956193,0.14397485599191662,0.4441299807364902,0.4798997059407398,0.15093823783417495,0.1399013811156405,0.46412790359805395,0.4818301020522387,-29.16068258920462,-28.79301070400178,-18.697080952258545,-17.493940965198263,-25.173024038338838,-25.500245298161758,-15.887561736135115,-15.362726103351541,-0.13016832825320868,-1.286757800466081,2,0.13000000000000003,0.030000000000000006,4.333333333333334,0.05,0.05,1.0,0.12999999999999998,0.08,1.6249999999999998,0.840832777689519,-12.809255042710761,0.1125762204691697,5.521375392933167,49.04566319532161,0.8719152194552123,0.8699641215835051,2017.8396451612134,0.9933341980713377,0.8983248078731453,1.0060060060060056,2.543345761304648,0.6056056056056054,0.6836734693877551,0.0877608074077478,0.4557758513391652,0.10503181388531613,0.4437134862042299,-0.49204686030787864,0.5,1.0,0.3333333333333333,0.6666666666666666,0.999637037807027,0.506037812200633,0.984768612150962,0.6434279368316767
ellipsometry,2,0.06598979262047883,0.23713429276401005,0.26872134760303873,0.5057942716119643,0.07497685872610485,0.3304048350205194,0.291196781273226,0.4811006401324113,-31.53497079769116,-25.756621940719086,-24.69014874367715,-16.68585962940741,-27.487986625187965,-19.897689169050324,-21.06279565008498,-15.419612793919843,-0.013126727688422544,-1.3511000778192577,3,0.11000000000000001,0.05,2.2,0.07999999999999999,0.09,0.8888888888888888,0.07,0.05,1.4000000000000001,0.8139496870472971,-10.676317176929812,0.10310481862324306,4.813606120068765,46.68652914911997,0.8169731420612002,0.8350198065975086,527.0247342913148,0.9882418431686336,0.8600693745979763,0.9059059059059056,1.46273335620113,0.46546546546546536,0.6836734693877551,0.10614699528054759,0.4460208141182741,0.09462144936277923,0.45406524763429285,-0.44433123358935,0.5,1.0,0.3333333333333333,0.6666666666666666,0.999649715906965,0.5799365473777792,0.9871629047085343,0.6854949054754045
ellipsometry,2,0.05010299942449118,0.25822295720748695,0.22843738493586846,0.5125125557072813,0.056948605044072634,0.27768758590962184,0.24818726902893637,0.5039695046715043,-32.03207434659715,-25.013930319743103,-26.018348340731038,-16.438870792471487,-27.9785075636755,-21.429609721227138,-22.304826961127045,-14.71626365179239,-0.17701680972399098,-1.3990895937165277,2,0.13,0.05,2.6,0.05,0.06,0.8333333333333334,0.09,0.04,2.25,0.8772933385766517,-13.177533223882067,0.11397199710206075,5.71791644534327,50.169485406340065,0.9025580759461899,0.8923547387107305,2419.3994688471735,0.9921975191388948,0.822852096772929,0.8858858858858856,2.0197857568198785,0.4854854854854853,0.5612244897959183,0.09860273546773547,0.40914265214200396,-0.023595898501564273,0.45073918510230104,-0.4541676929891101,0.5,1.0,0.3333333333333333,0.6666666666666666,0.9996439880596389,0.5480096219036902,0.9850006008527917,0.677021198904218
ellipsometry,2,0.020840937728037443,0.13381830859801339,0.2383186802847691,0.473148812636642,0.023686831461739482,0.12203584748400122,0.26135069684557344,0.45411107408510826,-32.961357487941896,-29.158208793538293,-25.640420681770554,-17.735351689781886,-28.916869487924203,-26.003925411957805,-21.87763740669617,-16.168376433166422,-0.03212203986051217,-1.4140474162374737,2,0.1,0.05,2.0,0.04,0.04,1.0,0.1,0.05,2.0,0.8599682877841212,-14.115364856389464,0.11493914961656282,5.903868425349073,51.365165350921664,0.8683067187971562,0.8926759209922223,102.8075198703112,0.9891892772631714,0.8675434784400408,0.9859859859859856,2.1150728248687947,0.5455455455455454,0.6632653061224489,0.11723438831544074,0.4427341760582899,0.1553063675015565,0.4622133237279683,-0.44045679800756027,0.5,1.0,0.3333333333333333,0.6666666666666666,0.9996398569364454,0.5082340607329388,0.9837475336683117,0.6376656057601197
ellipsometry,2,0.2117302850411207,0.2490772320358224,0.28355740695095477,0.6831626530889172,0.2402309019457187,0.2693016845675672,0.296067791629067,0.6680716195937794,-26.580323209127357,-25.320990390480247,-24.158324647829872,-10.683702450827141,-22.579855172463077,-21.715889971677036,-20.920418265171637,-9.86470070498606,0.0633548406512863,-1.2617459161295597,2,0.1,0.05,2.0,0.05,0.06,0.8333333333333334,0.08,0.06000000000000001,1.333333333333333,0.8753145584511397,-15.699270940985436,0.1243038969720111,6.168638994038652,49.62546745761007,0.8953672969467625,0.9041948899799904,221.61331521829874,0.994237590483462,0.8461575915735984,1.0460460460460457,1.6418389895747365,0.5255255255255254,0.6224489795918368,0.10880355825085852,0.4129002037899195,0.04307081431829117,0.4867851485128492,-0.507254482501235,0.5,1.0,0.3333333333333333,0.6666666666666666,0.9996591659240378,0.6131747356067917,0.9841141931422003,0.5732947290213807
ellipsometry,2,0.07738046630998788,0.1373559045277555,0.4424634065962497,0.6762719108798473,0.08791799434913264,0.15736769541093934,0.3176850980122596,0.6893054266527554,-31.077351909993464,-29.057149940070857,-18.779963227755427,-10.904399247325003,-27.040132695467324,-24.981185012323756,-20.22831869890617,-9.211038523971247,0.05930283627135035,-1.127496642217623,2,0.1,0.06000000000000001,1.6666666666666665,0.06,0.05,1.2,0.1,0.07,1.4285714285714286,0.8679406913889924,-13.713513102906454,0.11439189291221925,5.712613136427798,49.9389684967577,0.8813262403930558,0.8965226643156362,553.8206115522061,0.9924574284375318,0.8889578519023235,0.9659659659659656,1.4972369099516047,0.5055055055055053,0.6836734693877551,0.09991305653912032,0.40689826254628375,0.197119991737771,0.4760431820674059,-0.5454739676951912,0.5,1.0,0.3333333333333333,0.6666666666666666,0.9996486819848863,0.5797502496557069,0.9855625564295446,0.5932766500536505
ellipsometry,2,0.17360158493301442,0.1703173357754083,0.27831903039464845,0.4846882430124692,0.1971766679874469,0.17859085832248828,0.25763056858460387,0.4780716620232767,-27.867000547354927,-27.977748791064037,-24.33582108622246,-17.376839974778935,-23.83520539264068,-24.387003743645618,-22.04037572082817,-15.49564971502381,0.014118670069147177,-1.3959775502016878,2,0.13,0.030000000000000006,4.333333333333333,0.06000000000000001,0.08,0.7500000000000001,0.05,0.05,1.0,0.8399917608344745,-14.217584238822157,0.11813957400241884,5.721945916261167,48.4337781355468,0.8497885962545743,0.8534518276138794,1097.3223540816452,0.9947152439344356,0.8838119218558563,0.9259259259259256,2.214855233726359,0.4454454454454453,0.7040816326530612,0.152338741433237,0.49848334115313814,0.181745141892963,0.4407982083825622,-0.45028440743204906,0.5,1.0,0.3333333333333333,0.6666666666666666,0.9996407614268283,0.5037783709221417,0.9837952840319883,0.6418320225659847
ellipsometry,2,0.008299166016451706,0.20239268762067678,0.29330184366025386,0.5394760319346423,0.009423252226797867,0.2246552921846545,0.2784977162987214,0.5114436334403504,-33.453000670933214,-26.905652432484878,-23.839017865112517,-15.534834785595038,-29.429044838706986,-23.03471611164468,-21.435111520642977,-14.51452121205207,-0.058636823533289265,-1.3915814069660566,2,0.12000000000000002,0.04,3.0000000000000004,0.08,0.06,1.3333333333333335,0.07,0.05,1.4000000000000001,0.8098075435737341,-11.497832156166899,0.108151330129884,4.990862211209562,46.14702570200294,0.8171097539888887,0.8389300219535495,768.880810196762,0.9925714401295263,0.905899087031849,0.8858858858858856,1.429784237094935,0.40540540540540526,0.6632653061224489,0.15293267689587448,0.4522783321011023,0.1267980128951518,0.46733848664039584,-0.4514559403458403,0.5,1.0,0.3333333333333333,0.6666666666666666,0.9996394509713695,0.508714830106519,0.9864971179252584,0.628537059997619
ellipsometry,2,0.012196204078511992,0.2582999519681055,0.23285221655985175,0.5258460543373782,0.013851462010257663,0.4041725766894777,0.24896753074365136,0.5276339688366434,-33.29995815895047,-25.003528704719326,-25.861400002474742,-15.984253772518944,-29.271461020573387,-17.685712166622963,-22.29260278967311,-14.021055993072892,-0.023060973563624156,-1.41185246459647,2,0.12000000000000002,0.02,6.000000000000001,0.04,0.05,0.7999999999999999,0.04,0.030000000000000006,1.333333333333333,0.8592507158595418,-13.491452895683285,0.11715671809954606,5.438972505974903,46.42475987892987,0.8601634889558774,0.8812174378537332,104.19296921136763,0.9917547284049975,0.8641209097064315,0.9659659659659656,1.3968351179887397,0.4854854854854853,0.6530612244897959,0.13995277618277874,0.4612484620941523,0.3198623667146143,0.45450421422741916,-0.4718715008760397,0.5,1.0,0.3333333333333333,0.6666666666666666,0.9996407874128574,0.5308383833889776,0.9855345031185699,0.6625546888451191
ellipsometry,2,0.22700343874587328,0.10667108260233753,0.2344324573525018,0.44216022412619704,0.2574752591721852,0.11689327768073149,0.23283153651636945,0.434252401226111,-26.036419158780344,-30.08950790452282,-25.786191600113405,-18.78941117736166,-22.05015028025822,-26.224898471311242,-22.78197476791088,-16.80054399231431,0.10773875110111349,-1.318784349318757,2,0.09,0.05,1.7999999999999998,0.06,0.030000000000000006,1.9999999999999996,0.12000000000000002,0.07,1.7142857142857144,0.8832514422026586,-16.008363537459644,0.12639342413522975,6.129825441646602,48.49797751414847,0.8924763097028708,0.9389966035710241,380.86578246074316,0.993403123124803,0.9193541855807333,0.9059059059059056,1.3968351179887397,0.38538538538538525,0.6632653061224489,0.10874415156661398,0.41828712600074236,0.045031474485179634,0.46617418276651806,-0.40892488045715997,0.5,1.0,0.3333333333333333,0.6666666666666666,0.9996415387184917,0.5366633369732295,0.9833884256801139,0.6234390147464113
ellipsometry,2,0.16201498135961034,0.197120106200136,0.21389799062134643,0.5584377253379403,0.1841309656464216,0.20085941634974333,0.22304203761143637,0.5376009426441402,-28.204410148342767,-27.022862367312733,-26.458162136269127,-14.86184504922323,-24.16181538532696,-23.666405312684056,-23.009470955428654,-13.693865299145113,0.029224615045544553,-1.3629045847724703,2,0.12000000000000002,0.030000000000000006,4.0,0.02,0.030000000000000006,0.6666666666666665,0.08,0.06000000000000001,1.333333333333333,0.8589393750217427,-13.35046628901427,0.11391905090752368,5.581074132656305,48.99157856561556,0.8722985028747255,0.8763013508271766,1198.662657929993,0.9909535450450141,0.876458716537734,0.9659659659659656,2.214855233726359,0.46546546546546536,0.6530612244897959,0.10564247064675096,0.45224133853294457,0.34340179929958425,0.4453015439612318,-0.48227047550972213,0.5,1.0,0.3333333333333333,0.6666666666666666,0.9996388145959068,0.5216753711459986,0.9849883644689312,0.6566902731011857
ellipsometry,2,0.1969432121258433,0.22467710326976711,0.29959775007237555,0.552060028886373,0.22396931378885496,0.2272544958555261,0.3677394412943167,0.5446103318655786,-27.095178122503857,-26.159435181380115,-23.631608630603253,-15.11351810827965,-23.02380748914959,-22.92634046778845,-18.75833732515712,-13.510811154730415,-0.050882161631862065,-1.350757153730422,2,0.12000000000000002,0.06999999999999999,1.7142857142857149,0.02,0.030000000000000006,0.6666666666666665,0.09,0.05,1.7999999999999998,0.8492600795910891,-13.92523309188409,0.11978746089934039,5.606492871547963,46.80367068018248,0.8691681515559573,0.8842738051632664,39.6569885438319,0.992218642236709,0.9006624690831749,0.9459459459459456,1.1616226326085017,0.4854854854854853,0.6020408163265306,0.10645108879258385,0.43627165072891805,0.3136371998313127,0.4466458376170399,-0.45929321528911266,0.5,1.0,0.3333333333333333,0.6666666666666666,0.9996458021190705,0.5597206120567151,0.9851620437114895,0.6033453672509619
ellipsometry,2,0.23850694030819825,0.1623416720924824,0.21984622094896028,0.45603113079670143,0.2707715022590896,0.179422301431389,0.22186132310349996,0.4294006223869869,-25.642213491931166,-28.206972347445934,-26.270587110879518,-18.31739068340393,-21.62973810948529,-24.339258234569527,-23.080469079682892,-16.92461984335364,-0.10012290763918816,-1.464793489622259,2,0.11000000000000001,0.030000000000000006,3.6666666666666665,0.030000000000000006,0.04,0.7500000000000001,0.08,0.04,2.0,0.8560131703149467,-14.747929973641583,0.11837847145193942,6.043851594395354,51.05532720828469,0.8610432944634894,0.8866418563362015,202.80492346714692,0.9902253822068107,0.8890815667615684,0.9059059059059056,2.1150728248687947,0.5655655655655654,0.673469387755102,0.14393294753289396,0.4408867490476057,0.10974105096231777,0.4725975654501284,-0.4992669370170304,0.5,1.0,0.3333333333333333,0.6666666666666666,0.9996383258541489,0.5040536829323442,0.9827249325547379,0.6448630052351506
ellipsometry,2,0.2264401632554365,0.26627028961306104,0.3748701534876814,0.5486360507426934,0.25760076942900667,0.2849166134252237,0.3718734516220975,0.5171529278132827,-26.074552529799927,-24.731989650176967,-21.071390016094668,-15.214224480030573,-21.997167794514706,-21.18780380396823,-18.61128690856961,-14.306679787117178,-0.07339330559703171,-1.4327118625049875,3,0.11000000000000003,0.05,2.2000000000000006,0.07,0.07,1.0,0.05,0.04,1.25,0.8558886252417782,-12.640097656903542,0.10776371299120947,5.608036752618912,52.04012182724599,0.857976508534095,0.8777466289996457,838.9207265822853,0.9923232068735341,0.8626520639076465,0.9459459459459456,1.3968351179887397,0.4254254254254253,0.673469387755102,0.121365920032591,0.4644831157593802,0.32733895132816804,0.437642344558991,-0.4837317182387812,0.5,1.0,0.3333333333333333,0.6666666666666666,0.9996403587379002,0.5256095497404115,0.984981782255611,0.6587009574208121
ellipsometry,2,0.12013397453175119,0.223323814880374,0.43055705381953774,0.5460766036631546,0.13648917319453896,0.14515194547368784,0.44121130279128773,0.5435626391904392,-29.693853162799453,-26.21138665254403,-19.217647617972197,-15.31907618641414,-25.649885921051837,-25.3925653249196,-16.59836320802226,-13.558100108811708,0.1747017973484364,-1.4003493880746694,2,0.11000000000000001,0.11000000000000001,1.0,0.08,0.06000000000000001,1.333333333333333,0.07,0.06999999999999999,1.0000000000000002,0.8323382182922261,-12.8996910858006,0.11369696338198747,5.345872191312707,47.01860130909733,0.8507072503802517,0.8580411546160565,624.8013103240874,0.9921342988997915,0.8839598566308633,0.9459459459459456,1.2738113231864785,0.4854854854854853,0.6224489795918368,0.12484432642915515,0.4269023290810557,0.15189336513034565,0.45707269498928105,-0.48011528549190974,0.5,1.0,0.3333333333333333,0.6666666666666666,0.9996406224608182,0.5117317030472593,0.9854925146368422,0.6306325837543554
ellipsometry,2,0.09579253531634938,0.1273883802792487,0.31704375985192634,0.48085181993654524,0.10872172428141952,0.13914252898201454,0.2551195352945987,0.4864479796586958,-30.49686844611973,-29.431212205806943,-23.034566096553213,-17.50969149207017,-26.485965902386887,-25.58195598991199,-22.135486892278653,-15.261138603311434,-0.05025364339260976,-1.341905806774957,2,0.12000000000000002,0.04,3.0000000000000004,0.04,0.04,1.0,0.06,0.04,1.5,0.8258855825318384,-13.81465446025682,0.11218909691079837,5.906611282308447,52.64871048034906,0.8392367259788331,0.8433452327353705,76.19265974955721,0.9903425667768968,0.9192876476348628,0.9859859859859856,1.8853440944102444,0.5055055055055053,0.6428571428571429,0.12063136385166452,0.47352578207997664,0.1838120833389824,0.43962248883799493,-0.5085693135552936,0.5,1.0,0.3333333333333333,0.6666666666666666,0.9996435277464487,0.5433455781348235,0.983136324727847,0.6093595932171642
ellipsometry,2,0.18038791353024622,0.18120367940120644,0.2909871507481962,0.43702805586549903,0.20533289012188333,0.2123148906393344,0.3385310258137589,0.4163443452157727,-27.67706612596699,-27.649518940747797,-23.942296406858325,-19.010714924894877,-23.574682425787937,-23.367553625753867,-19.623211791594212,-17.31479324677708,-0.004867399046119757,-1.5830582237452901,2,0.12000000000000002,0.04,3.0000000000000004,0.06,0.05,1.2,0.05,0.02,2.5,0.8653874237124672,-13.307364902053907,0.11000523461128449,5.695180124960932,51.77190108348455,0.8644009392991466,0.8933939160993554,359.10675546267544,0.990990173885517,0.8941106833782487,0.9459459459459456,1.5317404637020797,0.5255255255255254,0.6224489795918368,0.11644994854231785,0.4137876110614589,0.1819553284258932,0.46774878949589027,-0.4488937199064111,0.5,1.0,0.3333333333333333,0.6666666666666666,0.9996535443698251,0.5967015751201064,0.9848684865530257,0.7063707687802108
