,min_orig,min,max,mean,id
0,0.0026558037198819674,0.0,49.69376049437977,17.61894684309925,640051b4-c98c-47c2-b212-383d2da40840
0,0.00047915191529565603,0.0,48.82881201302806,9.853480324253768,6207de7a-adce-4711-b3d9-4d355c2fb011
0,0.011232893217928022,0.0,55.6114367929605,20.41664010312903,85a9a836-e812-4d32-9e29-227eabe42c69
0,0.005801180609374512,0.0,80.58236993931237,36.69452659429237,81aefca4-3c83-4278-815f-8eb7e8531587
0,0.0022891024313158766,0.0,72.61791672586367,16.785471783546026,624b3ddf-1c3e-4f6d-a5cb-0fd523eca099
0,0.05750199779432118,0.0,68.12066924009942,27.371013847184226,1b3c4ddb-5b10-4e7e-9302-c275d1a65228
0,0.003969484227964479,0.0,17.812911097184134,7.88340352409082,560e4325-4788-4a2a-8f95-9e38a29946fe
0,0.002699558357237793,0.0,75.39587337627515,16.46179362081649,4dce3fa0-fa4d-4a1a-85eb-9a1b4b079107
0,0.004974268610694223,0.0,50.071817437827406,17.03536582775712,c028813c-50c5-4335-855b-58a7ad3860da
0,0.003346647155516969,0.0,52.3054991598946,18.343372656961762,8f17f21f-4486-4814-a0fb-8836c74361fc
0,0.003602545025559162,0.0,58.003992472117346,21.04229704306946,74f350b7-9f81-4da0-b5a5-ca0cc0b0479d
0,0.3245111672585107,0.0,14.663956842254066,5.857196396322215,5472a768-0c98-49ea-9d5a-2ac15730bdee
0,0.004188625216244308,0.0,48.15988216117479,9.637580256269882,998f0d7b-7655-439d-81d5-d06b23489c39
0,0.003474188867542226,0.0,17.513364340941678,7.846993638433119,6cc27429-cd3e-43b1-9e09-ead2dfad539d
0,0.010999407145112276,0.0,54.587638136384335,10.57144275522566,da48755a-794b-4668-805c-2997118694e6
0,0.013316693085835073,0.0,48.97335998429603,17.39131952935129,de571ef2-7f92-4f0e-9844-a80acda6e5a3
0,0.05010437955001927,0.0,56.12381417058329,20.48268767422931,81a8ca1f-74f8-4507-a2e7-fc0661a0f855
0,0.005371040725205721,0.0,21.18762233712713,4.194370930540302,7e6a5eb2-361b-4fc6-b44f-29b7407ca080
0,0.00201986469673986,0.0,20.398890525746676,8.529978649313861,7e96f668-95d2-4719-b32c-e3d800bec321
0,0.001290507837058247,0.0,24.67467248271161,6.733964206549968,0e080937-ac3d-4df5-b8b9-4d08b6fceb50
0,0.4824721371231977,0.0,83.45170367926879,36.24887007945676,90791ae8-917a-45be-9001-b75647864f34
0,0.1452549626402302,0.0,80.45493818133858,36.37044360395933,70f8d894-0dc9-4f59-baaa-428f0b601be5
0,0.28047444895180895,0.0,88.31174610558044,37.31090281597249,b3c62445-e900-4803-9d11-48eb2b60c760
0,0.10337414152197152,0.0,49.81544950698458,19.77782230690426,ceb48b97-b638-41f6-a8ff-15ec92348548
0,0.00145646372440175,0.0,20.067726826425933,7.512062057701026,457490de-017a-4541-905d-72272cfdb4e3
0,0.011285081718975652,0.0,49.80962427668292,17.34967794075708,f0356916-a631-4f19-8f0b-56e96cd1d600
0,1.166731304931007,0.0,78.03778396185317,34.072647006390184,65a70365-c5f4-4804-9b61-a53e5e95cb74
0,0.0021124549341092957,0.0,19.109019115663713,4.918399209288454,72a0a50d-57fe-4d4f-b2dd-51d33accabf9
0,0.00022918963276763807,0.0,16.634648147048217,7.32770054640553,34497919-894f-4b0d-8285-0813e5dd672d
0,0.001833298905674409,0.0,49.9837565251045,17.18803019672657,d464d373-e226-4232-9c13-f756355ec035
0,-5.460415539137039,0.0,54.690482437088995,20.772163556519715,f7b818fc-71f0-43fb-b5f5-7ae4d9f30869
0,8.845342114876204e-05,0.0,49.24720332199564,9.83870572847472,541abd0c-8cca-44ca-92bd-bfd6131c43fa
0,0.0037578800688601796,0.0,12.044384162873687,4.982941765481543,d8c83eb3-0fc7-49f9-bfd1-d506a5309a77
0,0.01608484193464879,0.0,52.203562619524696,20.10815009353934,2291aad5-7b3f-4b81-ac4f-c52d4ac30126
0,0.6052908408728446,0.0,61.730741133342484,25.040163016300937,66e45e3d-a431-4d90-91d1-f2d22b8da49a
0,0.007378037279812818,0.0,37.029457019957114,11.835205229949105,686bb96c-fb75-4e78-9844-26344585a587
0,0.0063765972579956955,0.0,22.0010463491937,8.44960685636309,4372db49-ec02-445f-9e4e-8994dc60ee62
0,4.6121019653771807e-07,0.0,48.30777425933703,4.309250511800668,5f9f807d-e8b4-4cbd-a7b5-b3a14b419180
0,0.00019157418303600686,0.0,50.69134402924648,17.918571401328254,9747d736-ca67-444a-957e-7948ebfe287d
0,0.001205825950516407,0.0,19.79827924224829,8.015866285345735,4e6ca7a8-195a-4e2c-b55d-d0295796082a
0,0.0022024189343049557,0.0,12.07332513050124,4.99733621579868,e650b37f-b6f4-4667-a5d2-0cc33099b914
0,0.00735672464633729,0.0,50.53309272560942,17.44833750317438,afd433af-8e62-44de-98fe-0c165dbf8521
0,0.006416857676928388,0.0,10.338334301118987,3.2822757191257215,fa086ac0-9026-4f8c-be5b-af6102e022fb
0,0.0004627082060510894,0.0,52.020831960471476,17.911288638859247,63fde154-576c-4430-bfcb-27b4324d6a0b
0,0.03569274755699903,0.0,9.19290985051049,4.3695338701982855,b487f031-92cf-4fbb-8bff-6897c417b7d6
0,5.183330809945693e-06,0.0,127.89347941066961,10.701241268602912,876732ac-33f1-4faf-9b68-455c7cf83a68
0,0.059025012855637354,0.0,50.01822962405024,17.447279036345083,d4d53afe-c1d2-45e7-8e2c-96b1405db844
0,0.07283859151932637,0.0,2.498635900340498,1.4027870413454882,a199f8e3-6b09-4fad-9d0b-d1890cd12bbd
0,0.0036018754631747304,0.0,50.04352103154509,17.348757007094967,485b31c4-0628-4b47-b535-9daecfe2788a
0,0.02595374370583749,0.0,50.19429466137629,17.80449743641028,b055a617-bc6b-4bcd-874c-79cdbdd2be55
0,0.017432623899261666,0.0,50.239035075734066,17.429758080163012,42091572-531f-41da-b741-240b2468ced1
0,0.004261928566839077,0.0,23.686435169168416,7.399227332577374,e2af5e0f-5b4f-477b-b88b-599eb0720d3e
0,8.272245160863683e-06,0.0,8.068609671072611,2.761384050308145,5a0257d2-a12e-4b85-8896-16b8c96fd76e
0,0.001189382336249346,0.0,41.67174231395251,13.233230580564081,90007921-604c-45d0-9d08-d9a006951d66
0,0.0018180010205366582,0.0,8.458843564480006,2.0841568940140163,13627b85-e5c0-420e-9218-b5b0de032864
0,0.0007363470108833427,0.0,85.82770667492419,16.67633523568837,c062cdad-34cf-4faf-98d5-e18caeadd803
0,0.0008009307066002145,0.0,69.78070270980652,16.496050551804945,01cdabf2-5e82-481c-b864-d16f54aed7db
0,1.5332326509263645e-05,0.0,0.4968405056379626,0.16768009022966554,3f65e475-60d5-4498-b8f9-06c47b166510
0,0.2039538836600201,0.0,88.43376298111491,36.56054890045496,380033e9-6e44-46ea-97f7-b3810f4dcf68
0,0.00010643515463366838,0.0,1.9996110705176569,0.9945764445796511,b9f341b7-0a65-4c40-8d97-c7119e9da72e
0,0.4539022394707095,0.0,57.0086599715212,25.105172612198135,be2921a2-bc18-4e94-b785-06e00892de04
0,1.0192318326455891,0.0,61.97293944986173,26.59955468251192,c15c15ce-9ab6-495f-bca5-3246f61544a6
0,0.07111323337597386,0.0,80.65617828505808,37.604028724003655,a600f2bb-bc8c-4209-a491-67f9fde7796c
0,0.010525744979637076,0.0,80.69086987611192,37.73872554221447,9649ab98-95ca-4a3a-acbd-492db0c1a107
0,0.0025634214511960395,0.0,78.8708048968076,16.81618886799625,88355144-529c-4c6f-871a-b2eb940058ca
0,0.27840375555603447,0.0,62.69812683685262,27.296625850478357,be3ebc21-6fdd-40bf-86c7-193ea09b6197
0,0.010015126740290693,0.0,51.50698692864043,15.512910312085701,844477c0-775c-4e14-863b-c82635a9a59a
0,0.456715200513941,0.0,73.51834447251456,33.743621537836994,e2d169a1-36b2-42c0-88fe-ea5aa1f98ef6
0,0.6831072535107592,0.0,81.0549700750205,38.05804754502841,b5a3476e-0013-4c88-b9d3-f7026285504b
0,0.0018670892141174357,0.0,69.6260890136478,17.593334317334474,770b1fac-8a7f-4630-97c4-bbd84410ebba
0,0.001854665435537189,0.0,79.17115136268791,16.870180962032407,2797d922-1800-4455-983d-67f8fa4332cd
0,0.000862468965104728,0.0,70.84163793533567,16.513376436994925,2cc24686-41b7-46b5-b8f2-165121fb020a
0,0.027157988642992237,0.0,94.76752858629386,40.88688464523848,6942feeb-0ede-4db6-bca3-f36dc67ba21f
0,1.1328990997308517,0.0,51.01110543298451,19.55125255627546,7b2317ae-de32-47cc-b06e-fdb901a2b332
0,0.002066740200608592,0.0,4.313287204835704,2.991916322904444,28b79c23-58c7-4029-9c87-23c6e32782c4
0,0.0674974613548136,0.0,49.47376982817207,17.686821890073553,5ee9d59d-e52d-4388-b0c3-0bce5590ed05
0,0.00038417306005655974,0.0,122.82891880294802,21.427160032318685,215cf846-1653-4bf1-b195-efef86163713
0,3.5049262523017765e-05,0.0,0.5084802208396965,0.16593840657880793,62b0aa88-d024-4311-a17d-7dfb41f8c1d2
0,0.0002282380483753979,0.0,51.20702878359034,17.953358165978514,d998b43d-cc10-41d3-bf94-c0d8bf7775d7
0,2.24360376255612,0.0,69.78631610948067,30.15379694650858,a018db8a-181a-4b10-8ca1-969a2623ec30
0,0.07514636038329456,0.0,58.912473662719414,27.57890604059946,8270e81d-a331-48fe-9e4b-285d53178000
0,0.001549496769529122,0.0,64.50238135626887,16.529437425877607,100b763a-a638-4564-87f7-f2dce53549b6
0,0.0007215503179732958,0.0,54.588667581779745,15.308660764640567,39d824fe-645c-4862-b139-8d58b67eea0d
0,1.0166383331539195,0.0,84.38518284140977,39.12409198946547,f9346d63-c210-42d9-a8f2-723af5caf174
0,0.016031913725954385,0.0,53.1871065147499,19.637722121138516,a9fef0df-e832-4f51-9745-307905730a73
0,0.04135667428600137,0.0,10.324338192013789,7.936458430744477,5b772728-b26c-4c86-ba33-86613d70119e
0,0.6993643307999656,0.0,80.54675899442665,37.24749448186404,fa919395-6425-42c2-b5e4-5d112bce6a0e
0,0.000694643393368016,0.0,61.6334348512835,19.80074122866856,2fa8c80a-bcc5-4121-9d8a-e145872100cc
0,-114.85764117421233,0.0,530.333078004578,132.11945936181732,c039dce0-82f4-4fa6-a5a4-d193e5816b8c
0,0.0035947713122664957,0.0,76.9915810664468,16.57680937549286,23e95c64-9c75-4704-85f6-dd8d5263dfb2
0,0.7888067955493226,0.0,80.12501041476098,34.02326031534099,693f2759-7917-4e5c-ab11-fac058d0d718
0,1.5510741417401732e-05,0.0,0.49872416165619915,0.14829332221506913,bea86c7f-bd6b-4d10-b2d5-18d793788438
0,1.2255540205413162,0.0,95.00156277948341,42.55234263640751,610fc305-7918-4ded-91d6-4f92f60b69fd
0,0.0052485505932513355,0.0,57.41715314695399,16.29795277102199,9ad7220b-b767-4c79-ab7a-ecbf537fb132
0,0.003176476415833344,0.0,92.30575640219642,16.91966745036742,25509552-a89e-4998-a56e-991b929d19c2
0,0.002012738452305336,0.0,58.93956157400088,17.787169530183593,05e35cc5-225d-44f9-a789-72e8ba53664e
0,0.0005440375726270873,0.0,68.99942504479519,20.533512238944883,191342e9-8c81-409c-8470-b8d748b44541
0,-113.88324378728872,0.0,570.3176949927974,132.6096499532701,a5710090-2732-4fda-906c-134f452b5aee
0,0.00032767553652920684,0.0,46.91143477821792,15.0980209105074,47514d0e-feab-4d2d-a11f-0bbafc1baecc
0,8.598177909184512e-06,0.0,0.8929688327159643,0.3209749088521288,112476e1-2d45-4159-b4b4-722e23a0fc32
0,0.0025404921664620014,0.0,53.39794830647416,16.205319430166693,044fb4fa-a156-4a72-80f3-38ecac314367
0,1.0232637538643408e-05,0.0,0.4903765226804827,0.1585270314051137,f5767651-e6d8-44b9-bafb-2e1ab157cc7e
0,0.01800661673245996,0.0,865.6858572535564,215.66836404972105,90f5b1ae-b0a9-4464-bdc3-c78a2d0a0dd1
0,0.00012327214468464746,0.0,0.5560500958185481,0.15881450281840911,718fcd0a-c66b-4406-a4fe-7ebac60b8b06
0,0.0028242053801842255,0.0,85.59150389279053,15.09969280963461,b9761780-f5fc-41f2-88f5-dae830f5eaac
0,0.0001145572501833962,0.0,0.5524717685105867,0.16752908238646852,470adc35-e601-4f9f-b21e-48caed317cb9
0,0.00018264762508325548,0.0,7.668327700041402,4.322207537990334,5694632d-60c1-4ecd-8337-300e12daae5a
0,0.0039556706273522185,0.0,53.19443763702374,20.507007353766866,ae42fa9f-97da-42d2-8c99-e4c3259e39ff
0,6.394638976642369e-06,0.0,31.237358175730154,8.775856605909768,7a398b9d-f8d3-4a6c-b51c-aea1efb04cad
0,4.939504281209484e-06,0.0,1.9998884604611122,0.8696517653297638,ce5d237d-7e9a-4cd8-bcdc-9a5dd58ff8f7
0,5.544395863956705e-05,0.0,1.381383202591443,0.46375843095494,9f3e4f78-5287-45fc-b1e2-2a9c0b6d964e
0,0.4173067978328113,0.0,80.88920150755511,36.16731638182659,dca566ff-4f68-4e65-9a2d-0d0a8a58cd49
0,-2.175719399549057,0.0,0.34244201241131256,0.17707967365111935,3c6fe9c5-6ae6-40ec-904e-c47e00f3671d
0,2.4501843409459966e-05,0.0,1.9997942552740413,1.0030169488337106,4f9d637e-683d-4084-bb84-cdd5197da84b
0,-1.97271892661275,0.0,1.97271892661275,1.3421350652079194,e50afb87-f989-40ae-aff5-8f492359f695
0,-3.609803930326405,0.0,0.7986708555148119,0.07787653313557283,c371c80c-ed34-4221-bba6-438f357753a8
0,-2.029990614053263,0.0,0.8497985019893408,0.42186747847896006,dc30686c-dfeb-48b4-99c5-220ab62a7744
0,5.579259797875649e-05,0.0,0.7751123786821275,0.2616940014263068,ad8128aa-d286-4cd0-ab0d-a581578ab93f
0,-1.9999418898552008,0.0,0.5152519020334145,0.18787877947454523,c75d3fa7-822d-4a50-b416-72fa70ca18a9
0,0.00038190205563432,0.0,1.9991599143319594,1.0014975205658936,e59a2a18-be27-49eb-8bc2-9cda86430596
0,5.2082660267344156e-05,0.0,1.9954282525335918,0.6659347622058389,814d73bc-019b-4c7e-9f87-0d5cb962a8fe
0,-4.511931809380808,0.0,1.1999341434851698,0.12976996202479824,b076d0b4-7cfa-4898-81db-512b313f568f
0,-3.6098043618228584,0.0,0.0005193257430802234,0.00025753984887937824,6656db55-6210-428d-9ed9-98e17d355adf
0,1.4626834333886539e-05,0.0,0.7674955857904567,0.2629437940232422,3fb94ad0-f866-4874-a3a6-68e4fb4dbb1f
0,0.001199695606848128,0.0,1.998799152070143,0.8717053417374114,7c54c581-eae5-42b3-b9da-29beae3cd38d
0,6.650059188437906e-05,0.0,1.964361373061716,0.6680785082770312,4249fa45-1e4e-4ba4-8420-1650a2382f03
0,-1.951180015837544,0.0,1.951180015837544,1.3255257196473318,6b9b1a23-7e71-4841-98b6-ed5e1af36c23
0,-1.999462978531794,0.0,1.999462978531794,1.0357358758884716,badf66bb-5d67-488b-9bd7-081292af3f2c
0,-1.9995012972823494,0.0,1.9995012972823494,0.7982503647682839,047ef918-67a0-4fdb-a39f-dd6b3ee14602
0,9.381885363904412e-06,0.0,0.3437418426304005,0.11501160845754262,5ad3f9ba-d986-493e-8eeb-c307dcc47894
0,3.881081799412614e-05,0.0,0.7696350826144015,0.26122032080647817,d37652f9-0605-4c76-8641-6c74eec3f120
0,1.983830578503183e-06,0.0,2.3598438538062916,1.1749505042421167,b75b8803-d71c-48b6-b5fa-9f07c74ba28c
0,-2.542560725575376,0.0,1.2570241105995565,0.19677443892067917,8dbdb883-abcd-424b-b806-1aaba7a46bb6
0,-6.504288585520172,0.0,1.992356534310118,1.5454820608095001,b6f8895f-3a7b-4fef-a9c8-c8f71330448b
0,-1.9858549522451523,0.0,1.980453017665236,0.9831812065327987,5e0f8c26-4f07-4f06-aa17-1139b1af9144
0,1.8584938995425127e-05,0.0,3.999698784282806,2.0045377394752997,abe6c7f9-34b2-4ea8-be63-b6ae275b8384
0,-1.9999435872647964,0.0,1.9999435872647964,0.806481139795773,e68c4215-5172-454a-b50c-7198f910f909
0,0.00033922113771593215,0.0,1.9989499014485248,1.005614122971991,5ba49f24-64e1-4318-9738-4d994add9531
0,0.016639845220169924,0.0,1.9665175892305267,0.9835504248158627,c99238d5-7069-47fd-ab99-40ee0356a13c
0,-1.99957702062243,0.0,1.99957702062243,1.017320753026802,ed13fee9-277a-463c-8d07-d2019efa2650
0,-3.2104575070519648,0.0,0.003950054962074567,0.001980270926715844,e58f7af7-3701-4574-b7c3-0a72ad26ba3d
0,0.00038185079873780895,0.0,1.9994555978987911,0.8656322313638022,a40f10e2-df1c-4966-930e-4355ae45c84f
0,0.0005301660974682798,0.0,1.9992477574100014,0.9963185099581433,ca88cfca-3460-4cf4-9ff9-ea4d89a63d2f
0,-1.9998810039817283,0.0,1.0794320570402225,0.41702932178608343,5ec1a8f5-79e0-4fd6-8a8e-ec4d2d27e128
0,2.89179765092952e-06,0.0,0.19447073265162357,0.06514250864966904,d9e83ba8-c3de-42da-9aa5-d1e763937a38
0,5.7703423082642975e-05,0.0,1.98920957324769,0.6717140154476107,86c6b7c6-5817-4719-99d2-cd8683de5e0f
0,-1.999784203599589,0.0,1.999784203599589,0.7991801903914094,f0bbae62-82e9-41d9-a5fe-5e8f42ddc6aa
0,-3.999908769406853,0.0,3.999908769406853,3.0361977152250232,09e92048-56fb-4972-a76e-5bcd101fbc40
0,0.0004850724727707816,0.0,1.999272520568101,0.9894461929217603,901c829c-7ee0-4b57-9591-e8fba547d99f
0,7.216674070278507e-06,0.0,0.19254939283011913,0.06598518551165482,39963e50-4d37-4e55-bd37-556cf5ead542
0,-1.9998078995066892,0.0,1.9998078995066892,1.0237677620057855,7b2220f9-d670-496b-a6e6-f42506c8eca7
0,-1.9999888364338394,0.0,0.5228254954810125,0.18706790667285667,5e167815-6def-4575-938d-4fea5d0332ab
0,-1.9999980082007702,0.0,1.9999440103271204,0.9975783865520631,5ad369aa-37e1-4fb5-9efa-0e3af1a0f635
0,2.285381490296684e-06,0.0,0.19387084517585026,0.06514297683044072,a38434be-2d06-448f-b574-1cab47a299cf
0,-1.9997558335760914,0.0,1.9997558335760914,0.7917312633480755,728ea0e4-d6f3-4571-9431-ea23f821bab7
0,-1.9998362033580088,0.0,1.9997905541895253,0.9881975141227984,5fd7c7e9-dfac-41b6-929f-4b32f56e67e4
0,4.094404103286809e-06,0.0,0.12269043468839977,0.040981763247862325,3e788845-0d92-47b9-b60c-eff5362e8ce5
0,-2.4572905319798393,0.0,0.10186036411490296,0.05104002297357865,24ee5ff0-f9f4-4adb-a593-a1acca9fae64
0,-2.1757341638861423,0.0,0.34085475492702555,0.16997298962669155,9c6ae8cb-72ef-4623-91a2-32d9b9aeea12
0,-1.9999803127482108,0.0,1.9999803127482108,1.0287381292111089,1495fc48-0708-4586-9f2c-d9636bf87542
0,-1.9999131322776367,0.0,1.9777451866358373,0.6648309595508514,60288c17-fb16-4e5e-b342-bb660040bc63
0,-1.9992683143529708,0.0,1.9992683143529708,1.0195699355622834,dec754bb-fe05-40d8-8b9f-7466b5690c58
0,-1.0837436381621066e-22,0.0,9.834859864566332e-23,4.8681128824035666e-23,e4f081f4-6fb3-4b63-8b17-af61ff4afa4f
0,-1.9999999998895843,0.0,1.9999999998895843,0.810769791237053,119464b4-c2e7-43c0-be6d-3d8bc45bc904
0,0.003019166187657026,0.0,49.605019856144594,17.062660814460127,a420ebfc-f06b-40ae-b185-f0bdfbd257ec
0,0.02099856472202062,0.0,50.23150656076173,17.200628464276644,8f3f4be5-5cfe-4d35-871c-b738479117ee
0,0.00041217619049761203,0.0,50.7645627652925,17.535021521269734,179233f9-bb74-4435-bca8-679614ec4718
0,0.0010617488234016593,0.0,58.16397245675543,16.713030485817924,3682d087-facc-4517-b129-272cb990436e
0,0.012424700844246761,0.0,62.78347571692777,16.68626383983109,bd38928d-ef51-4598-a6fb-c9b89a57cd40
0,0.014397523638363304,0.0,58.52673842546649,18.808248902255407,a682fe40-8aae-4ab2-a39e-be20570ce79f
0,0.021822559958379527,0.0,5.899504195843086,2.7252673358942823,5493551b-206e-4471-aef3-4eb78fdd3893
0,2.5151430342239806e-05,0.0,1.9902117556178631,0.5638240404056609,f58dc80e-374a-486a-af31-810e6de138ef
0,0.0012896548630998653,0.0,51.12113776801992,16.772423278305283,73e8d3cb-2fc8-49c4-9ab6-b2f153ce6923
0,0.0018159192995499162,0.0,62.61848500273418,16.619408398278576,ca303f2e-e92e-4e08-9b0d-f102216fd887
0,0.0019097407128278005,0.0,57.626221423053416,16.44846563308195,448f1199-493b-43d2-9ca6-fe0b603b8310
0,0.00012050939138158261,0.0,0.4912373888401166,0.16721166183464972,ed193e27-9fa8-4156-aaaf-3ca149fbfd23
0,0.012099792564301071,0.0,6.919737717058659,3.8608339687987283,4ed1fe1f-fce0-4003-bb15-4e1bc22222f5
0,0.005009749377741712,0.0,62.81095316160344,19.93678974927159,4af2c340-db8e-48ae-ae0e-18b353524354
0,0.009184491130331048,0.0,51.741544074935106,18.68803746456939,bde3a260-1272-460b-abc9-468760e7ff75
0,0.00249726501098477,0.0,53.58003344126628,18.23560723244514,0b24f15e-e59b-4820-a25e-73476e3ca3e2
0,0.0005103737835379354,0.0,69.01825993304713,18.822015573200414,cc4bd3e6-946b-43c8-9e8c-5f61f905b3cc
0,0.011530870030761656,0.0,8.280142224945468,3.6952650230365607,06a73883-a374-48c5-b939-8cf9bc45a97f
0,0.013815343906513358,0.0,51.31467723174924,17.6901697365979,a7f5d0a7-eff7-49ac-b696-6992b293d09e
0,0.009123899533248119,0.0,51.22345425859707,17.73296072116217,f6402dca-a8ab-4dbd-8dfc-37321148355a
0,-1.2832784642614188,0.0,50.720354606726154,16.982793254739576,8845a9ba-3dd6-4443-a418-b794a7a92925
0,0.0017497254389105992,0.0,3.061201889239217,2.0326462931611977,c0c37b3d-8d39-420d-9730-ecc431a67555
0,0.0031255255417802046,0.0,70.4192924427354,16.591203519607546,3f190f8c-c333-4130-9ca3-3a74f21889f3
0,0.10305949303177689,0.0,5.695278877999912,4.842806736629117,a12ff423-9b2a-4f4d-b10a-06165b43383d
0,0.00010772214911173671,0.0,1.7869964342756393,0.824445745294492,c1cfd307-10cf-4587-b172-e894064259f8
0,3.6560028573773776e-07,0.0,0.004962292221274688,0.0016676115977866197,14543cf4-6429-48de-a684-c17a51c80c02
0,0.008385248287356529,0.0,3.2606302622412873,1.7346813455888543,1086b560-d02c-4625-99b4-e81e06f4ba3a
0,-1.2996824906234898,0.0,50.27362855136142,17.064242260078814,e8ccc9c5-dc46-40af-83d8-08774579f9be
0,0.0024884486289741548,0.0,49.346308947655665,16.80362115351062,db6a0fa9-5c90-4312-9ac3-605585edbe79
0,0.00013981108895552016,0.0,0.9925474948635756,0.38822478213661127,c68fbd0d-681b-4745-950b-63d6ec97efec
0,-0.38892242155765344,0.0,50.04640148481545,16.15955116606676,e673336f-99ef-4686-9ea7-a22dc898db10
0,-0.45004625604837106,0.0,49.66124889061414,16.07031934535934,1c3dd588-4cba-4f2b-92c0-1a34fd678393
0,0.0005223316704018702,0.0,53.20756319569076,20.126460047237405,d6826652-fd9f-4e60-b0a5-150c6ba5cac6
0,5.431580915558942e-05,0.0,4.310752118111774,1.8393760107688508,88fd7726-3672-4f85-9657-f289208db393
0,-1.2889406440025948,0.0,49.62237665837667,17.11715482218086,659ee69e-6e52-402d-923a-f0dff09ee349
0,0.00647157029761068,0.0,7.1346682009312365,4.0137219100068595,28ac05d8-f698-450e-adac-593e13f59b6a
0,-0.3658020429391427,0.0,49.58930493369471,16.01576054669827,5e0da9f7-ea76-4a3c-8822-f4b4b51c8db2
0,0.0001443854616668206,0.0,1.9735812101579728,0.6686563578929194,05135d4a-79b5-4f10-9bc7-8923f2955ddf
0,-1.2787004842143068,0.0,50.45120959365786,16.842820466320386,6f2fe7d7-36a4-4877-8e55-76eea09b9c0e
0,0.009955159018655608,0.0,51.76347532484156,17.871937919923482,e878386d-57a2-462c-8d94-d90e6b321223
0,0.00013807434213301205,0.0,3.27080095935277,1.7331832817396895,510e9203-90a6-44ee-8ea9-c86ba5452aec
0,-0.40867632066990306,0.0,50.22470404529572,15.905479510203225,b7e78226-04ed-4563-bb39-74373ad75bf0
0,0.0022774579225482853,0.0,2.8349410964208976,1.7552020953963132,21c3e293-7a2d-4987-9790-89f7677bf478
0,-0.5776638580733937,0.0,49.4182195813182,17.340053623768327,c0f9112f-2d55-47b2-8845-3e1ef1f1b17a
0,1.1442821823869754e-06,0.0,0.2507223495145759,0.03091178204321203,db65ae3c-7730-403c-b19f-f62a120f2e7d
0,-0.05527438259188378,0.0,49.748120894005226,16.50306555195825,32eb2947-ec30-4611-97c7-826eeae955a1
0,-0.37080041918827344,0.0,49.83973795622856,15.98868446153761,cab8ce1d-eb80-4f86-8782-3a592dfcaf44
0,0.0005892025152065416,0.0,4.985517817771548,2.322387553036345,55a352da-41cd-4eb6-9627-e1c29c101b60
0,0.0009168538210073035,0.0,1.9897795482609277,0.865135006787653,514d6298-ed15-465b-8e6a-c54637aa65f3
0,0.05250057213250552,0.0,49.3077861065813,17.90506598568342,ef05632c-9f9a-40e3-a087-43148e9680a7
0,0.0006942215108881372,0.0,59.59904867840867,22.16619449276955,53b5134b-8bb0-4bb8-827d-12c76e472a9d
0,-0.2755757544601452,0.0,1.997455612247083,0.6580569862755336,bcfadf86-9209-4cb9-9ca4-0ec6de76dc31
0,9.076951716395514e-07,0.0,3.9041340256111594,1.3955846365680513,af096017-f780-4179-89e0-ea11a68a9d40
0,-0.17840061067814278,0.0,49.073796450736246,15.878717422966131,460c4a3b-53b5-413e-baaf-1075556f7d44
0,-0.3403854190810333,0.0,49.66457590301549,15.97501528448706,82ff3d09-0c84-4bee-b0a1-128e1e230ee2
0,0.13493285106139247,0.0,70.74894181707637,18.828515022871454,5520eaad-c3de-406f-a6ca-184be121dabc
0,0.005706563043674239,0.0,89.64513073602217,25.55582397635933,06427b31-0240-4ea8-8eaf-548fe78725e7
0,0.00969884950293545,0.0,168.04414966878957,57.633601486941465,f9df51a3-f743-4613-8cf0-cf830443a74d
0,0.13168744636670815,0.0,51.50361572524421,17.70680900844874,5dc7f412-7c1b-4e97-b18d-841457558527
0,0.20624438970847067,0.0,95.15783583507672,25.36937761079585,18b926d4-f4a7-4e3e-801a-4d4481f85c9a
0,0.05495862462396298,0.0,51.1176576993502,17.555235879730247,521d64e2-cc68-4029-94dd-4b1c57a43be9
0,-1.3212573938184191,0.0,51.38417926826907,17.943237987535916,222556ee-8a2b-4b4c-869a-903197d084cf
0,0.01979668665127948,0.0,48.83758352137507,18.774156288480597,989f2e7f-8032-4ca6-a3fd-5e5ff7fefa18
0,0.13670050427119718,0.0,77.85746555868047,20.84707079447587,94ba0fec-a981-48e9-8d7f-6bfa30d421bf
0,0.007700469333835228,0.0,1238.8458783085557,247.62808315088245,277b25e5-10cb-4acd-9e97-05f408acf5d4
0,0.00766772751711918,0.0,75.13731539889567,26.32396527999765,d269b7ba-9ba9-421d-bbfc-463bea40106d
0,0.010287237139574797,0.0,38.820155317889224,13.558593623643961,505be0e2-5410-4fd2-a720-519a1d6f799a
0,0.035589171644187186,0.0,27.109841427978882,10.32734253370025,01497983-debe-4be8-85fb-1346c2d339aa
0,0.04015597520353313,0.0,81.4693619001791,22.601490245526335,efaec5ff-3031-49e3-9df3-08da7134383d
0,0.005803431175218204,0.0,58.221943665560815,15.711489485678257,212de4eb-fb5b-4a0f-bab4-38440d113223
0,0.0021194391948705813,0.0,102.85930488079353,20.496585946687095,71375e33-aa07-43d3-8417-27cc4eea5b7d
0,0.002825036271618936,0.0,160.16988716587323,48.97747102262125,96cdd850-2e93-4ba0-b04a-6ca3590e2b44
0,0.0008487092345757304,0.0,95.23092693348882,26.0407563392086,718c4844-3553-47e1-bf11-a1106888dc63
0,0.00047411569864681005,0.0,7.423848637802739,3.5367896225071207,663907e7-57cb-4240-aa9d-e8ae44d04b22
0,0.0018798654148780764,0.0,10.736914559096785,4.490412081155558,411932fb-03d1-424a-bc87-65a631194d0d
0,0.0019668688740782235,0.0,7.357374985840235,4.112818069873664,20cf8e06-8149-471a-8c6c-7bbd9337a091
0,0.11287348307357956,0.0,96.35456150692757,25.092208029628644,22934d04-7374-46c8-8fff-44cbaa88c42a
0,0.004993398570789447,0.0,26.62753946133469,9.166047095137149,b1373a9b-e536-4791-9160-054e9936b565
0,0.01736886269668924,0.0,13.637722637473956,4.946402029415361,8a8f40a2-fe89-4f23-834a-897f864ae223
0,0.01667590838719442,0.0,99.2685546085355,33.37279097063512,1dffbfe8-2f30-46f3-8049-4d5df3643909
0,0.08738190793091795,0.0,220.35702536962245,75.13962071962185,c7f2a9bb-4f01-43d6-a65a-cf2fbaf19be9
0,0.012922076071794585,0.0,3229.102900038416,477.95266918305435,3698aaa7-aa3b-4b19-a7fa-edfb842b2ab9
0,8.436476996058744e-05,0.0,7.361861931792528,4.763758700505318,541f5080-1675-4891-ad23-060c1706ee23
0,0.0006527054494635474,0.0,90.86512632002973,27.803494645548625,a02e65c9-65fb-462f-8693-42a50b6c1968
0,0.06435893247682406,0.0,5.618867920882427,2.4944493808205395,0356a802-7f95-4f51-ba67-e19ecfb8c807
0,0.049868054323675984,0.0,74.24947711528065,21.05417352816872,e1d70b0a-5276-49bd-8503-e1bbcc6ca8bf
0,0.056581048034892424,0.0,17.180578885002642,6.8815420654227895,5519b855-d005-4fa9-a47e-3fee13f854dd
0,0.013755938777742553,0.0,163.6229254116721,50.462941865230434,dae475f4-9274-49b6-9cfc-7445bd0c89db
0,0.002853809805050693,0.0,16.519872658053455,5.876744275416489,6c6745c5-7fb8-47a1-a806-0765b400b79f
0,0.0024222248637257465,0.0,27.679125521303646,10.316429321466927,89f234ae-836e-4ff7-8587-5908111ca772
0,0.0008209851286908752,0.0,469.1988189953013,68.68651650291339,33f23dc5-2a16-413f-bda1-701176dc9680
0,0.0012397235953260153,0.0,123.8454567954031,31.179415825161733,3b796718-058d-4662-97e6-17c579b2d899
0,0.025335605212662482,0.0,79.48558138770835,21.280709811026096,744f259a-3622-4c7d-9d2f-909e52217cf4
0,0.003092688940549046,0.0,83.72245429655318,29.646522123240658,ff17ab9e-50bd-4d34-b894-8d59690d1bd1
0,0.0022044675620987242,0.0,181.4788105794849,55.32936380822129,e8defcbd-c9e5-4059-8135-0024fdb8cf81
0,0.009346907432008267,0.0,159.4737773842155,49.280244337465,409e51c5-4ed9-4633-9dfa-6264d5d5ac66
0,0.038780169634239844,0.0,220.14804376325705,75.01235178350971,fdf5d4ea-1804-4106-9c10-adc7dc93359b
0,0.0018828174128181856,0.0,193.08372277644187,33.570919658727696,871598bc-c4c9-47d9-94cd-8327cfc5c4c1
0,0.00246783716137079,0.0,2980.208734443439,630.1623917388799,565589e3-9566-41ef-b4a7-30fda7a89545
0,0.010431323548350285,0.0,1013.3646246703988,220.13945522310672,dd2bcf49-4505-4acc-86cf-c1b1aea2f5aa
0,0.04380620515089877,0.0,99.08382513887953,34.57000940142582,04184247-b859-445c-90c2-1baf2b461303
0,0.005760633323955805,0.0,35.49467611566478,7.714577877010216,a116cef5-757e-4632-912c-64b89c422c43
0,0.044615414231128886,0.0,1206.733129007137,260.28504361361695,b28569bc-a6e7-47d0-9776-0695b2577c22
0,0.002742924728147098,0.0,112.24311517244881,34.34884672716027,b0505853-5ef2-490d-8c8b-72fbd042ea57
0,0.03816208185355959,0.0,222.46236919616047,75.02660362610041,4accdff8-45ae-4680-949c-8472db8424c2
0,0.0232255281940404,0.0,114.2289201476612,40.006094319286596,4848d6bd-d449-4996-b6e3-36d9ba456997
0,0.0022510241812423552,0.0,104.57999966358398,37.593037312805066,ea788814-eb9a-43a4-8288-ec773769062f
0,0.01596098251621855,0.0,177.20438338033034,54.390538058245255,fd3998d1-ca91-42df-b7fc-663f8597e19a
0,0.07554670416197878,0.0,5468.295898333453,607.0348987993606,0933ee7b-1f73-4308-a2c5-ddbf0fd26f6d
0,0.0019023575035781982,0.0,140.9221991756266,36.95923566906309,464fd6b6-95af-4685-949b-40c0ab93dcec
0,0.00202903109555992,0.0,5546.964871239578,1088.1019058462466,79b71623-6808-4828-994d-05f97e1e506c
0,-24.833930541271375,0.0,105.31781316280482,55.25623016057923,ed1ff29e-e5b9-4e49-99ab-4e24697c9a30
0,0.0039735488958681465,0.0,35.55737470527232,14.601389199085054,2f3c17c6-1c77-46e8-a0cf-57105d8b479b
0,-2.2243231814499325,0.0,2.2242309511958283,1.760032910451512,dbc35539-7bc0-461c-b4c7-98843b83a456
0,-9.993127724706754,0.0,68.09559504251521,27.012649694276035,f1338896-8231-41d4-8a50-8a3d3e546d53
0,-14.868132260142408,0.0,70.38428901391119,31.38780730237331,d6e08157-7945-4cb9-bade-9ee3dc6dcd68
0,-3.7753904592595786,0.0,50.38378060568978,20.942624904774302,0d166e55-c572-41e5-878f-81a3b061a146
0,-90.66362445769323,0.0,87.74011116911782,63.92119988318948,45eda3c0-63f8-4bda-8061-2948daf9d6fc
0,-9.985063121058703,0.0,67.73140786889691,27.257698215431,92bf40a6-a8c5-4da0-87a8-52ee1fbfe178
0,0.00801004608704977,0.0,62.85980960095206,16.91597595092373,f35da3ab-b2f5-40c0-8806-dc8e7a673e99
0,0.0009134683021050323,0.0,49.41111500725046,14.393280400070198,429cd44c-dea4-46f5-b398-b2013bcc51c0
0,-149.0175565802885,0.0,229.64763825330743,182.22300730759747,10919d95-b33d-4554-8e91-de5fd15cc4a8
0,-39.94135488636367,0.0,110.9708680792384,66.8003249424531,c7c12bba-8d73-45d4-bb10-68190e742325
0,-34.70333581575488,0.0,90.28375694109434,50.434935417641825,8fe4464e-e337-436d-bba3-e54192850241
0,-392.78331307964663,0.0,473.4278110393833,427.33835772532876,cb7c5344-1da6-4de4-b42b-6848ff6c3bf1
0,-26.740355358668584,0.0,82.32147902775415,42.75963161236715,1652e1a6-2257-40f6-ad55-2918388d71f9
0,0.0027740444279847273,0.0,59.641078860786315,14.353147238380853,6fe96053-5933-4ec5-865b-9478f2d9959e
0,-52.6636930973517,0.0,125.46859600637099,75.28275795082945,d7af32e7-00c9-466b-9ba2-d76645306607
0,-149.3580581891752,0.0,223.17441705366943,182.65257995965374,36098ab5-16fa-4dfd-897b-cf7c4d0fd8ae
0,-45.05769623794933,0.0,122.58638225770748,73.13515017369974,31bdd98d-d026-4818-9c91-0a3154350ba1
0,-18.524445255296705,0.0,72.99060567077109,35.115143893178036,47f54823-fece-43c2-8418-89682ba5d842
0,-22.936323318908553,0.0,74.09394729381911,41.345756802599354,cc1385a4-b5cd-498a-a551-31bb0044f2c9
0,-111.50137895194713,0.0,141.92273569932678,88.33027396144078,ee953467-4f94-4876-b918-4113a108d191
0,0.00014471275088930125,0.0,170.45679996699758,36.64041076981671,5c00a826-95f0-4be1-91e5-9e824a84ccfa
0,0.006957777779966231,0.0,143.64472827189644,27.244127450410115,1dea9092-dff7-4b8b-870b-bef0f9bf76f0
0,-4.567943077418449,0.0,52.684236626939416,22.52463657631281,41971df1-d9fe-4137-9fb9-f70f39fa46dd
0,-9.976301122130465,0.0,69.52738404080864,27.993818692964513,b752c224-bd35-4bde-94ae-7c44f7f1dac3
0,0.001710920307509142,0.0,66.26627037408143,14.345799401404612,1981ee18-006c-4391-a1a6-0b88f9247d31
0,-25.357743482599762,0.0,77.76827560479552,43.72266012835,5d202044-d41c-4f57-95be-d5a4a3e6a754
0,-30.975859713381084,0.0,81.83265673355227,49.520946686953565,b1da207a-aa9f-48ea-9f0f-0fa661188b70
0,0.0020664001716054897,0.0,171.9268624472029,31.73787029832216,64d61330-aa74-4fb3-94da-ec6373ae1a6a
0,-99.00317237939296,0.0,176.50223410236345,133.46507240804885,3c402989-a0b4-4e37-8e36-00ac21cdd1e0
0,0.008356455696246053,0.0,149.85932876581643,27.770996862422198,19153dd6-3164-47e8-884e-ab4ceb415297
0,-35.35892384948294,0.0,89.14599058795153,54.51159037839277,24cb9e37-47e8-4faf-88df-ce01efbab218
0,-242.11783971784567,0.0,314.28167320763896,266.3552734918266,c1d2207f-d9f7-4c2a-af2f-79d05f2e769b
0,0.00923021459170581,0.0,123.67597066135225,27.268755885564524,b6a21e14-db9c-46ab-b541-be5ccaa9e61d
0,0.0045664788981914246,0.0,171.8762899676223,35.93855744847511,5e3f7023-fd76-484c-b70d-6a2899e9fb17
0,-179.76515865445026,0.0,258.89401266658274,217.36354662970723,f94d1825-36c2-4a59-bb92-42961ef18f20
0,-2.1335721279354884,0.0,2.1335721261884397,1.8435010385232082,5f1e38a3-6b6b-48c7-a7d2-54691e3c1bf6
0,0.0019236832135393614,0.0,47.47277248869853,11.632431713266689,e2d31e27-1b9c-454d-b45a-7d3285ad5f1e
0,-6.04439510406051,0.0,5.2553010649422225,4.467092508624344,f556a0fc-4fca-482b-a035-1dd273988d3b
0,-11.990408311580744,0.0,26.498280236096278,8.285153767701052,806708df-1ba9-4d6e-97f4-8439aa948562
0,-5.990580197831906,0.0,5.7779692870114445,4.742240826194403,59e097eb-1e98-4edf-a76b-9c21aef339d0
0,-2.9985775090091034,0.0,10.40746222570348,3.327813737107112,3fb4f864-876c-4d8f-82fa-317f2f82e53a
0,-12.077166821411044,0.0,10.492208241138332,8.936564346419301,70b13637-56c4-4f6d-b087-7edcc41b879a
0,-2.199158613690955,0.0,33.69645083205252,8.688845816116928,1541bb5b-6ee8-49e4-a572-d159a1132122
0,-11.999416437624712,0.0,26.914302380794084,8.128339644471843,9b0029de-8ccc-44f0-90bf-ecf540ce31f6
0,-49.991548506809195,0.0,49.55621095989255,16.60315929225926,4b77f187-8a8d-4a06-a87b-01e858554749
0,-11.998664490789258,0.0,34.623209509582544,13.830519509518979,e3d739e4-d5d2-4b17-af83-d640a3d4daf8
0,-3.9984038895564065,0.0,20.314285129836044,5.845632956879637,ceb00acf-57d4-4451-8164-04c4cd689782
0,-6.997992962004396,0.0,6.997648124105761,5.774943123341755,7c804012-31ef-4c59-b64e-e47b73804fd5
0,-1.9973607546886132,0.0,1.9973605778018202,1.6812998036106914,6a7baa4c-d3f1-447d-8203-44a46b0d81a2
0,-2.559954654250775,0.0,2.559954650936546,2.0958713522827375,3f837acd-f37f-4cbf-a83e-2752f8bb7375
0,-2.8693566394841166,0.0,2.184181141857316,1.728567523356189,ee212694-de7e-4ff8-98f6-62297621c67b
0,-3.037108958879019,0.0,3.0371089568654175,2.692467284827072,19640fc0-ffd5-414c-b5d5-c8194dea4555
0,-39.87628664733798,0.0,36.03994288161087,31.121843048550012,8db63a15-c151-4ca7-b0f3-1e433a59a02e
0,-2.9985863462039033,0.0,33.085428135870714,8.64341240881709,8a416ee5-0c61-4c08-8710-e52755d90a63
0,-5.9984939100304135,0.0,5.822458747111923,4.684698416456989,137c1707-0443-42f6-a515-a1c74646093f
0,-11.983334008247489,0.0,11.898534070803652,9.371789580944247,bcf16dea-9b7f-405e-b637-1fbfd48493a6
0,-7.979633819866424,0.0,7.656024554851945,6.097203805038285,e89fb015-7dc7-4872-ae63-832a79a5dcbb
0,-11.988621514324073,0.0,26.53544059488908,8.203409062381922,286fb2be-697e-4467-9a41-0381048f4e54
0,-49.99613061922584,0.0,49.437402639577655,16.804299068531137,c3980e32-d8ba-42a1-a5ea-6bccbed0e4dc
0,-3.1707517894497053,0.0,2.4855397235847825,2.009502686156516,5512bc44-c93e-4e4c-8300-827b0ea9427f
0,-2.9986497098257114,0.0,29.95913030669975,8.644604074259545,b2bd4039-0ad5-4547-91f2-22fe0d3acd64
0,-2.9993427419925998,0.0,32.61147140891193,8.667918874836884,58ccddc1-2a41-459b-b8c9-3f81753eff48
0,-2.9114564370830625,0.0,2.2644478734233697,1.7746977921707592,0bedfc54-ff75-4d0b-ae57-8e199ce2cc53
0,-1.9981062164158772,0.0,1.9979692235411388,1.610973450818285,5211c831-feeb-4c51-a504-9b8efac66a56
0,-5.9906963072507615,0.0,5.818327987543551,4.67416628041757,22e2d652-c606-4df5-af68-ee55648df06b
0,-59.96165779822367,0.0,59.959716199702875,51.426246966077635,32a201f2-3078-4113-be02-f6b84f4135c4
0,-2.9886440454331384,0.0,15.256135820939193,4.735802584171116,ab9ed447-e212-4342-9bbd-0855792ad8ec
0,-49.99704982963227,0.0,48.58860648429518,16.79945683705256,696b72d9-e5e0-4d24-8604-f173cfe9af38
0,-3.0576749427342884,0.0,3.0576557805877793,2.5160898054852727,f5afcbc3-0d23-4950-bd7b-e9dfe4edb249
0,-2.166255328928627,0.0,2.166194368109746,1.6681448620704606,ae513536-4e77-41ba-93dd-8306ab710f7c
0,-4.414439785527203,0.0,4.414378983818113,3.816087391359951,ec887cfa-946c-4fb9-aeeb-1f483d5eaf45
0,0.3014668508058851,0.0,7.389501504860434,4.007914870998319,6aa2405d-30bc-495a-b20e-252f1831fce6
0,0.00012894270224117488,0.0,3.9993297825263734,2.1187048908771398,b21df477-5627-4eb2-9e8f-504e00438edd
0,0.0032417047068752903,0.0,4.4422146425510505,2.267772885298114,1d83abe8-2389-4f03-af0d-09d1e2cf55f6
0,0.01365221168911914,0.0,50.21207842913607,17.301023674873036,db53f0c9-1cb4-4a09-8b16-c88187429de3
0,0.0008824598718796088,0.0,39.539668290817076,12.95769988309503,98480f3f-7b96-42ba-87b5-85298acbfb5d
0,0.06651986493755402,0.0,64.75878743073585,28.48841559275347,c3507651-6109-47a1-b9d3-eb6d34e3fe45
0,9.573320043454459e-06,0.0,6.352461729003944,4.791226463683938,13d9951c-ed29-4f82-bd34-93bf470b1847
0,1.3511479439020952,0.0,112.36540994658843,67.75961292847474,3eba71f6-76c3-4aae-9863-cf4acaffebc4
0,-0.9967576135485718,0.0,59.82964430212189,17.765055699370517,a1af2b0e-81cc-4884-b2f8-a4d917d41e7c
0,0.006580880047255771,0.0,50.194083403949165,17.688168505750003,e068a451-98d9-42c1-a7f2-b7d6668ce8d4
0,0.10162335516128673,0.0,38.95087586132749,13.062476750745756,52e2a8f9-efd1-4c6a-91c3-39b284587952
0,0.23720811710829212,0.0,1259.3622138447518,435.969687997717,309eb1a6-da92-40a9-ac90-a878e6e1289c
0,1.9427463538779335,0.0,1329.3634928676947,386.75474185639916,256791bc-69ae-45ec-98a5-e895a6f2db34
0,0.002833732729307242,0.0,145.98864576795324,32.6408360507756,69d68b0b-9464-4f13-aade-f6b44d1af41b
0,0.6587833317164782,0.0,2516.1163607067297,839.7796199587676,543d0b91-bda6-4985-8bac-0b175f9d509e
0,0.0022828551979429358,0.0,154.84991991867057,23.192643942979338,152ecc9c-6c8f-428b-87a1-acb18af27f7f
0,0.002103321706495619,0.0,50.292159397690725,17.029338862492136,59917837-4b3e-4e97-a0c7-761d48a6ef5e
0,0.04347315471831717,0.0,100.4386965120854,35.31223607411539,02a3f88e-c760-4cca-b6e4-7d4303a3b623
0,0.013178937077713823,0.0,48.700495893349945,18.014041708961532,9ab6af30-725b-4bcb-bda2-79f910f41556
0,0.013512107668401174,0.0,246.0878172586481,49.44372125014229,959a0073-5a53-4aad-9649-f762891b1e7e
0,0.04607100573751243,0.0,1253.1961927624952,442.36582341588394,eca925ba-56dd-45e6-930f-c7800aac799b
0,0.0014577823070860189,0.0,49.629720331818454,17.03547237817642,c80d721f-5e77-4984-8a46-8aec1fc99bc5
0,-6.337241802694112,0.0,6.3372411079340605,5.002253446439126,470081bd-a04c-48af-8d67-3af2fd73485c
0,-0.9992817714673934,0.0,0.999276620124671,0.8281877641297775,273bb194-46cb-46a3-9e39-9a94e3834dcf
0,-4.9967961913844245,0.0,4.996787233520766,4.440889122846364,2664c32d-2d9f-43e8-a28c-b64fc0d2dc8e
0,-6.193850514916306,0.0,6.193841367272942,5.631522219493678,6f14ab38-75bb-4655-a86c-8f0c79cf395f
0,-4.994243122279795,0.0,4.994235216419422,4.448478833747148,4591cc5b-f520-468d-83de-0342db34253b
0,0.0003673688709963485,0.0,5.5215909037269695,1.8439839363087474,9280ebff-de5e-4799-a8d0-16b8159709e7
0,0.000981836137030869,0.0,25.445706863122624,5.924345325155906,c351ec96-9668-43b8-9aab-33040b166ece
0,7.674326934320463e-05,0.0,1.999764672040143,1.0042299800272498,7ec7754e-45d7-4556-8546-6cb74745dd81
0,0.0005504764161908652,0.0,17.923291902327247,3.855920106233871,774f8cbb-1d9b-4771-a93f-6b00b5ef0047
0,0.00026589653347512644,0.0,7.866751184324582,2.277452613680013,ab628364-0743-4dfb-adb3-ee04605e1b82
0,0.00029915203942661937,0.0,5.517483048251832,1.8452052975222126,4d7f95c2-7c0a-451f-ac28-b1b4981ec2f2
0,2.384058333927359e-05,0.0,3.082690356958516,1.049157228910465,5b9ebe3f-4f90-4d95-8732-f1f8e7022ae7
0,-0.9999994089134893,0.0,0.6040133172299575,0.05903467112571012,4d91925e-87bc-467c-9eec-8d955b1881cc
0,0.0012208541870502906,0.0,5.538627763606967,1.851262007317497,18abc151-2a42-4370-af60-cf3895c97108
0,-0.9999865262760741,0.0,0.3186857471936053,0.11906588883236682,7d14c030-8c42-481b-b1d4-0ed45cc469c8
0,0.00021431334388481702,0.0,3.0969224305171883,1.0306816682154938,3ec58d6d-772d-4da1-9098-1768fe9b68a7
0,0.00032216227144354903,0.0,3.99859115995552,2.0127754920451992,a7f4b944-5761-44c4-bc20-a791b0f2164c
0,0.00030138819384164953,0.0,1.9558892574203688,0.579469643430494,f1d65c1c-72da-4a63-b2bd-f1764fb6ef03
0,0.0002388793150849779,0.0,31.82157734336922,8.686532698609048,ef051d9c-64c1-4d4c-acd5-b3497b90ffa1
0,0.0006239655446379616,0.0,17.646375132250963,3.876767567194787,92ec19d9-2b73-4daa-b47c-a6c6e1991d82
0,0.0004176633038289006,0.0,1.9995462429837256,1.0021638864987235,ae5c1476-ee1d-410d-b48a-97dd90bfb918
0,-0.9999951418797773,0.0,0.6308161087284652,0.2672583746850704,460753b9-6d49-4809-ae14-ceaeceebe7b8
0,-0.999999897394243,0.0,0.39343942896437734,0.05584289573034246,bf76fd96-70c6-40c5-b95f-e661941af55d
0,1.722123481690718e-05,0.0,0.49373002477903605,0.1707041051618384,6e9034f8-7ee4-41b0-a269-c1503922f686
0,-0.9999996761349881,0.0,0.006031773623668024,0.00202817508027538,61e82aa0-a52f-4ee8-bc13-b20d7037cc50
0,8.005541067933158e-05,0.0,1.7173052080780251,0.30799790768207197,c25c7571-0f94-4002-840c-da4dd1304f1b
0,-1.6163044469414891,0.0,0.09037039909173594,0.04571864364703462,966ad012-4f15-4a06-a4cd-52c3d905ab97
0,-0.9999984438180802,0.0,0.32098189571826385,0.11806589574229293,61c52f73-1561-4b11-8684-ac8bfc72530b
0,0.007679261015571814,0.0,1.6589055281379486,1.1095300735023441,060303a4-4579-4540-ac88-7380da548f0c
0,-1.6141870074852656,0.0,1.6136828964618044,1.0400787503402447,18ee31f9-5f48-497d-8da7-cf8035cc376f
0,-0.9675826561707191,0.0,0.393720129184466,0.21318401693747674,113b5430-e8c3-4402-bb14-52368dde25e1
0,3.196101873600696e-05,0.0,1.5370681237086465,0.5216098936391066,55743c0b-ff50-4fa7-be31-b5469999b188
0,5.244697896572933e-05,0.0,0.7707316675373947,0.2569065819075075,fcfc0f06-9ddc-4e2d-865e-0e872a45c84d
0,0.0014193909819619254,0.0,0.10828187277768732,0.058271911316016244,ba21182e-82fb-47be-bb85-9f65eeda6d9a
0,-0.9999917777808839,0.0,0.1858957097278484,0.07392110064074062,442bc9cc-53f9-4e78-9bed-1cf69b262c49
0,-5.513642626115124,0.0,3.886320102096869,3.0936858135440017,c62dea72-6335-4d36-abd7-fe12c5cd2a37
0,3.8237474625995454e-05,0.0,1.8261181527336112,0.30201673282921043,84ce297c-b88f-4276-be66-b8ffd812d25e
0,1.2371527797419531e-05,0.0,0.7720887457703182,0.26370602036352314,99d90ded-43e5-46e4-916c-f32fc6cea05b
0,2.3836470524310715e-06,0.0,0.09594598787050979,0.033059370334001095,be053efc-1622-4de6-9d53-475dad48099b
0,2.7672942364117996,0.0,8.802109974226369e-08,2.9588091098897707e-08,573bc7e3-fe56-4561-ae6f-c49b153bee3e
0,-0.9999943803105947,0.0,0.32201933501935676,0.11939795853247608,0a77975f-c919-4e98-b124-2be100efbd8b
0,-4.758537870595894,0.0,0.09036086960603562,0.04633403342412471,73803325-3a86-41d1-b34e-f3a77dd2bfeb
0,-0.9999999219754561,0.0,0.006022104600172384,0.0020126071447674762,fd2dbff7-71da-45ce-b1c6-36958b9c24ce
0,0.002373504087418654,0.0,2.0023975402526704,1.0208322117162432,8f13548a-4ef9-4882-9722-54e7f6b690f1
0,0.007156684768028951,0.0,73.18893801594601,16.70633315167751,7797a64c-be58-4c7b-8fe4-a78bcd101840
0,0.28518022049904523,0.0,87.8669248734001,46.50438758818307,7dfc682a-573e-4a11-a8ad-5a4810c98008
0,0.46002310992348655,0.0,79.71002567461453,36.502229169373656,cbc2a657-26c4-4efd-9369-4b6df465a52c
0,-3.3004887089808017,0.0,6.4595010976912715,2.8835287025692558,102c4ffb-bc76-4ade-95e2-33d8b2c9a4bf
0,-3.3784672081437495,0.0,51.50326042600801,17.081238274119556,3dde8767-34d1-4075-b0f6-05878ea69d5c
0,0.004971872330089753,0.0,72.030443882326,16.624213018189103,62c436a7-55ca-440a-8a1d-b8737733cb9e
0,3.032775505601075,0.0,79.254974278142,33.47085645787068,a7db1116-b817-49ff-bfe8-943ce6906757
0,-7.612934742175503,0.0,8.612889384299763,6.971625723809289,10618c82-fce6-4a7a-86ca-cd9a01b82270
0,-31.91031018639309,0.0,94.3239959180168,40.38924920837425,eeba52e6-e814-4e80-af6e-e8d4d2283eff
0,-8.760910690555637,0.0,10.993700663868228,7.9844554587441685,bb04b7c6-19c3-4fd4-a321-f2d7f0866a4a
0,-27.592011432933,0.0,28.788153833996724,24.711352748494154,a9e1beed-b275-456e-8f85-dadd96d225ff
0,-5.084148382438553,0.0,5.164148240501364,4.913887912572106,e2285d27-d32e-4fc3-b3c6-7a5feaeffefe
0,-6.347255135549981,0.0,6.347249329430792,5.004323745836558,23db9bc4-8fcc-4cbf-b2c6-346401d380cd
0,-5.752896562777688,0.0,5.793616332040759,4.379662448099418,70684ae5-ba64-44ff-9d38-bcf6da20ea0d
0,-112.46440157640693,0.0,168.40145149464686,62.63280678328065,e12e7189-45fa-42dc-a338-13d8096d1746
0,0.13440100336061633,0.0,105.03115617101551,41.52258703160685,f343db51-4997-4200-8155-c72719e4116b
0,-0.005861197165268557,0.0,1136.1765774060414,226.79155699243998,34188ba1-6cf0-400f-952b-2751b2b59ad0
0,-14.529497083457109,0.0,1215.207183557107,265.9320755038745,b498e96d-c09f-47ea-a146-6de6d381be19
0,0.0017779188865634232,0.0,1248.4053008888,253.58960808076245,3780136d-f976-4356-8884-51b122b168fd
0,-10.528350240734124,0.0,10.598350229686877,10.0888200602557,76287776-3ac8-42e3-bfd6-082280ad7604
0,-37.396133555614945,0.0,40.4412948564445,28.885578945160912,c8e3cffc-f398-46a4-8b89-a97ad9183e61
0,-13.390054788872854,0.0,1269.590541144326,268.5199669851712,8133c9fe-bc15-41be-9580-3226d7b876ba
0,-155.15119451851834,0.0,174.35621594596782,141.34666977751726,d687de97-9c2b-4b91-89b5-a709f8cb1799
0,-9.18489445948724,0.0,9.301067154840695,8.73553813821484,4596636b-3081-4791-83d2-989b6b7fe93c
0,-11.631523982916047,0.0,105.89989320356516,36.60481018846695,1eab03df-5cfe-4378-ae0b-ceada28a9d6e
0,-7.422834315493983,0.0,7.592725854864782,7.228033499359968,da127628-5279-47f6-a111-f0d0ffd9d0cf
0,-75.18414736423547,0.0,76.31106170816498,67.74613754571591,fa3e9d43-feb4-4240-a225-b9a868b2b3eb
0,-351.09238810122974,0.0,431.6974860006329,335.2212010626831,bf6cf4d8-be92-4314-b2f2-e5280b986c2d
0,-83.98407381625103,0.0,1267.2749672448413,323.69474903774216,e463465d-390c-4b49-b694-418e3a2b8228
0,-8.791793879531285,0.0,1225.1574882457687,259.05903808819056,108a08df-2f54-4e46-a6db-aaddf04db105
0,-157.89824350295035,0.0,138.73516984843175,78.84620084343946,51711dcc-9f55-4006-bca8-d41390bf638a
0,-427.3089472922565,0.0,257.238303329048,137.70424780011587,1e9c2bdd-259b-4766-8d91-c07af0a8bff1
0,-68.27027868317786,0.0,70.23919036355656,60.899702610335744,c7a6ffbf-f407-4a12-8d5c-78ed71638db3
0,-8.638087554981638,0.0,8.944484378448216,8.161932840381771,22af2e3a-e59d-4126-b089-d2a94bfc3d40
0,-10.301682883562387,0.0,10.608871599878352,9.841735225641946,362e558a-4165-4eb1-b0f5-efc73e1d6a44
0,-331.4447626754537,0.0,333.03055936720926,304.8402081077019,83996f88-818c-4dbe-81a2-7a511f4d3d15
0,-7.983602141789712,0.0,11.41293584865201,9.091260979548187,17529f81-55b2-4745-89e0-0ce9c6ba9a70
0,-10.274790134996618,0.0,10.534303407208824,9.913471963469858,bfd92324-0e31-4915-87db-77790b3eb77d
0,-9.39502621251477,0.0,9.614948086405889,9.105468073596349,0ed17552-f455-4a6a-a196-0b90d372d016
0,-85.5422175504697,0.0,86.98801972092296,65.96359834011129,4d38fa5b-694a-4152-86f4-24bd61a11122
0,-27.43127460680507,0.0,27.190040683759428,20.409085158414072,acc73d9c-9957-46c1-ab9b-b21645dfbcab
0,0.00012355884802976827,0.0,16.059184783044188,2.8202057076095755,d30fe693-fe6b-468a-95a5-1a7734b72a77
0,-2.5426634739871723,0.0,0.07208605303667426,0.03520860787239605,42c43e8b-47bc-4098-8719-002ad8445744
0,8.766082986542492e-05,0.0,1.99979806243387,1.0056849282941727,5b8bc375-8e44-4c57-8c62-9fd9d356491a
0,2.1016387008758912e-07,0.0,0.0049680831294469045,0.0016449613271434175,c719b938-9b35-4d43-b1f8-2ccbb7a68b7a
0,-0.9998029849000281,0.0,0.9998029848442823,0.9375903448006259,48ff1c69-bb3d-44b1-a743-c860ca64378a
0,-3.9969236446490966,0.0,3.9818253309103775,3.4290039289964844,9b7ecf1c-b35c-46f8-a707-e120730d22bc
0,0.00023814183136377753,0.0,1.9995553088521918,0.9955946463330443,1d6334b6-2db1-4634-a1b3-5c2b92c85ae9
0,5.039293108260645e-07,0.0,0.00486793720535958,0.0016525283693575928,8bf98791-3eec-4eb1-b1f9-660ea2749cfd
0,-0.9988977762435336,0.0,0.9988977761844127,0.936657219714233,fc7784ff-6e77-42f8-b68e-3b8c36d0f1fc
0,0.0014950042486047345,0.0,31.326357464309247,8.632868981092393,3caa7a05-919d-488f-8fb8-b8a9f6a07665
0,-5.013255423290023,0.0,2.5426736315160827,1.6027164510370298,1dbfe757-e951-4331-9403-981c6282ef82
0,0.00013165932018524567,0.0,7.871135937759908,1.4753135376855466,ef564d40-2889-45fb-9dc1-f75522b74d09
0,7.980145948820656e-05,0.0,0.4945879464861474,0.16759107044645552,0fb50b9e-81e2-494a-b8b5-46c9b80634a7
0,-0.9999965275165238,0.0,0.9980042847192037,0.7538700126038952,4b41b37e-0ea9-47b3-86f3-946794fafac9
0,-0.9997943279478438,0.0,0.9997943279297011,0.9357535907871591,a46dbafb-e36a-4b41-8903-1ac3cd6f427e
0,1.0284490094941911e-07,0.0,0.004945927902047781,0.0016649870460787926,05a1af02-1ec6-40a6-ab1d-d1c7ed969de7
0,-0.9980031579102008,0.0,0.9980031578525232,0.9357503945052252,2b33f97f-23a6-493b-846a-ef0af4c5e64a
0,6.0541321236902396e-05,0.0,3.0759445072369624,1.0257876416924867,e56114ff-a135-4a7d-9d98-16cb034776bc
0,4.641418459642488e-08,0.0,132.86782792630862,9.510705696202217,87314d20-2f56-46bb-8fbc-1bd6e3a5e4bc
0,0.00015611056233247686,0.0,7.9412060625354295,2.2676432483442555,c3c7bbe3-5e3d-44e9-956e-d6e0ef943f6e
0,6.549066975784404e-14,0.0,1.2436851148630303e-05,2.5181223393272697e-06,464e733e-4833-4ce2-b2af-01342e798943
0,-1.9999968398937207,0.0,0.7719051690376983,0.21186620949562465,2dfde932-b4ad-4e6c-87df-2a93ef606137
0,0.0015929150776493328,0.0,31.766884307521767,8.646388361516214,429257d4-7841-4b3e-b914-50ea6bc89767
0,0.0006146374666946643,0.0,7.879047313229953,2.255136826080699,15ba1ea7-ae7e-4ea3-aa1d-e1e3630c8543
0,6.371878024881097e-05,0.0,0.4966020939697551,0.16522024736436106,55114c34-6237-4a7f-93ef-d6bc2eaf7fef
0,0.1737181091966703,0.0,30.82221014898747,8.594464169919416,aedce3f5-fb58-44b5-b301-9e9dc200a12e
0,5.329537316024977e-05,0.0,0.4948206104109892,0.16765193160650005,d66f14f0-baa7-4af1-b5e2-5833b6f79671
0,0.0008956241498099893,0.0,3.9989977624328406,1.5027653043790095,1e8989b9-17e7-4c5d-940b-e8e1abb0d149
0,3.484246832238616e-08,0.0,4.848363969069149,0.967776360583087,3861c497-e9c4-4001-8ec8-f4cef329c629
0,0.6930884397797429,0.0,31.18472677129599,8.637173790902105,14e777d8-ecf4-4563-9564-a0eee5cc9b70
0,1.9249910762238486e-05,0.0,1.9992602841703357,1.006190856853958,7986e588-63da-4c32-82bc-80b225ec6f9b
0,-31.69038930383859,0.0,31.22809352682227,22.47072061812014,7d66adff-bc77-42c4-b85c-65082280b7cd
0,1.6127588784042472e-07,0.0,0.004919737387490197,0.0016492103648079513,32a923e3-93e2-4492-a2ad-9bcf30f209df
0,5.406373600177019e-05,0.0,1.9789075724260687,0.6722931646480621,9251311c-b7bf-43a5-960a-dc0bfd2cd61b
0,-6.239952328778571,0.0,3.9705625294164957,2.3183831284908605,cad3c42b-0638-49a1-a5ad-dfee1814747a
0,2.5816844410828754e-06,0.0,0.02450158107102399,0.00818225971000514,f524a2c5-560e-4904-87fe-f80d19a122c0
0,-1.9996087638963784,0.0,1.7643684479122594,0.9368623926156618,701cc2f7-4c0c-43e2-8867-06713b3e6dec
0,0.0002545108430269372,0.0,1.9877286825520943,0.674047026471943,0ee56ba6-6327-40fa-93c1-7a120360d2be
0,-0.16845654716372166,0.0,0.3407883997894791,0.16719747029552373,cff2adb2-2241-4b93-82e1-2d2082ae67f0
0,-2.1757571996505716,0.0,0.3408791314969408,0.1699896620329323,c72b0b90-5af4-4bec-a773-a5e320dc1d74
0,0.000365456826375946,0.0,5.513509930152418,1.8623330976030157,fb287629-a68c-450e-80d4-5d8859946ef6
0,0.0001255295412734153,0.0,1.9497931123241645,0.6678481042486029,fbea1d35-bc0f-4692-bb3d-1d21406991ee
0,8.59756526301691e-07,0.0,0.07814302506273221,0.020889991085779245,1f38ac49-47b9-47a3-9afa-39ad8470ca80
0,-0.16843611101795025,0.0,0.3406305996468746,0.16593763792515237,a4258cba-8179-4bdd-961a-98c6f1310257
0,0.0013641822153839815,0.0,5.4773170155381345,1.8555609117679939,8f7a8acc-6b36-4386-aea4-a4097296762d
0,2.791790332557437e-07,0.0,0.02444402812109066,0.00821404231043753,fb783fde-4258-4ac0-bcf6-805f3c526a30
0,0.014920820744300567,0.0,1.9631969415103419,0.988590210707782,5a4b90f8-155f-47b4-88b3-90dab5e1aa3a
0,0.0001075209602421414,0.0,5.396913718792843,1.863002187956023,a5550962-99f5-46df-bade-211bd34db6b5
0,0.00014823506052286155,0.0,5.472840299626387,1.853994988111686,897ad3eb-8e91-47cb-aa9e-6b1324514000
0,-0.411835760523527,0.0,0.08470196119363338,0.04239589423789681,406c215d-a3ce-4710-946d-0eb53ffac4c4
0,0.021996245429724448,0.0,3.2869967695239612,1.6367331173531963,c4d4b74c-29b1-4773-82aa-06e297321789
0,2.7975586270279174e-07,0.0,0.02437189891259078,0.00815593008739541,2f8299f7-3e9b-4bdd-ab04-c1856fe6edef
0,9.404122725056062e-07,0.0,0.013096628314100876,0.004363384736315518,0c64c5e6-d8c8-43dd-9f14-e3fe591d4dc3
0,5.8815246612160015e-08,0.0,0.0047074696490753375,0.001600747189870124,30a21b19-28e0-4b6f-9273-2fd869e5a6f3
0,-1.8378770771071231,0.0,2.139398702638573e-08,1.0741329833763302e-08,7c488d3d-96b1-4484-8724-63f76d564f35
0,0.0002578146323521935,0.0,4.887836493366034,1.807074870855894,18ce7dbb-9da3-4582-9ce7-5a888469746d
0,2.182146494953722e-06,0.0,0.02449798088892498,0.008192091849237158,8b0d7076-8c38-4771-857d-6052162419cf
0,2.0207465749902307e-07,0.0,0.024197532323453858,0.00829557629490681,a09a79a8-2f0b-4ebc-b6bf-6ba648c894bc
0,1.8061994982651838e-06,0.0,0.024450408819261735,0.008243836294980338,413241a4-4497-49ac-bdb0-054390aa0c46
0,-0.01227144280855433,0.0,0.00135205150449259,0.0006765592621323008,f7a64351-fa31-4095-8cbd-5fc0162fbead
0,5.401497114580522e-07,0.0,0.022285577652448617,0.008101266123699971,4d823056-8f44-4c40-83a6-8e0c4753de5b
0,1.1520775766724139e-05,0.0,0.02432486783094534,0.008270866530214952,df4c744d-012b-4b39-b1c8-1b710945794c
0,0.018813587417439038,0.0,49.71749735225528,16.636026611574295,a445fd18-dfb6-4c2b-bdcb-40e76f6aa5b7
0,0.04781901515012791,0.0,53.16128567502416,18.656465461078273,a2d16465-61d0-4965-81f1-bc8cd09c3e80
0,0.00387360753866799,0.0,62.44034366398127,16.51018117021817,baf0a8f4-ecae-43fd-8359-f07cfdfe271b
0,0.323985641304159,0.0,80.28668215674469,38.111186813096786,8890dcba-6571-4794-b561-6c8aa6ab0838
0,0.006064349067709422,0.0,50.18910711156034,17.25142610817165,dcefd4e4-85e9-4631-8f29-6542622feff4
0,6.460453009286567e-06,0.0,51.058111607436,18.80472105720256,65346128-9a23-41bd-b516-70c121eb2c51
0,8.9560854499815e-07,0.0,73.24938284865941,13.410400521764695,4644145d-fc4c-440c-9dfa-cd512c5634ff
0,0.0012121987085547913,0.0,291.1587178642431,55.68376934350305,1f67034e-f957-4610-bea5-380b8b395245
0,0.006114685959808064,0.0,147.60959766506838,33.53203192103012,645538ec-aa46-4e2b-ac4a-db67101fbf29
0,0.00998951928070678,0.0,49.82441829667233,16.79816012326203,1a1f4179-6921-4a7a-b77d-906708060c98
0,0.004428733107718463,0.0,49.286970131113094,16.873507173637837,7a1fbf46-e20f-418a-ab42-cde82b6319c2
0,0.029478208322686515,0.0,49.1205915685751,17.875782686333764,8eb075d5-7b41-4f88-aead-212b2dc91f60
0,0.0008783686169366969,0.0,89.69710166691385,29.862265358459176,045d8214-596f-4ad9-884e-0ff1c0566e9f
0,0.00556570486220609,0.0,49.75941049046215,18.709873893451643,374ddba6-1a9a-4f32-892e-777007fbef83
0,0.012245833866324904,0.0,3.185848037185474,2.1772627248413534,5e536db7-9344-4c3f-a7b9-b8c026db4fc5
0,0.0008781885788307284,0.0,1134.922870856645,202.0296580869348,0bbef68e-b2f2-4d85-bb42-80afee34b7f1
0,0.020947940217101176,0.0,148.41272864222756,32.9249724869664,3287479a-5ba4-4656-8c92-3f2e3c16e21f
0,0.012983395709116125,0.0,49.99002468956433,17.158895169282907,a16455df-4c15-419c-94c8-026aa23eafb7
0,0.00013075783876574288,0.0,97.92756739293453,23.070621318625427,6c0c3d31-bd82-425a-94e1-56ff0773db13
0,0.0017959535176862286,0.0,68.60673235035588,16.677659002206347,10727af6-349b-4586-ab74-55183de3f089
0,0.0017177970452646961,0.0,50.04253415602848,17.23935879053984,3f4dc758-b4f2-4a37-bbe4-16c03fcbe6fb
0,0.0007002606692259105,0.0,1.592988034640499,1.0977273721974226,d56ae62e-705b-4606-866f-ca6bdcaba3df
0,0.0037509697517883397,0.0,89.02672324078917,29.922783486713136,d676e10b-9370-4868-a9f7-53af4b20c31b
0,0.0009746598524170135,0.0,49.296512552655315,16.72355493323666,1569f715-c340-463b-ae13-e7b284cae2fc
0,7.860612411755316e-07,0.0,14764.67593171784,1835.066781786909,5ce0425b-2eda-42c3-afbd-9171662eeca7
0,0.0055674296650802734,0.0,73.70521961860248,16.293537354741584,ccfdb652-b044-4974-82a4-e27b343bdaf4
0,0.002018861093347019,0.0,99.1110058526196,25.211719377435337,1145ee11-7d63-4378-ba2d-4d6458289d5e
0,0.0007012063116287763,0.0,78.99008300476848,16.63742635671434,6b162670-c5a0-4587-95e1-01fa17124b61
0,0.0023736296285805708,0.0,38543.90264476646,1604.474510145631,be787874-cad2-40e0-b54b-6155cedd5186
0,7.768523270643925e-08,0.0,97.39626943938623,16.458622179558144,a8b8433c-f3a2-4daf-b6ab-1cffe7b694f2
0,1.4594313097129584e-05,0.0,2426.424270117995,396.4344031761131,737a1756-1e60-4054-86f2-9f29be44a89c
0,0.015520118444840815,0.0,99.0374891644583,24.740095348765834,e894abcf-4b83-432d-ab12-27048dab002b
0,0.0020475595138503295,0.0,99.5889554601872,24.75597590896543,a0cc5951-911f-4df3-87b3-56303eef4330
0,0.00013363271176092023,0.0,63.98907347851991,16.544238071371655,4e275646-8f7c-4bad-9fd6-661f8ca7dedf
0,0.01134340347574155,0.0,74.10483289636724,20.691218663655892,7b663791-7fd8-409a-bc52-523e1d7050b9
0,3.4921860633620264e-05,0.0,93.66963025423205,18.311006492449216,3a840024-874c-4432-813e-e3d451ebb13c
0,0.0008266406977809852,0.0,44.26003528274779,14.893168339588545,21e9199b-98ea-4b35-bf79-8783ce6eafec
0,3.320807948350104e-07,0.0,2418.372720792196,391.1600099976707,8913fc08-66f3-4fbd-ba1c-a2d734ade54f
0,0.0007939691893755547,0.0,73.67161334391766,21.008046196023166,d28dc7d6-aebd-49dc-b083-2e86122d71db
0,0.004646622153184621,0.0,641.6477858707322,104.87341276442271,3de9c300-aaa3-4437-b546-2821da36c9a5
0,0.004119029630537525,0.0,74.14676519228226,16.766775133338765,d3e5fcff-edba-4af6-be80-c8a33f9860a8
0,0.0007521615552105132,0.0,171.45275219337813,36.84323524302605,5506c8ef-9860-4774-88b5-c6a8c289c13e
0,0.0012589489123099858,0.0,89.32457217095772,29.62587440943845,2b31ceda-04d2-4fc4-94f5-ffa852234f49
0,0.0002369489118177756,0.0,49.81856642509092,10.287817079008185,786a298e-7f24-4cce-adf8-9bdeebdd8259
0,0.00041507039540019194,0.0,53.26040996147824,18.183256617797444,7208c76a-0baa-4b70-bf8d-f048946624ef
0,0.00015376764486958603,0.0,21.594545204582285,8.85676330604122,2f66c380-d0b2-44d8-a0f8-d24ede054622
0,0.0005932597593017489,0.0,48.67841282625593,16.26536561749583,339b01fc-fbde-4211-a995-bebf05cc2023
0,0.011034786016894506,0.0,77.41437952832098,33.49908638232584,4cbea734-5381-4979-896b-ca724bf791e1
0,0.017508909586723735,0.0,61.54438159547841,27.69622537124504,7dde8fd0-96e6-4a13-b5e8-adcd2f38be6f
0,0.001180149059228247,0.0,51.394369550313165,17.584092835863455,3aed9357-8547-4bac-991b-adee047d12cd
0,0.0030087919884590596,0.0,57.45349145499235,20.264395303642438,9d7f79b5-f543-4d67-b08e-80b04af30aec
0,-2.0690573779026,0.0,1.7228980383305812,1.0256209409862074,31345b02-aae2-49dc-a5a6-050b5a517f3e
0,0.15732713484077002,0.0,83.92895842103576,36.49057536849265,126d12de-94af-465f-9dbf-42c61905da06
0,0.005142398426925022,0.0,20.70419069704138,9.157113319549223,a6b8ee19-e613-4627-9e19-b41b8a3140ae
0,0.00713490414849339,0.0,55.55842451641122,19.229125742678836,4dba326a-c1d2-40a9-8b13-f077c803fb7e
0,0.019175077114326436,0.0,64.77124808559994,30.933681963675237,1f634f63-9c32-455a-a12a-735236d95ac0
0,0.00634955913422633,0.0,50.82732684371545,18.05386368084207,868ca97e-fb3e-4b83-9f9e-62629b74372c
0,0.018468929589609096,0.0,49.49447491839778,17.184544391918426,22b64d70-6aea-42c8-ae3a-162fb9170ab7
0,0.015463548341716725,0.0,50.103666655362375,17.46467417851715,5e16fdd4-2714-424a-8ee1-a7216acf9ec5
0,0.005040709216644221,0.0,33.76088188026979,13.483978847545558,618ce0b9-8c9e-4e6b-b770-024e65a4b1c2
0,0.0007095972885364155,0.0,60.057004597110605,20.810244936992607,55cb7e50-2dde-476a-a57d-567594f63a38
0,-2.059213218829127,0.0,1.7122740752129795,0.918589794590599,1c1f8885-f2e6-4fe7-9f59-4281bc130663
0,0.0031581286983252805,0.0,35.30141280041675,13.64861582080159,d95d08fe-babc-4dce-ab78-65ac70c336f0
0,0.004399076628858553,0.0,50.65098163902606,17.542770716727023,d958961b-d4e3-4b3c-8b3d-ea9901f927d6
0,0.01058352159929798,0.0,49.24456509620498,16.837974965739217,3bcf5294-ef4a-4ea1-99d2-bfe0d4ae0691
0,0.0023762715339495488,0.0,49.234456704236806,16.376557103419223,b2a38d08-478d-4fa5-a628-28616c09346d
0,2.589664709631419e-05,0.0,2.8944339943324104,1.02418225484305,bd58535a-c872-4a65-8b44-91de3c080a4d
0,0.00018511722652128203,0.0,27.814888659296315,9.986726621934721,50582a29-b872-4f17-a30d-8f4ad6440d82
0,0.30227403520647866,0.0,78.42311297264332,36.13313742191359,deb6142e-7712-4193-9c20-7fa1f387cfd5
0,2.3666803660422233,0.0,74.6480573103847,35.422712357030086,835c33f7-4295-4029-91c9-8c5f79305941
0,0.002754439695314016,0.0,11.045553526266904,4.538086481483596,1cf480e1-8058-464d-b33b-0f26d1d86f7b
0,2.2459882994430523e-05,0.0,2.606247847562158,1.0095059451395898,1feb4887-8048-479f-a137-bf0f6c23fd87
0,-2.760706531457453,0.0,2.691741123622679,1.3801172402577913,0b368e39-6f8c-4c83-93ac-9c3600517346
0,-2.0607949464258226,0.0,1.6966819026499977,0.925201633375743,50a686bb-745b-4603-a15b-6fe507485077
0,0.00018090135597124404,0.0,22.344888732091018,8.563455087443492,70fc6c96-798f-4b50-854c-348caa829516
0,0.002602246134615519,0.0,36.4138147062789,14.00866637758211,caae8401-65b9-4c1d-bb1c-4120d797f22f
0,0.01679573666040597,0.0,49.103792634314125,16.904235173235637,f09fe21e-5eb8-4919-ba0e-2e743cf77333
0,0.0053948136073917515,0.0,28.260942276582508,9.341878852251764,756dd336-1a54-4c3b-aa06-548af3ed9e0a
0,0.0024477848974402386,0.0,3.4467326797851245,2.5651200583164986,a7dc6aee-31fe-4663-b48d-2ad04410bcc0
0,-2.0529933963352267,0.0,1.7602981803892817,0.9601521093045159,9c0308c6-7241-459f-92a9-05ae218eaac4
0,4.073200766301052e-05,0.0,2.715243113185173,0.9425431251518798,53b558c0-d871-4f31-a6ca-9181ba96f2d6
0,0.0014084731155692102,0.0,18.46461261020292,9.135508809925206,9d1b6462-730f-446e-a487-1687ad4bffa6
0,-7.972651687957035,0.0,7.238511456615215,3.478366279488854,0dec716e-ec2f-44f1-8d82-6ff77516e47b
0,-22.284979715708907,0.0,22.276140073028525,19.514108394143133,73233f4d-3390-47c5-a6bb-ebb5b4cfbb3a
0,-6.768412491968352,0.0,6.768412491968352,6.737847224363335,1287b5a8-0a74-4130-9cff-c0fc36cfe593
0,-6.573774480433817,0.0,6.573774456552388,5.980846568674599,43469e2c-62a9-45c6-bf2a-a53b07c07d0b
0,-9.681645937387302,0.0,9.677297985098138,6.554382335985967,9a1b596b-32a8-40fd-847b-96284c9be384
0,-9.496794448273914,0.0,9.496776217998791,7.343342889391148,174c0767-80b6-4605-8503-fbaa0f837bbd
0,-59.954341391531536,0.0,122.50193453956679,58.882343993733244,11f353c0-f779-422a-b516-26df2f4bba5c
0,-12.34864714128331,0.0,12.348647141193894,11.3389992990038,da1c0c4f-afde-4536-ad5e-aafea9cf6539
0,-48.46817128042719,0.0,46.958888880709104,41.05482890827777,45b934b8-671f-4112-993d-52e4e3c4c04d
0,-15.063388057800879,0.0,15.048040332176415,9.76093782198325,b5c3d2d6-ce70-405d-af84-96bfc12517cb
0,-10.552213328839112,0.0,10.551657621069387,8.337053594070348,0c33e68f-4c22-4277-896a-3f076defc785
0,-2.4633905180579236,0.0,2.4633905180579236,2.198440626492659,dc1488b0-34db-4689-a367-1f5e2e271845
0,-2.589325843980709,0.0,2.5885824393047567,2.0341635000941607,20284bfd-8bcf-4bd5-93cf-d890bc7ac856
0,-179.96026002505113,0.0,242.49627598509284,137.59012941805625,8c6c40da-688a-40cb-bf9b-b90d7b71128f
0,-5.977465154818395,0.0,5.977460348444091,5.32622628176473,31692d02-1f85-4234-8c65-dfc4559d66c5
0,-9.301479476129003,0.0,9.301479473011657,8.051709430606724,b743201f-fd45-4566-925b-f6e12af38665
0,-28.9600395568884,0.0,27.65645500594427,18.476685585133023,443405e8-66ae-4c34-8ad6-375912e63d86
0,-20.783399717384157,0.0,20.594008969011213,12.31121622027544,d7c29c20-6e50-4e26-8267-8e59c527418b
0,-15.984999652411608,0.0,15.732193388930025,10.799527551615675,c28f7242-1d54-4079-9ea4-890ea0c651d0
0,-14.9627687285385,0.0,14.344162576630351,9.377662883866524,4730d5e1-d56f-416b-a3ee-ea0bc7e1d302
0,-11.137504172041458,0.0,10.562794790238037,7.758442312570402,7e2060ea-19c4-4329-be99-8f3350dd268f
0,-8.448053229418457,0.0,8.526180244013572,6.895760499249113,836c47f8-afdf-46de-b319-c7d66ac0f7f7
0,-59.97165967553221,0.0,293.91318820632307,86.34034695239824,f7ca6d61-2ba5-435e-8869-172304deb244
0,-4.930493363276873,0.0,4.8124827555049,2.5729556627237393,37a5036d-32fa-4319-bde7-9a2c037e5633
0,-7.924046686990963,0.0,7.924046423164068,7.644849305908013,f7a242e0-6f41-4bc1-9cd0-56e9d6899393
0,-7.999835211873536,0.0,8.041087157700785,6.121764690976655,317442e5-e3fa-47ca-b1c4-b8e5e15bcee5
0,-71.44825536056493,0.0,71.44825536056493,66.20155296755061,0f6f56e0-9a9b-457f-9d38-bb0bbda462eb
0,-6.7035877813974825,0.0,6.287157935866926,4.660378323261171,59806853-252d-41a0-9a6d-4202f6b1c993
0,0.003198571503500558,0.0,13.245397616064484,4.425008134356994,9350fc9a-21b5-4bc1-b5b3-93c8cee2b57e
0,-41.620844072059,0.0,33.313375981752216,19.33105938742955,03e2561f-fe11-4f04-8f62-396dfe8fe8a4
0,-14.679721463658277,0.0,14.678206275173089,11.372957179694094,2387f19b-cbb6-49b9-968d-49019ee970c7
0,-5.990013052757634,0.0,5.304534287502827,3.4389678143114724,47147051-2725-4421-b4d7-fd410bd5c65d
0,-28.66557447162285,0.0,25.786894984458293,14.342550027660193,5250fbdc-1b92-4f5b-8e21-79893a80ff20
0,-16.041353677393893,0.0,16.07310438006432,14.624642108255369,ffc7162e-5451-420e-bfb7-94a4fcdf04bd
0,-50.7310525768694,0.0,50.969144891581315,40.95702120484039,0a045b35-0fc8-437b-a0ee-0891d6d32c7e
0,-59.91508365607034,0.0,232.92127378317014,62.66041709139037,656e2d7b-e94d-47f4-84ba-4f8c982d91ff
0,-29.98814217371923,0.0,9.9873850341618,8.014771007079073,4f74d164-d514-4393-a010-a5caa9b38d9a
0,-15.621486208432703,0.0,15.619385440953,12.785547213330803,19167976-163f-4a38-b36d-b30b256edea9
0,-7.1630073135044245,0.0,7.162990653867768,5.951136729948426,dec0e857-a1f6-4fe8-8b62-5c4a4f2891c4
0,0.0013482969514719489,0.0,1222.5844339003786,251.06767805154408,fea90030-dfe9-4b8b-8a11-4e3c495d20a5
0,-2.399329419419148,0.0,2.393958769188845,1.5337140768555078,d79f1f29-a32c-43d8-bca1-a075cfb9c416
0,0.17211574723979473,0.0,52.527642737652464,19.040358090084126,35dc1e74-cda9-4738-950a-0268d969c1e9
0,-4.991750539587266,0.0,4.991749981394565,4.324324339239158,dd2112ce-bf61-4413-87fa-cfb13d8302f2
0,0.006727469259132569,0.0,1216.5095383441162,251.52977611403364,b3d25cbe-f37b-4b44-a7d4-88c482e9d27f
0,-0.4941951977501366,0.0,11.810485006248298,3.4565676841509267,ec2cbc64-b31c-45e5-8672-639333f1b805
0,0.036360342116887046,0.0,51.830205690811574,19.73562537089545,7de52cc8-4a52-451a-aac4-55a8f19b1486
0,-5.342944644646656,0.0,12.921731232534427,7.832669684673757,d215f831-0a3f-4694-a022-637e08af3525
0,0.006329718156765617,0.0,9.083866829573479,3.238051963916602,1d7361a2-ea0b-421a-98dc-56d4b2777c01
0,-5.777813814379409,0.0,6.161914397946168,3.4599252247323586,91073c65-f6d1-495f-99bf-a166255edb60
0,-1.767035156663153,0.0,1.7652753216140453,1.0370480940264502,7bedbda1-43a0-498e-9620-ec1cadd5e4ae
0,-17.9923024622941,0.0,17.52747122319117,10.513127096452182,371d2916-d290-4018-ba3d-2eefc2eb4dba
0,0.0015811611383142951,0.0,26.03159274435251,5.79833901301283,5c507493-7464-4905-9592-d7dd7c3a6173
0,-5.821075267731834,0.0,5.821075267731834,5.553889252301631,ca6b37de-c8be-4eac-bde6-f8dfaa4393db
0,0.04584299425511546,0.0,50.992445130713385,20.981852365366283,0dc62d70-db8d-4ac7-ad69-2ed1b13b4817
0,1.9850845703576105,0.0,93.35495474627395,60.419585688441494,68f3396c-0333-46cb-a643-66a34cc69b5b
0,-8.010018603497823,0.0,17.79636361062633,9.49481796871205,02df30f7-a133-43de-bebc-ae2f99b9c47c
0,-2.070781349407157,0.0,2.467092490508332,1.3386597062663836,e8df4ca9-9a14-459a-a962-06b89ffea703
0,0.00011654242087743109,0.0,23.534724869036815,4.365395602868032,bb5590b5-06be-4040-9dd3-be115aa81603
0,-5.193217831865531,0.0,5.193215151234939,4.112260996035319,cf14de41-7ce5-4e73-849f-cae8fd55fc6c
0,0.056990236955016996,0.0,18.48844350839982,7.4489179786115445,f8ac6eee-1e03-43b7-81ed-d47b0075b22e
0,-1.9111645385881972,0.0,55.27252966881897,19.848177477289045,ff30fe53-833c-4fab-ab2a-21612b21db28
0,-36.52773159811918,0.0,35.29284571104983,16.927822433788656,17205c65-396c-4e0a-8e73-75f1286ee13a
0,-3.3525928308586903,0.0,3.352538162786711,2.210661256121891,9a6446e1-716b-4c8c-9ce2-1b62c567eb12
0,2.5462283204299747,0.0,24.01527167557509,6.790444773646935,0d4e63c9-7797-4ad9-8db5-30c073194fc5
0,1.1949970795477194,0.0,51.39249518934503,18.950724362621653,09f25e62-7702-47e7-b9eb-dfc15197ce60
0,-48.967339866285855,0.0,52.31667676779297,25.436380947918998,79634d89-93e9-475a-9fb0-6ccfb92267fb
0,-19.60273140033064,0.0,34.600678088523196,21.40320799108691,1f9fb1e9-825c-4522-ba0d-28f49a018457
0,-6.275958452547133,0.0,5.9866652287804945,3.1449697544036694,9908d98f-b9a5-45fc-aedd-a8d644ae2f4a
0,0.6899265027712196,0.0,307.97861446354017,151.21009707677396,d20713b3-395c-49ac-9607-fb5348c75275
0,-20.502488162466936,0.0,57.57667499454446,20.51685847437224,929b0d3f-82ce-4530-97e9-8f1ccd1a5774
0,-1.566806918512289,0.0,2.0296624457949,1.0580508419677848,24bb9771-8fa0-4928-b205-6e2fbfdb8150
0,-60.946501010975794,0.0,58.66417562508056,31.34549660051258,a8dbfb4d-6fb1-476e-a827-fd11e1cf6e5a
0,0.002393925433172511,0.0,11.065229275528907,2.461216108948147,48dd53d9-2457-491e-b00d-f4e1d4b9fb7d
0,-5.457030625731828,0.0,47.80464345252576,10.654200797414697,e5d048a3-4864-468f-a67b-ed6c6320dc5e
0,0.025240266082477158,0.0,134.13448605985582,88.7673737203524,ebed7e26-2f9e-44c1-94d5-e9066d7e90e9
0,40.48420640067304,0.0,36.46597719285804,18.715867750923046,e84b2b7f-9aeb-4c18-a1af-a7b7fb0107e6
0,-0.030920488498413355,0.0,17.7719014418093,3.305620461007541,6a19dd97-3ab6-4aa7-9aef-036c2f7781a3
0,0.00020503935791145092,0.0,24.420137818391638,5.395144186083607,c3d05a00-cd7a-41bc-b328-0b4720459ae1
0,-4.820317100789097,0.0,4.820315418756673,3.947165711494409,7a70c5d5-a465-4f20-87da-b775b432bb78
0,-4.996895999099784,0.0,14.699424641757265,4.552541146321437,3f42baf5-a6a2-44a0-a8c9-eb4ab7d404a2
0,-2.669164842398598,0.0,2.6691547116913994,1.926642301599267,cbef6f03-77eb-4ab4-ad01-c561c65f604e
0,-16.862964291978248,0.0,15.951056720144463,8.192250835641694,e4099ea3-54d2-445f-be34-fb093e2da0db
0,-3.1596669046078683,0.0,3.1596668916829485,2.7913751054871137,890f747f-8195-4fab-b9bd-7acce06bb2f2
0,-12.455894742405947,0.0,12.386952229801437,9.122436920527326,e50ab499-e344-486e-aa66-03ad79ad3ab1
0,-9.26763220235517,0.0,9.267632202354946,7.6239237681445,03915f6a-fd12-4a0b-880e-c62a9eee9879
0,0.6995823213957657,0.0,58.563330901915364,10.589466771314518,307a5731-5b5e-4154-aa22-0d3557641fd6
0,-5.784899061558104,0.0,74.61481899865684,12.512613141842975,f1e9d2f9-282b-4f0c-933f-fdc9fd887fa1
0,-12.109199638954166,0.0,12.447795172008277,8.999052358221611,611d98d0-4517-49a6-86ae-5c4a051ded2c
0,-4.698221472694085,0.0,4.698221467700669,4.156904546738584,392b1c7a-2b50-42b4-84b0-a9340e5e872b
0,-9.345736328754674,0.0,8.478510130828878,5.825707800364585,59fe23b0-091a-4d35-aa4f-d1f3c74efad4
0,-11.774229961069352,0.0,22.540354627868858,7.474010526174269,bcd864e6-76a2-4e25-9a40-df3e5a31e7ba
0,-5.999999351153917,0.0,1613.49316058875,98.97920182651981,308a62d5-0b2f-434a-8bc6-1b681ded0dac
0,-3.5041152782269567,0.0,3.5041152782269567,3.20431364196758,fe68083c-6bd7-48db-bfe2-5023dc46d938
0,-9.999865139514126,0.0,26.603394198535483,8.60942801230384,ef5b7019-7e4f-4a40-b795-f98cd0125d67
0,-10.656549613548837,0.0,10.656549613548837,9.13114343619976,2d686a8f-c705-4ae7-a28d-e21edd003ebd
0,-11.755846160531233,0.0,11.05260671174389,7.559401777970366,3d58d9cc-66ac-4242-b61d-80837608f749
0,-13.032199519850852,0.0,13.032199519850852,10.022746956724527,842b4488-9c19-4cfb-acdb-8cb1a052cb8a
0,-15.489164934339719,0.0,15.827859198455153,8.71644326765226,148a1d29-a948-4ac5-8420-dcbab5ed810e
0,-2.325797774008632,0.0,25.393761994709102,5.265849955135977,1b08a637-d670-402d-a9b3-f035dc264e25
0,-6.321873735625406,0.0,0.9428953776808555,0.9263271538427936,19e2b275-334e-40e1-b107-afbc6748db37
0,-4.067423407704624,0.0,4.067423407704624,3.7429660728699137,292132df-ba0f-46b6-9a4d-e6a36870f0c4
0,-7.841148284371109,0.0,102.19114415404678,22.320571666847265,18e6e488-8b98-42bc-b06a-d2c75b386847
0,-13.221576331919682,0.0,12.45186180743671,5.847692853214558,367e5995-fbb6-4553-91c1-c61ca811b9ed
0,-5.268456896386756,0.0,5.268456896386543,4.18103184144185,d7084ddb-9303-4948-889c-ba167172394f
0,-6.285161014049477,0.0,6.285161014049477,5.850041243105131,898090aa-bc60-4355-b45f-5a69e6202990
0,-4.11400241695808,0.0,4.11400241695808,4.043353401055244,10bdf029-ebd3-49a4-bfe7-37cfbc5b2f09
0,-9.999244985756004,0.0,11.324692079559536,4.851381502040782,c92a86b1-02c3-4334-abea-6eff8abf0180
0,-2.6982000801324704,0.0,2.6981997229458314,2.3758590573186376,b5570d18-7424-4eee-86b1-948be71cb86d
0,-13.076916098812665,0.0,12.395458185505767,8.724954415487622,20639b01-7fea-4aea-a891-20aa09f872f7
0,-7.921912591395565,0.0,6.710704059713777,3.328739331043532,198cfda6-e39f-4905-b5e7-4b272bf2eb66
0,-5.3674383363906575,0.0,5.3674383363906575,5.305570234158134,06966410-1d26-4159-bd60-5e91452e9e08
0,-4.315528625099379,0.0,4.315528625099379,3.8917234883232674,bd6e49db-a3ee-49a3-b948-bb4dc979bd1e
0,-8.486842001349368,0.0,0.8705793848023626,0.861406944225607,d8e47fd4-7e83-47d1-87ef-287170b180b4
0,-39.45199149856757,0.0,39.45199149856757,38.27660600703731,18cc12fc-c82a-4586-8a33-02e11c30e5d5
0,-5.416801465730288,0.0,5.416801465730288,4.444013988920559,1d37e87d-9992-4e0c-bbc8-ef5b1d8edfa4
0,-2.7362973243837714,0.0,16.907362281468128,4.515686150926253,2d127a1f-954e-4a3e-b0a1-bb3ceef6c1b8
0,-7.77019708900179,0.0,0.9146968105521349,0.9092640452129479,ceaeb9f6-fce3-47ab-a157-fe29e9c9b3b8
0,-15.161076224506813,0.0,15.161076224506813,14.407067986597365,f953f421-eed9-409a-a755-3f91d0177eb6
0,-13.674691134129985,0.0,13.674677705133412,10.93443588891401,af2b47a1-3bb7-4752-8bae-7b0552602950
0,-6.434846551866443,0.0,0.9605494924223192,0.9497820376765987,f046cb72-56a7-4df5-a5d0-ec9d6e5e628a
0,-1.0913565883917298,0.0,2.090545190948275,1.0820635687750555,7fc30f8b-5a4a-45fc-beb2-96788222f796
0,-6.097017911529776,0.0,6.097017911529756,5.075071717488776,be3de248-3f34-4f1e-810d-dc2b64f7eb72
0,-9.890471827571,0.0,121.15916479061029,26.283964797056523,b02ef2a1-693b-4396-b0aa-89e9d8f24a0b
0,-9.520327094310476,0.0,2.787590111016714,0.9522136705946112,21d99adf-b729-4272-b544-73bc23669204
0,2.570672440548281e-05,0.0,21.2392526697606,9.57744662376557,7df924f7-a745-49c5-ae81-b50a446188db
0,0.012189066626377329,0.0,9.16157536705357,4.979086195159146,9107ab6f-e078-4660-bdd8-df21abbac43a
0,0.0004880621257880865,0.0,8.195773771697596,3.2332893776690548,1eced284-b275-4ca3-b2fc-81ce772f6703
0,0.004194709036999408,0.0,33.42490468034348,9.818151169311367,0968fbdf-f2be-48fe-a950-f715f3f12b06
0,0.0004355643921782848,0.0,7.52239650908795,3.651888048482536,c16b2ad0-70d5-44ae-b624-abed19e902ff
0,0.00019848685228597711,0.0,367.39582653513145,75.29998622925729,1d3b4f7b-ccbd-4b83-b9fd-738fece23c15
0,0.0025155167666096835,0.0,72.78332496776032,19.035485461443216,e85dcf09-6a04-4b56-84a6-e40839b844e9
0,0.0008904116671235537,0.0,23.392420412784496,9.253853737480386,41ec7f41-5a65-45ce-a2f5-c084aa2e1422
0,0.0010097037961673608,0.0,19.52772677623196,6.555656647419379,699c576a-d6e3-4602-b3e6-2404ca83e66e
0,0.003625985086304864,0.0,2.7021191474357544,1.514548449710018,ab5a9c3a-122f-4af3-97df-ea5d93b2c3d3
0,0.00045545928752377884,0.0,125.00067951954476,16.880588304784613,3fc53af3-c7a7-4010-8b0a-d97b6cb54e19
0,0.0015726487222285216,0.0,37.69692000686213,17.611849666623257,142a822a-aa92-4aea-b8c1-5df68f83caaa
0,0.0012292016919310481,0.0,173.07343249619427,35.30866936288248,2d203bac-a1d7-4a75-be71-9e11459eb2a4
0,0.002470014201034531,0.0,332.8932910647788,67.17278762084901,8b938bce-d3cb-4a77-825c-375d72f6d29b
0,0.004523966420140204,0.0,11.62953810533292,6.031392020147173,457e84bc-eba8-45a9-a4a8-d411617b020c
0,0.0002762546552548767,0.0,17.70391853686777,7.77015313673261,90662704-9851-41a8-8ed7-72f5e993b9ce
0,0.001550125371398626,0.0,14.708682534040646,6.306269192139733,fd7a3891-64ad-471f-8e10-39c8b6ae7b5e
0,0.00011677613155801838,0.0,7.276758640076898,4.085789645242163,57d9be25-cc6f-4081-9e30-aa2737dc9342
0,0.004896788153398989,0.0,7.175619130676654,3.936069500107255,f064e5d3-a062-4908-907c-709de759f55a
0,0.0005557536245903308,0.0,68.31485753033597,17.574993672908384,75d81739-fdb3-41ae-a89d-0ba1add80244
0,0.000766027249635282,0.0,97.33217825288268,24.734901228577574,7efee4b3-2de9-4050-afd3-311308e0b399
0,0.0015720027054916626,0.0,12.745609857537746,5.953053897479847,82bd2d85-e148-4b41-987f-41e521f34894
0,0.0025556332576470225,0.0,9.453008635186382,4.643211626302948,b2d964c3-baf5-4216-a4e1-fbf1909f93ed
0,0.00037077955933196346,0.0,153.28031093028147,39.96540072723906,03f21f89-1004-45e9-9c70-0f81f4c77edf
0,0.0002916867311861704,0.0,6.920348368062892,3.9941259546440016,6a4fb304-5192-446b-8d3e-c13b713b9930
0,0.0037028171431052817,0.0,8.536895389358722,4.488156610434482,e03f2973-a7ee-45e7-9eb4-8a3906217fc4
0,0.030125076879940635,0.0,457.71233558358307,98.30794625625268,fe2a5188-1eca-4673-8fd3-8c2e806f3e53
0,0.0003128551385025288,0.0,375.2078833568207,74.15753044015896,eafeffff-4cb7-4301-bb77-6a0a588c5189
0,0.00013624026862194382,0.0,5.251583727324506,2.5120710490526514,166dfbdd-ea94-426e-a832-e57e85542bdc
0,0.0006413324253561397,0.0,21.84137714744338,8.419639210591951,e6653185-a62e-4c89-a816-be22a74a92b7
0,0.0024472538611639626,0.0,10.190150567028454,4.272564506027445,5d85acd6-f74f-4639-b1f5-74060b1519b5
0,0.00038290567670287625,0.0,70.70676361261027,9.539343788337757,b88f1332-6e74-425f-8f3c-e46b693e47bd
0,0.0035081065100517916,0.0,511.75808648582904,102.51654956505767,ca4ae0ed-5fb2-4d33-b502-96424327530a
0,0.0012040627071132305,0.0,47.94315619338649,11.970373049818258,cc06e505-e4d6-4eb3-ae14-2d3e6ff96935
0,0.0005165134803240495,0.0,100.01811623513612,10.983276673759077,5b213c46-7738-4da8-9471-5da91cd68d1c
0,0.0007378096053141889,0.0,123.39379633388027,25.89740519463553,9aa4df4e-65fe-47c4-a667-d4acf4800937
0,0.004015123518932254,0.0,246.1823641508938,51.45640127379289,4c035a1e-8ccc-4709-9d1f-f38936d3db9e
0,0.00030422155571253504,0.0,21.552795312179928,11.277022823880861,87608efa-b841-4d9d-be89-8dd67a4a1945
0,0.001108949018542122,0.0,23.166014415941223,9.803481098944074,968d7bfb-eab0-4605-a96d-9c4e9fc4505c
0,0.002688545393477333,0.0,292.73406061392615,65.14880200368205,19db330f-d7a2-48ec-b7af-635ae9c12f0c
0,0.002349633738002034,0.0,1288.0623711567569,183.04097144282986,781babf0-7059-49c2-9a42-d2d2c3d9573e
0,0.002455365937531089,0.0,18.230827537035463,6.078885643199333,619f9ca1-b90f-4b9f-bdc3-3ad337c63eea
0,0.0015891310218517534,0.0,242.69156648595842,47.287521374683585,caabd63c-52f3-41c6-9571-f7c34980c8a4
0,0.007877339076093481,0.0,10.163388292752124,4.220339888836925,9c71ab4c-065a-465e-a43b-1e67a02e889e
0,9.801807713070008e-05,0.0,45.339146505045214,6.134026115515463,a05b336c-cc1f-48b9-91e3-909506e0689d
0,0.0021352422599737824,0.0,24.519016635879087,11.487703512693647,2fdc9fcd-443f-4af0-ba01-6f07db85a4ae
0,0.010795452356607501,0.0,30.36830471067721,13.08021130868872,3b536c71-be03-4fe5-92c7-82323d3ad1d6
0,0.0032560839241422518,0.0,32.78388168170689,7.81205260125204,ce2f4a52-38e3-4249-8528-8bf8f5f3ab00
0,0.003213032417256254,0.0,24.515193767265913,14.610469751422348,c8f3bf92-93fb-44d2-9ffd-83c4d0501f03
0,0.0026282283038095546,0.0,12.828778962093761,5.883756419943913,5612eac1-dfed-42e7-a077-33b2a02c5b69
0,-0.02738104978285292,0.0,20.279954356193997,2.5316741558576643,3439c40a-ec4a-426d-9a80-fd4b10e17e84
0,0.002357270827943502,0.0,39.8885522845936,16.88005149325399,92164774-59c4-44d0-84d4-6fa4c038530b
0,6.529208868385008e-05,0.0,111.42006663375511,23.19101226216955,2431cda6-2e6f-457e-9e74-0663192c1633
0,0.0004596932061707909,0.0,242.74935835936108,50.58496555673896,2429e51f-9980-455f-8dae-4945a32f3df4
0,0.004219797770121006,0.0,1216.405273465474,220.1789576415887,b7269e5e-67b9-41d3-a48d-17c997c42919
0,-9.991158176289433,0.0,26.767046489186882,11.41248546681107,1a166baf-2a6f-4dc9-8f77-5abb43906884
0,0.00024252457916724144,0.0,66.56959867957349,26.135325637924,cf3cc324-d950-4701-91fb-e48e97d3fea2
0,0.013745904790018072,0.0,127.99045790597602,27.919268158515717,41d63599-42ee-4f09-88d6-a1445b3e691c
0,0.001982320286330518,0.0,347.3022501559131,66.38682954653143,3aced7d6-db59-4bb7-aafe-9943a44cfda2
0,0.00046869240704083744,0.0,1235.8230934791486,226.85437716143866,1f844945-94f0-460d-8946-a21dca1419aa
0,0.0027063784069628278,0.0,61.75629069994651,16.53078251906501,cab0b393-58a1-4bfc-bf8c-3f93da3e7a33
0,0.002013928455476862,0.0,49.12180027610545,13.152731406289886,5d12a6e7-fadf-4ff1-8c0c-73248527f7a6
0,0.004696253039145384,0.0,51.62153415452418,16.65024551408205,0824c97e-e509-4791-974b-f29b3a101da8
0,0.003161312956965361,0.0,48.40728831066349,10.37373743121458,d8fe6c1c-b81f-431f-b901-1f00960933bb
0,0.002717155325067718,0.0,1233.545809857195,231.39466149898692,72199281-4c48-471a-8bda-bf7281fda8ff
0,0.01662574315800167,0.0,482.93405885610633,88.68532557230198,5b67342f-30c3-4900-933d-8b27997a5444
0,0.005440690611645232,0.0,95.14922667598165,20.61762199849794,499d873c-a37f-46a0-809b-7394a76aaff3
0,0.00046928160908192253,0.0,1225.877899250262,227.07963368097487,2ca08b03-e72f-4d20-9b1e-dd2db67c4a0f
0,0.0005131494676135777,0.0,1306.0614209292214,257.4735645895987,5530e001-9648-4d8c-85bb-2f457568c7a4
0,0.001950782783899937,0.0,169.3081866971827,23.807163897361413,65cd5354-68f9-4dc0-a9d0-bf91b313ed9d
0,0.02275805529653734,0.0,1003.5658429859525,78.64186889429946,4108e6fd-2ae8-409d-a112-09e1058be416
0,0.03471292776512845,0.0,6.969119185665058,5.0253877557921385,170b110b-db3d-4bbd-9119-2f43c08f2256
0,0.0013374033439633255,0.0,1249.1559085040321,227.03163764170213,596b7282-5efb-41c2-9f4d-350fca21b062
0,0.6700083122014031,0.0,212.65472688560791,43.83867607194624,6c605e29-0522-4b37-bd31-a2540adacb26
0,0.30509014803961954,0.0,80.3623439586722,18.65503200323631,3d954956-cdc6-4125-9118-d7993b28ed4b
0,0.02052643965062278,0.0,10.584826741307738,3.514411904094323,4856dd24-1139-46d5-b410-38d3a765888c
0,0.000759978153591371,0.0,55.823428400861154,20.79901714291189,75e94d68-4aa5-44bd-afb8-1856e982950e
0,-1.4511780588522873,0.0,30.338411662570113,10.926929266415486,7202a64f-2ee2-4248-b53c-07acdd247583
0,-52.841025154409735,0.0,52.55377860659073,45.9680199709704,363c5ba4-97b1-49bd-80c9-5c9ee132b432
0,0.24392668646373633,0.0,80.68437183776867,17.49423399006543,ca592cc0-b8a3-4c1f-b3c1-f7e955be144e
0,0.003110959371362852,0.0,58.67402926678953,21.510356926038035,82b44814-3996-4a51-a16e-4a10a67133fb
0,-1.1728060249125927,0.0,29.972014875374867,10.322957772967825,09a79441-8532-4b88-9ba9-15052acfa845
0,0.2691091734858869,0.0,89.40963055035031,28.4099595590816,2872e13c-5182-4501-830e-fe073ab7897e
0,-5.967751865715522,0.0,55.46815099511084,22.39630564073454,7074ce52-fae6-4e02-88b4-a4d7e5782e62
0,0.01057939511107478,0.0,187.56797671597482,45.69957333892861,4c0eea53-1389-4c27-bffa-b5d2495428da
0,0.15454086492952748,0.0,49.58287144086767,18.18666865115054,08daf37f-5c1d-4c91-ad1f-0590c953aeaf
0,0.0,0.0,13.830767534354795,4.204949430574081,9d01e504-0e88-44b3-8c7f-971dc3974047
0,0.00027316885439238563,0.0,14.482083473951304,4.397016631970395,1a3141eb-fbfe-4eb1-a02a-b706a22ef92f
0,0.00012129957815207434,0.0,50.67989535469837,18.11649619683,ac6b3e93-98a0-4298-a208-8b324fc8a7bf
0,0.017470083983474317,0.0,228.94030412841315,51.58668633545488,eb643243-1be2-471e-ab9a-af112d897cc9
0,0.00983207378874873,0.0,55.145897078704714,24.023217993660875,c8f27fcf-649c-4023-b964-086e7efde359
0,-0.9789575051725539,0.0,4.53509299291291,1.8147321382080646,e66e350d-aec3-46bd-9531-ad04b4223b47
0,0.00437288012999946,0.0,53.88265482293869,21.218329439009974,a9eb33dc-df8b-490d-8ee0-6bfa4c9e5ec6
0,0.0019015825046196015,0.0,62.197854268592515,17.017810254524885,be62537c-0a50-480d-aaa2-4608229a5112
